IdCliente,Città,Provincia,Cap,Sesso,Data_Nascita,Nome,Tipo,Regione,Area,Età,Gruppo_Età
1,Mantova,MN,46100,Donna,1962-05-04,Laura Valentini,Abituale,Lombardia,1,62,Da 50 a 64
2,Campobasso,CB,86100,Uomo,1987-03-04,Antonio Silvestri,Abituale,Molise,2,38,Da 30 a 39
3,Pescara,PE,65100,Uomo,1965-12-25,Riccardo Esposito,Abituale,Abruzzo,2,59,Da 50 a 64
4,Venezia,VE,30100,Donna,1999-01-13,Stefania Carbone,Occasionale,Veneto,1,26,Da 18 a 29
5,Napoli,NA,80100,Donna,1997-03-19,Cristina Galli,Occasionale,Campania,2,28,Da 18 a 29
6,Udine,UD,33100,Donna,1994-02-06,Rosa Monti,Occasionale,Friuli-Venezia Giulia,1,31,Da 30 a 39
7,Asti,AT,14100,Uomo,1972-02-08,Angelo Pagano,Abituale,Piemonte,1,53,Da 50 a 64
8,Isernia,IS,86170,Uomo,1989-12-18,Bruno Pellegrino,Abituale,Molise,2,35,Da 30 a 39
9,L'Aquila,AQ,67100,Uomo,1991-07-30,Daniele Rinaldi,Abituale,Abruzzo,2,33,Da 30 a 39
10,Messina,ME,98100,Uomo,1962-06-30,Luca Leone,Occasionale,Sicilia,3,62,Da 50 a 64
11,Gela,CL,93012,Donna,1982-10-19,Monica Colombo,Abituale,Sicilia,3,42,Da 40 a 49
12,Ascoli Piceno,AP,63100,Donna,1975-03-04,Giuseppina Ferretti,Occasionale,Marche,1,50,Da 50 a 64
13,Imperia,IM,18100,Donna,1957-07-15,Roberta Gatti,Abituale,Liguria,1,67,Oltre 64
14,Rieti,RI,02100,Donna,1999-07-21,Giorgia Gatti,Abituale,Lazio,1,25,Da 18 a 29
15,Ravenna,RA,48100,Uomo,1961-11-26,Federico Leone,Abituale,Emilia-Romagna,1,63,Da 50 a 64
16,Venezia,VE,30100,Donna,1950-08-29,Paola Basile,Abituale,Veneto,1,74,Oltre 64
17,Reggio Calabria,RC,89100,Uomo,1997-01-07,Franco Messina,Occasionale,Calabria,3,28,Da 18 a 29
18,Brindisi,BR,72100,Uomo,1992-10-11,Domenico Longo,Occasionale,Puglia,2,32,Da 30 a 39
19,Aosta,AO,11100,Donna,1983-10-31,Valentina Carli,Abituale,Valle d'Aosta,1,41,Da 40 a 49
20,Pavia,PV,27100,Uomo,1988-09-27,Sergio Bianchi,Occasionale,Lombardia,1,36,Da 30 a 39
21,Campobasso,CB,86100,Donna,1988-04-26,Lucia Grassi,Occasionale,Molise,2,37,Da 30 a 39
22,Isernia,IS,86170,Uomo,1985-01-28,Luigi D'Angelo,Abituale,Molise,2,40,Da 40 a 49
23,Oristano,OR,09170,Donna,1983-12-22,Roberta Basile,Occasionale,Sardegna,3,41,Da 40 a 49
24,Mantova,MN,46100,Donna,1969-04-11,Roberta D'Agostino,Occasionale,Lombardia,1,56,Da 50 a 64
25,Aosta,AO,11100,Donna,1995-04-06,Chiara Bruno,Abituale,Valle d'Aosta,1,30,Da 30 a 39
26,Modena,MO,41100,Donna,1955-12-20,Rita Russo,Abituale,Emilia-Romagna,1,69,Oltre 64
27,Torre del Greco,NA,80059,Donna,1960-06-02,Roberta Mancini,Occasionale,Campania,2,64,Da 50 a 64
28,Livorno,LI,57100,Donna,1966-10-04,Valeria D'Agostino,Abituale,Toscana,1,58,Da 50 a 64
29,Enna,EN,94100,Donna,1971-01-26,Elisa Messina,Abituale,Sicilia,3,54,Da 50 a 64
30,Pisa,PI,56100,Uomo,1980-09-14,Angelo Rizzo,Occasionale,Toscana,1,44,Da 40 a 49
31,Siracusa,SR,96100,Donna,1956-12-27,Silvia Carli,Abituale,Sicilia,3,68,Oltre 64
32,La Spezia,SP,19100,Uomo,1977-05-02,Domenico Sorrentino,Abituale,Liguria,1,47,Da 40 a 49
33,Padova,PD,35100,Donna,1978-01-02,Sofia Ferrari,Abituale,Veneto,1,47,Da 40 a 49
34,Sassari,SS,07100,Donna,1995-12-17,Valentina Santoro,Abituale,Sardegna,3,29,Da 18 a 29
35,Pistoia,PT,51100,Donna,1954-11-26,Margherita Orlando,Abituale,Toscana,1,70,Oltre 64
36,Grosseto,GR,58100,Uomo,1977-05-01,Enzo Ferretti,Abituale,Toscana,1,47,Da 40 a 49
37,Torino,TO,10100,Uomo,1972-04-11,Carmelo Longo,Abituale,Piemonte,1,53,Da 50 a 64
38,Brescia,BS,25100,Donna,1959-08-09,Ilaria Sala,Occasionale,Lombardia,1,65,Oltre 64
39,Frosinone,FR,03100,Uomo,1968-08-02,Stefano Arena,Occasionale,Lazio,1,56,Da 50 a 64
40,Novara,NO,28100,Uomo,1970-01-04,Enzo Orlando,Occasionale,Piemonte,1,55,Da 50 a 64
41,Prato,PO,59100,Uomo,1981-08-20,Vincenzo Mariani,Occasionale,Toscana,1,43,Da 40 a 49
42,Grosseto,GR,58100,Donna,1996-05-20,Laura De Rosa,Abituale,Toscana,1,28,Da 18 a 29
43,Treviso,TV,31100,Donna,1975-07-10,Maria Benedetti,Abituale,Veneto,1,49,Da 40 a 49
44,Andria,BT,76123,Uomo,1973-10-30,Giuseppe Santoro,Abituale,Puglia,2,51,Da 50 a 64
45,Torre del Greco,NA,80059,Uomo,1998-10-11,Riccardo Moretti,Abituale,Campania,2,26,Da 18 a 29
46,Cesena,FC,47521,Uomo,1997-11-27,Leonardo Marchetti,Abituale,Emilia-Romagna,1,27,Da 18 a 29
47,Como,CO,22100,Donna,1966-09-13,Concetta Barone,Occasionale,Lombardia,1,58,Da 50 a 64
48,Catania,CT,95100,Donna,1989-03-07,Lucia Benedetti,Occasionale,Sicilia,3,36,Da 30 a 39
49,Asti,AT,14100,Uomo,1996-05-22,Maurizio Martinelli,Occasionale,Piemonte,1,28,Da 18 a 29
50,Macerata,MC,62100,Donna,1977-07-03,Laura Ferraro,Occasionale,Marche,1,47,Da 40 a 49
51,Pesaro,PU,61100,Donna,1986-05-09,Elisabetta De Angelis,Occasionale,Marche,1,38,Da 30 a 39
52,Mantova,MN,46100,Donna,1976-11-04,Silvia Messina,Abituale,Lombardia,1,48,Da 40 a 49
53,Sesto San Giovanni,MI,20099,Uomo,1996-12-06,Bruno Rizzo,Occasionale,Lombardia,1,28,Da 18 a 29
54,Belluno,BL,32100,Donna,1988-07-03,Giuseppina Guerra,Occasionale,Veneto,1,36,Da 30 a 39
55,Pordenone,PN,33170,Donna,1983-05-05,Chiara D'Amico,Abituale,Friuli-Venezia Giulia,1,41,Da 40 a 49
56,Cesena,FC,47521,Uomo,1992-12-03,Domenico D'Angelo,Abituale,Emilia-Romagna,1,32,Da 30 a 39
57,Biella,BI,13900,Uomo,1956-08-21,Claudio Martinelli,Abituale,Piemonte,1,68,Oltre 64
58,Lucca,LU,55100,Donna,1976-07-23,Rita Caputo,Abituale,Toscana,1,48,Da 40 a 49
59,Terni,TR,05100,Donna,1981-12-31,Elena Gallo,Occasionale,Umbria,1,43,Da 40 a 49
60,Roma,RM,00100,Donna,1970-02-22,Emanuela Basile,Abituale,Lazio,1,55,Da 50 a 64
61,Nuoro,NU,08100,Donna,1996-08-26,Valeria Parisi,Occasionale,Sardegna,3,28,Da 18 a 29
62,Savona,SV,17100,Uomo,1966-10-16,Bruno Basile,Occasionale,Liguria,1,58,Da 50 a 64
63,Verona,VR,37100,Donna,1986-07-29,Elisa Carli,Abituale,Veneto,1,38,Da 30 a 39
64,Firenze,FI,50100,Donna,1964-05-18,Teresa Lombardi,Abituale,Toscana,1,60,Da 50 a 64
65,Gorizia,GO,34170,Uomo,1962-06-02,Alberto Carli,Occasionale,Friuli-Venezia Giulia,1,62,Da 50 a 64
66,Busto Arsizio,VA,21052,Donna,1974-03-01,Patrizia Monti,Abituale,Lombardia,1,51,Da 50 a 64
67,Pesaro,PU,61100,Donna,1998-05-31,Sara Rossi,Abituale,Marche,1,26,Da 18 a 29
68,Taranto,TA,74100,Uomo,1991-03-22,Franco Arena,Occasionale,Puglia,2,34,Da 30 a 39
69,Prato,PO,59100,Donna,1998-05-06,Roberta Pellegrino,Occasionale,Toscana,1,26,Da 18 a 29
70,Rieti,RI,02100,Uomo,1995-01-22,Davide Fabbri,Occasionale,Lazio,1,30,Da 30 a 39
71,Livorno,LI,57100,Donna,1951-07-06,Elisabetta Arena,Occasionale,Toscana,1,73,Oltre 64
72,Trapani,TP,91100,Uomo,1980-10-12,Angelo Farina,Occasionale,Sicilia,3,44,Da 40 a 49
73,Agrigento,AG,92100,Donna,1987-05-06,Francesca Marini,Occasionale,Sicilia,3,37,Da 30 a 39
74,Cosenza,CS,87100,Uomo,1996-06-28,Andrea Monti,Occasionale,Calabria,3,28,Da 18 a 29
75,Roma,RM,00100,Uomo,1981-02-06,Michele Lombardi,Abituale,Lazio,1,44,Da 40 a 49
76,Nuoro,NU,08100,Donna,1973-05-10,Grazia Caruso,Abituale,Sardegna,3,51,Da 50 a 64
77,Belluno,BL,32100,Uomo,1970-02-25,Bruno Lombardo,Occasionale,Veneto,1,55,Da 50 a 64
78,Caltanissetta,CL,93100,Donna,1998-06-27,Rosa Rizzo,Abituale,Sicilia,3,26,Da 18 a 29
79,Potenza,PZ,85100,Uomo,1988-05-29,Federico Serra,Abituale,Basilicata,3,36,Da 30 a 39
80,Bari,BA,70100,Uomo,1956-02-12,Sergio Mazza,Abituale,Puglia,2,69,Oltre 64
81,Novara,NO,28100,Donna,1996-07-09,Rosa Monti,Abituale,Piemonte,1,28,Da 18 a 29
82,Gorizia,GO,34170,Donna,1979-03-12,Elena De Rosa,Occasionale,Friuli-Venezia Giulia,1,46,Da 40 a 49
83,Genova,GE,16100,Uomo,1987-03-29,Giuseppe Marino,Abituale,Liguria,1,38,Da 30 a 39
84,Foggia,FG,71100,Uomo,1989-01-08,Domenico Fiore,Abituale,Puglia,2,36,Da 30 a 39
85,Firenze,FI,50100,Donna,1988-05-13,Monica Palumbo,Abituale,Toscana,1,36,Da 30 a 39
86,Monza,MB,20900,Uomo,1965-12-08,Bruno Donati,Abituale,Lombardia,1,59,Da 50 a 64
87,Enna,EN,94100,Donna,1953-09-10,Lucia Barbieri,Abituale,Sicilia,3,71,Oltre 64
88,Avellino,AV,83100,Uomo,1982-12-25,Angelo Vitale,Abituale,Campania,2,42,Da 40 a 49
89,Bologna,BO,40100,Uomo,1972-10-24,Marco Ricci,Abituale,Emilia-Romagna,1,52,Da 50 a 64
90,Siracusa,SR,96100,Donna,1983-02-05,Maria Barbieri,Abituale,Sicilia,3,42,Da 40 a 49
91,Reggio Calabria,RC,89100,Donna,1990-11-27,Giulia De Luca,Occasionale,Calabria,3,34,Da 30 a 39
92,Venezia,VE,30100,Donna,1976-12-03,Rosa Santoro,Abituale,Veneto,1,48,Da 40 a 49
93,Caltanissetta,CL,93100,Donna,1959-12-14,Giuseppina Palumbo,Occasionale,Sicilia,3,65,Oltre 64
94,Napoli,NA,80100,Uomo,1956-01-10,Sergio Giuliani,Abituale,Campania,2,69,Oltre 64
95,Prato,PO,59100,Donna,1956-07-02,Caterina Villa,Abituale,Toscana,1,68,Oltre 64
96,Enna,EN,94100,Uomo,1963-02-01,Federico Lombardi,Abituale,Sicilia,3,62,Da 50 a 64
97,Alessandria,AL,15100,Uomo,1977-08-22,Antonio Coppola,Abituale,Piemonte,1,47,Da 40 a 49
98,Lecce,LE,73100,Donna,1959-08-18,Laura Palumbo,Occasionale,Puglia,2,65,Oltre 64
99,Torino,TO,10100,Donna,1959-01-17,Patrizia Carbone,Occasionale,Piemonte,1,66,Oltre 64
100,Massa,MS,54100,Uomo,1952-02-07,Carlo De Rosa,Occasionale,Toscana,1,73,Oltre 64
101,Lodi,LO,26900,Uomo,1959-07-16,Giorgio Santoro,Occasionale,Lombardia,1,65,Oltre 64
102,Aosta,AO,11100,Donna,1969-10-15,Giovanna Mazza,Abituale,Valle d'Aosta,1,55,Da 50 a 64
103,Rimini,RN,47900,Uomo,1976-09-24,Nicola Orlando,Abituale,Emilia-Romagna,1,48,Da 40 a 49
104,Ragusa,RG,97100,Donna,1982-10-15,Grazia Sala,Occasionale,Sicilia,3,42,Da 40 a 49
105,La Spezia,SP,19100,Uomo,1987-11-28,Enzo Messina,Abituale,Liguria,1,37,Da 30 a 39
106,Reggio Calabria,RC,89100,Uomo,1988-07-09,Alessandro Fontana,Occasionale,Calabria,3,36,Da 30 a 39
107,Potenza,PZ,85100,Uomo,1992-10-18,Giorgio Giordano,Abituale,Basilicata,3,32,Da 30 a 39
108,Modena,MO,41100,Donna,1977-07-29,Elena Rossi,Abituale,Emilia-Romagna,1,47,Da 40 a 49
109,L'Aquila,AQ,67100,Donna,1967-04-09,Anna Monti,Abituale,Abruzzo,2,58,Da 50 a 64
110,Bari,BA,70100,Donna,1959-05-29,Cristina Greco,Abituale,Puglia,2,65,Oltre 64
111,Livorno,LI,57100,Uomo,1986-02-15,Daniele Gatti,Abituale,Toscana,1,39,Da 30 a 39
112,Verbania,VB,28921,Donna,1986-03-04,Stefania Gentile,Abituale,Piemonte,1,39,Da 30 a 39
113,Pordenone,PN,33170,Uomo,1999-04-02,Alberto Sala,Abituale,Friuli-Venezia Giulia,1,26,Da 18 a 29
114,Firenze,FI,50100,Uomo,1984-04-28,Emanuele Valentini,Abituale,Toscana,1,40,Da 40 a 49
115,Sesto San Giovanni,MI,20099,Uomo,1983-04-30,Michele Grassi,Abituale,Lombardia,1,41,Da 40 a 49
116,Busto Arsizio,VA,21052,Uomo,1958-05-04,Paolo Conte,Occasionale,Lombardia,1,66,Oltre 64
117,Varese,VA,21100,Donna,1953-08-22,Cristina Palumbo,Abituale,Lombardia,1,71,Oltre 64
118,Busto Arsizio,VA,21052,Uomo,1994-04-09,Leonardo Bernardi,Occasionale,Lombardia,1,31,Da 30 a 39
119,Alessandria,AL,15100,Donna,1954-08-31,Chiara Barone,Occasionale,Piemonte,1,70,Oltre 64
120,Messina,ME,98100,Uomo,1984-04-13,Pietro Esposito,Abituale,Sicilia,3,41,Da 40 a 49
121,Napoli,NA,80100,Uomo,2000-12-20,Angelo De Luca,Abituale,Campania,2,24,Da 18 a 29
122,Palermo,PA,90100,Uomo,1982-01-19,Bruno Giuliani,Occasionale,Sicilia,3,43,Da 40 a 49
123,Bologna,BO,40100,Uomo,1950-01-22,Antonio Pellegrini,Abituale,Emilia-Romagna,1,75,Oltre 64
124,Chieti,CH,66100,Uomo,1960-01-31,Fabio De Santis,Abituale,Abruzzo,2,65,Oltre 64
125,Mantova,MN,46100,Uomo,1959-04-06,Pasquale Giordano,Occasionale,Lombardia,1,66,Oltre 64
126,Parma,PR,43100,Donna,1984-09-18,Valentina Mariani,Abituale,Emilia-Romagna,1,40,Da 40 a 49
127,Andria,BT,76123,Donna,1950-11-29,Giorgia Barbieri,Abituale,Puglia,2,74,Oltre 64
128,Teramo,TE,64100,Donna,1954-06-10,Elena Marino,Abituale,Abruzzo,2,70,Oltre 64
129,Brescia,BS,25100,Donna,1960-05-05,Sara Greco,Abituale,Lombardia,1,64,Da 50 a 64
130,Pavia,PV,27100,Uomo,1959-12-14,Carlo Greco,Abituale,Lombardia,1,65,Oltre 64
131,Latina,LT,04100,Donna,1953-06-19,Elena Ferri,Abituale,Lazio,1,71,Oltre 64
132,Trento,TN,38100,Donna,1971-08-03,Chiara Orlando,Abituale,Trentino-Alto Adige,1,53,Da 50 a 64
133,Mantova,MN,46100,Donna,1985-07-20,Roberta Rizzo,Occasionale,Lombardia,1,39,Da 30 a 39
134,Vibo Valentia,VV,89900,Donna,1954-02-20,Carmela Conte,Abituale,Calabria,3,71,Oltre 64
135,Rieti,RI,02100,Donna,1987-04-15,Giovanna Romeo,Occasionale,Lazio,1,38,Da 30 a 39
136,Potenza,PZ,85100,Donna,1981-11-05,Angela Benedetti,Abituale,Basilicata,3,43,Da 40 a 49
137,Alessandria,AL,15100,Uomo,1986-01-21,Luca Pellegrini,Abituale,Piemonte,1,39,Da 30 a 39
138,Sondrio,SO,23100,Uomo,1960-07-27,Pasquale Silvestri,Occasionale,Lombardia,1,64,Da 50 a 64
139,Ancona,AN,60100,Donna,1951-10-28,Ilaria Marchetti,Occasionale,Marche,1,73,Oltre 64
140,Foggia,FG,71100,Donna,1977-04-28,Giulia D'Angelo,Abituale,Puglia,2,47,Da 40 a 49
141,Lucca,LU,55100,Uomo,1981-06-18,Antonio Marchetti,Abituale,Toscana,1,43,Da 40 a 49
142,Busto Arsizio,VA,21052,Uomo,1953-05-18,Maurizio D'Amico,Abituale,Lombardia,1,71,Oltre 64
143,Cagliari,CA,09100,Uomo,1970-12-22,Sergio Moretti,Abituale,Sardegna,3,54,Da 50 a 64
144,Rieti,RI,02100,Donna,1953-12-18,Lucia Vitale,Abituale,Lazio,1,71,Oltre 64
145,Taranto,TA,74100,Uomo,1961-06-07,Maurizio Mazza,Occasionale,Puglia,2,63,Da 50 a 64
146,Alessandria,AL,15100,Donna,1959-05-21,Stefania Bianchi,Abituale,Piemonte,1,65,Oltre 64
147,Mantova,MN,46100,Donna,1956-01-14,Angela Ferrero,Abituale,Lombardia,1,69,Oltre 64
148,Lecco,LC,23900,Donna,1979-08-18,Grazia Romeo,Abituale,Lombardia,1,45,Da 40 a 49
149,Latina,LT,04100,Uomo,1972-07-12,Roberto Rizzo,Occasionale,Lazio,1,52,Da 50 a 64
150,Brindisi,BR,72100,Uomo,1950-06-26,Marco Bellini,Abituale,Puglia,2,74,Oltre 64
151,Cesena,FC,47521,Donna,1987-06-22,Giulia Rinaldi,Abituale,Emilia-Romagna,1,37,Da 30 a 39
152,Cuneo,CN,12100,Uomo,1958-11-23,Alessandro De Angelis,Abituale,Piemonte,1,66,Oltre 64
153,Savona,SV,17100,Uomo,1988-11-09,Francesco Marino,Abituale,Liguria,1,36,Da 30 a 39
154,Cesena,FC,47521,Uomo,1950-09-06,Marco Gatti,Abituale,Emilia-Romagna,1,74,Oltre 64
155,Giugliano in Campania,NA,80014,Uomo,1962-12-28,Giuseppe Gatti,Abituale,Campania,2,62,Da 50 a 64
156,Agrigento,AG,92100,Uomo,1950-01-10,Giovanni Bianco,Abituale,Sicilia,3,75,Oltre 64
157,Nuoro,NU,08100,Donna,1978-07-26,Maria Basile,Occasionale,Sardegna,3,46,Da 40 a 49
158,Forlì,FC,47121,Uomo,1997-01-02,Leonardo Pellegrini,Occasionale,Emilia-Romagna,1,28,Da 18 a 29
159,Bari,BA,70100,Uomo,1977-07-27,Giovanni Rinaldi,Abituale,Puglia,2,47,Da 40 a 49
160,Ascoli Piceno,AP,63100,Donna,1982-07-20,Alessandra Ruggiero,Occasionale,Marche,1,42,Da 40 a 49
161,Lecco,LC,23900,Donna,1964-04-02,Silvia Neri,Abituale,Lombardia,1,61,Da 50 a 64
162,Barletta,BT,76121,Donna,1957-06-12,Patrizia Ferrari,Occasionale,Puglia,2,67,Oltre 64
163,Treviso,TV,31100,Donna,1961-11-30,Emanuela Farina,Occasionale,Veneto,1,63,Da 50 a 64
164,Andria,BT,76123,Uomo,1978-06-30,Daniele Benedetti,Abituale,Puglia,2,46,Da 40 a 49
165,Genova,GE,16100,Donna,1967-06-19,Maria Fiore,Occasionale,Liguria,1,57,Da 50 a 64
166,Treviso,TV,31100,Uomo,1996-02-08,Massimo Sala,Abituale,Veneto,1,29,Da 18 a 29
167,Potenza,PZ,85100,Uomo,1958-03-24,Daniele Donati,Occasionale,Basilicata,3,67,Oltre 64
168,Cosenza,CS,87100,Uomo,1964-02-02,Salvatore Ferrara,Occasionale,Calabria,3,61,Da 50 a 64
169,Marsala,TP,91025,Uomo,1952-06-14,Pasquale Marino,Abituale,Sicilia,3,72,Oltre 64
170,Palermo,PA,90100,Donna,1993-05-28,Paola Ferretti,Occasionale,Sicilia,3,31,Da 30 a 39
171,Caltanissetta,CL,93100,Uomo,1988-11-26,Pietro Parisi,Occasionale,Sicilia,3,36,Da 30 a 39
172,Foggia,FG,71100,Donna,1968-04-15,Roberta Basile,Occasionale,Puglia,2,57,Da 50 a 64
173,Latina,LT,04100,Donna,1966-02-27,Maria Franco,Abituale,Lazio,1,59,Da 50 a 64
174,Verona,VR,37100,Donna,1966-12-09,Elisa Rossetti,Abituale,Veneto,1,58,Da 50 a 64
175,Asti,AT,14100,Donna,1975-10-19,Concetta Pagano,Occasionale,Piemonte,1,49,Da 40 a 49
176,Monza,MB,20900,Donna,1966-11-19,Giovanna Arena,Occasionale,Lombardia,1,58,Da 50 a 64
177,Lucca,LU,55100,Uomo,1967-10-10,Pietro Sorrentino,Abituale,Toscana,1,57,Da 50 a 64
178,Lucca,LU,55100,Donna,1996-11-24,Grazia Mazza,Occasionale,Toscana,1,28,Da 18 a 29
179,Padova,PD,35100,Donna,1998-03-07,Giovanna Parisi,Occasionale,Veneto,1,27,Da 18 a 29
180,Matera,MT,75100,Uomo,1986-02-09,Daniele Franco,Occasionale,Basilicata,3,39,Da 30 a 39
181,Monza,MB,20900,Donna,1968-06-06,Ilaria Rossi,Abituale,Lombardia,1,56,Da 50 a 64
182,Como,CO,22100,Uomo,1986-12-18,Fabio Lombardi,Occasionale,Lombardia,1,38,Da 30 a 39
183,Trapani,TP,91100,Donna,1968-11-26,Chiara Gallo,Abituale,Sicilia,3,56,Da 50 a 64
184,Belluno,BL,32100,Donna,1988-01-10,Giorgia Coppola,Abituale,Veneto,1,37,Da 30 a 39
185,Venezia,VE,30100,Donna,1969-09-05,Cristina Ferraro,Abituale,Veneto,1,55,Da 50 a 64
186,Sesto San Giovanni,MI,20099,Donna,1951-04-30,Paola Ruggiero,Abituale,Lombardia,1,73,Oltre 64
187,Viterbo,VT,01100,Donna,1956-12-22,Margherita Donati,Occasionale,Lazio,1,68,Oltre 64
188,Vibo Valentia,VV,89900,Donna,1964-02-19,Cristina De Luca,Abituale,Calabria,3,61,Da 50 a 64
189,Caltanissetta,CL,93100,Donna,2000-06-12,Margherita Messina,Abituale,Sicilia,3,24,Da 18 a 29
190,Piacenza,PC,29100,Uomo,1957-02-14,Carlo Franco,Abituale,Emilia-Romagna,1,68,Oltre 64
191,Lodi,LO,26900,Donna,1953-06-22,Giorgia Vitale,Abituale,Lombardia,1,71,Oltre 64
192,Torre del Greco,NA,80059,Donna,1971-11-25,Antonella Monti,Occasionale,Campania,2,53,Da 50 a 64
193,Frosinone,FR,03100,Donna,1986-07-15,Elena Giordano,Abituale,Lazio,1,38,Da 30 a 39
194,Pordenone,PN,33170,Donna,1980-11-25,Giovanna Bernardi,Abituale,Friuli-Venezia Giulia,1,44,Da 40 a 49
195,Biella,BI,13900,Uomo,1950-02-22,Bruno Ferri,Abituale,Piemonte,1,75,Oltre 64
196,Vicenza,VI,36100,Donna,1989-09-19,Elisa Gallo,Occasionale,Veneto,1,35,Da 30 a 39
197,Trento,TN,38100,Uomo,1952-08-31,Alessandro Ruggiero,Occasionale,Trentino-Alto Adige,1,72,Oltre 64
198,Caserta,CE,81100,Donna,1956-05-26,Chiara Leone,Abituale,Campania,2,68,Oltre 64
199,La Spezia,SP,19100,Uomo,1962-12-25,Maurizio Pellegrino,Abituale,Liguria,1,62,Da 50 a 64
200,Pisa,PI,56100,Donna,1954-10-06,Silvia Colombo,Abituale,Toscana,1,70,Oltre 64
201,Caltanissetta,CL,93100,Donna,1981-03-20,Angela Ferrari,Abituale,Sicilia,3,44,Da 40 a 49
202,Rieti,RI,02100,Donna,1992-02-22,Alessandra Gentile,Abituale,Lazio,1,33,Da 30 a 39
203,Brescia,BS,25100,Uomo,2000-11-14,Emanuele Basile,Abituale,Lombardia,1,24,Da 18 a 29
204,Terni,TR,05100,Uomo,1971-09-13,Alessandro Rinaldi,Occasionale,Umbria,1,53,Da 50 a 64
205,Trapani,TP,91100,Donna,1958-05-14,Elisabetta Gentile,Occasionale,Sicilia,3,66,Oltre 64
206,Mantova,MN,46100,Uomo,1972-06-23,Carlo Romeo,Abituale,Lombardia,1,52,Da 50 a 64
207,Caltanissetta,CL,93100,Uomo,1951-03-21,Alberto Ferrari,Abituale,Sicilia,3,74,Oltre 64
208,Pesaro,PU,61100,Uomo,1969-12-22,Francesco Ferraro,Abituale,Marche,1,55,Da 50 a 64
209,Sondrio,SO,23100,Uomo,1993-10-19,Angelo Rinaldi,Occasionale,Lombardia,1,31,Da 30 a 39
210,Verona,VR,37100,Uomo,1991-08-12,Bruno Rossi,Abituale,Veneto,1,33,Da 30 a 39
211,Cremona,CR,26100,Uomo,1990-06-20,Giovanni Marchetti,Abituale,Lombardia,1,34,Da 30 a 39
212,Vercelli,VC,13100,Uomo,1995-09-08,Davide Galli,Occasionale,Piemonte,1,29,Da 18 a 29
213,Perugia,PG,06100,Donna,1967-11-25,Giulia D'Agostino,Abituale,Umbria,1,57,Da 50 a 64
214,Verbania,VB,28921,Donna,1981-12-12,Carmela Basile,Abituale,Piemonte,1,43,Da 40 a 49
215,Nuoro,NU,08100,Donna,1951-04-10,Sofia Pellegrino,Occasionale,Sardegna,3,74,Oltre 64
216,Firenze,FI,50100,Donna,1973-09-26,Laura De Rosa,Abituale,Toscana,1,51,Da 50 a 64
217,Venezia,VE,30100,Donna,1973-11-12,Claudia Amato,Occasionale,Veneto,1,51,Da 50 a 64
218,Modena,MO,41100,Donna,1994-12-14,Caterina Caruso,Occasionale,Emilia-Romagna,1,30,Da 30 a 39
219,Caserta,CE,81100,Donna,1972-05-16,Emanuela Silvestri,Abituale,Campania,2,52,Da 50 a 64
220,Vercelli,VC,13100,Uomo,1985-12-26,Nicola Marchetti,Abituale,Piemonte,1,39,Da 30 a 39
221,Ascoli Piceno,AP,63100,Donna,1953-12-10,Rita Ferrari,Occasionale,Marche,1,71,Oltre 64
222,Ascoli Piceno,AP,63100,Donna,1966-10-24,Paola Sorrentino,Abituale,Marche,1,58,Da 50 a 64
223,Agrigento,AG,92100,Uomo,1954-01-04,Massimo Conte,Abituale,Sicilia,3,71,Oltre 64
224,Nuoro,NU,08100,Uomo,1987-05-10,Michele Bernardi,Abituale,Sardegna,3,37,Da 30 a 39
225,Vibo Valentia,VV,89900,Donna,1995-03-11,Roberta Carli,Abituale,Calabria,3,30,Da 30 a 39
226,Cremona,CR,26100,Uomo,1963-05-25,Davide Ferretti,Abituale,Lombardia,1,61,Da 50 a 64
227,Monza,MB,20900,Uomo,1984-04-08,Vincenzo Martinelli,Occasionale,Lombardia,1,41,Da 40 a 49
228,Ragusa,RG,97100,Uomo,1981-09-02,Riccardo Palumbo,Abituale,Sicilia,3,43,Da 40 a 49
229,Giugliano in Campania,NA,80014,Donna,1955-02-20,Cristina Basile,Abituale,Campania,2,70,Oltre 64
230,Brindisi,BR,72100,Donna,1995-09-17,Elisabetta Grassi,Abituale,Puglia,2,29,Da 18 a 29
231,Sesto San Giovanni,MI,20099,Uomo,1990-11-10,Michele Grasso,Occasionale,Lombardia,1,34,Da 30 a 39
232,Verona,VR,37100,Donna,1982-11-08,Elena Lombardi,Abituale,Veneto,1,42,Da 40 a 49
233,Asti,AT,14100,Uomo,1956-11-12,Maurizio Costa,Occasionale,Piemonte,1,68,Oltre 64
234,Perugia,PG,06100,Uomo,1971-02-10,Luca Morelli,Abituale,Umbria,1,54,Da 50 a 64
235,Lodi,LO,26900,Donna,1987-02-19,Elisa Villa,Occasionale,Lombardia,1,38,Da 30 a 39
236,Gela,CL,93012,Uomo,1951-12-14,Giuseppe Benedetti,Occasionale,Sicilia,3,73,Oltre 64
237,L'Aquila,AQ,67100,Donna,1987-05-14,Margherita Ruggiero,Abituale,Abruzzo,2,37,Da 30 a 39
238,Oristano,OR,09170,Donna,1971-04-28,Antonella Sanna,Occasionale,Sardegna,3,53,Da 50 a 64
239,Imperia,IM,18100,Uomo,1969-02-01,Giuseppe D'Agostino,Abituale,Liguria,1,56,Da 50 a 64
240,Pordenone,PN,33170,Uomo,1994-01-12,Carmelo Caputo,Abituale,Friuli-Venezia Giulia,1,31,Da 30 a 39
241,Vercelli,VC,13100,Uomo,1997-07-17,Maurizio Basile,Abituale,Piemonte,1,27,Da 18 a 29
242,Lucca,LU,55100,Uomo,1950-08-11,Daniele Gatti,Abituale,Toscana,1,74,Oltre 64
243,Lecce,LE,73100,Donna,1985-12-10,Chiara Carbone,Abituale,Puglia,2,39,Da 30 a 39
244,Cremona,CR,26100,Donna,1989-06-01,Angela Palumbo,Occasionale,Lombardia,1,35,Da 30 a 39
245,Sassari,SS,07100,Donna,1979-09-12,Giulia Carli,Occasionale,Sardegna,3,45,Da 40 a 49
246,Torre del Greco,NA,80059,Donna,1997-08-18,Monica Romano,Abituale,Campania,2,27,Da 18 a 29
247,Milano,MI,20100,Donna,1973-10-07,Silvia Ferretti,Occasionale,Lombardia,1,51,Da 50 a 64
248,L'Aquila,AQ,67100,Uomo,1959-08-06,Salvatore Arena,Abituale,Abruzzo,2,65,Oltre 64
249,Gela,CL,93012,Uomo,1953-05-21,Maurizio Morelli,Occasionale,Sicilia,3,71,Oltre 64
250,Foggia,FG,71100,Uomo,1979-08-04,Daniele Sala,Abituale,Puglia,2,45,Da 40 a 49
251,Cuneo,CN,12100,Uomo,1980-01-24,Sergio Rizzo,Abituale,Piemonte,1,45,Da 40 a 49
252,Brindisi,BR,72100,Donna,1981-09-30,Giulia Vitale,Abituale,Puglia,2,43,Da 40 a 49
253,Oristano,OR,09170,Donna,1988-03-29,Ilaria Conti,Abituale,Sardegna,3,37,Da 30 a 39
254,La Spezia,SP,19100,Donna,1970-09-25,Rita De Angelis,Occasionale,Liguria,1,54,Da 50 a 64
255,Rieti,RI,02100,Donna,1959-03-23,Laura Marchetti,Occasionale,Lazio,1,66,Oltre 64
256,Macerata,MC,62100,Donna,1995-06-08,Giulia Martini,Abituale,Marche,1,29,Da 18 a 29
257,Varese,VA,21100,Uomo,1963-06-02,Alberto Caruso,Abituale,Lombardia,1,61,Da 50 a 64
258,Siena,SI,53100,Uomo,1969-11-28,Luigi Palumbo,Abituale,Toscana,1,55,Da 50 a 64
259,Napoli,NA,80100,Uomo,1968-06-18,Michele Sanna,Occasionale,Campania,2,56,Da 50 a 64
260,Cesena,FC,47521,Donna,1959-10-03,Silvia Mariani,Abituale,Emilia-Romagna,1,65,Oltre 64
261,Vercelli,VC,13100,Donna,1963-12-26,Giovanna Coppola,Abituale,Piemonte,1,61,Da 50 a 64
262,Catania,CT,95100,Donna,1990-12-22,Teresa Villa,Abituale,Sicilia,3,34,Da 30 a 39
263,Oristano,OR,09170,Donna,1962-10-21,Angela Carbone,Abituale,Sardegna,3,62,Da 50 a 64
264,Brescia,BS,25100,Donna,1978-07-17,Emanuela Caputo,Abituale,Lombardia,1,46,Da 40 a 49
265,Oristano,OR,09170,Uomo,1965-01-08,Fabio Neri,Abituale,Sardegna,3,60,Da 50 a 64
266,Ferrara,FE,44100,Uomo,1989-04-13,Dario Basile,Abituale,Emilia-Romagna,1,36,Da 30 a 39
267,Lucca,LU,55100,Uomo,1983-08-14,Riccardo Ricci,Abituale,Toscana,1,41,Da 40 a 49
268,Imperia,IM,18100,Uomo,1962-01-24,Riccardo Fabbri,Abituale,Liguria,1,63,Da 50 a 64
269,Catanzaro,CZ,88100,Uomo,1974-11-14,Stefano Esposito,Abituale,Calabria,3,50,Da 50 a 64
270,Cuneo,CN,12100,Uomo,1990-03-06,Giorgio Caputo,Abituale,Piemonte,1,35,Da 30 a 39
271,Enna,EN,94100,Donna,1977-03-15,Giovanna Rinaldi,Abituale,Sicilia,3,48,Da 40 a 49
272,Bergamo,BG,24100,Uomo,1966-01-15,Nicola Farina,Abituale,Lombardia,1,59,Da 50 a 64
273,Rimini,RN,47900,Donna,1972-02-19,Claudia Bruno,Occasionale,Emilia-Romagna,1,53,Da 50 a 64
274,Treviso,TV,31100,Uomo,1993-08-24,Pasquale Bernardi,Abituale,Veneto,1,31,Da 30 a 39
275,Ragusa,RG,97100,Uomo,1986-06-09,Massimo Donati,Abituale,Sicilia,3,38,Da 30 a 39
276,Reggio Calabria,RC,89100,Donna,1980-05-09,Simona Serra,Abituale,Calabria,3,44,Da 40 a 49
277,Genova,GE,16100,Uomo,1955-06-29,Massimo Gatti,Abituale,Liguria,1,69,Oltre 64
278,Brindisi,BR,72100,Donna,1953-06-19,Rita Fiore,Abituale,Puglia,2,71,Oltre 64
279,Foggia,FG,71100,Uomo,1965-11-19,Massimo Lombardi,Abituale,Puglia,2,59,Da 50 a 64
280,Rovigo,RO,45100,Uomo,1973-11-16,Enzo Gatti,Abituale,Veneto,1,51,Da 50 a 64
281,Latina,LT,04100,Donna,1964-08-19,Stefania Basile,Occasionale,Lazio,1,60,Da 50 a 64
282,Lecco,LC,23900,Uomo,1970-09-21,Maurizio Lombardi,Abituale,Lombardia,1,54,Da 50 a 64
283,Arezzo,AR,52100,Donna,1982-11-03,Carmela Palumbo,Occasionale,Toscana,1,42,Da 40 a 49
284,Biella,BI,13900,Uomo,1960-12-11,Roberto Conte,Abituale,Piemonte,1,64,Da 50 a 64
285,Reggio Emilia,RE,42100,Donna,1965-10-14,Sara Gallo,Abituale,Emilia-Romagna,1,59,Da 50 a 64
286,Potenza,PZ,85100,Donna,1969-04-27,Valeria Caputo,Abituale,Basilicata,3,56,Da 50 a 64
287,Andria,BT,76123,Donna,1974-12-01,Valeria Galli,Occasionale,Puglia,2,50,Da 50 a 64
288,Imperia,IM,18100,Uomo,1998-04-15,Francesco Conte,Abituale,Liguria,1,27,Da 18 a 29
289,Bergamo,BG,24100,Uomo,1983-04-07,Luca Amato,Abituale,Lombardia,1,42,Da 40 a 49
290,Pordenone,PN,33170,Uomo,1954-10-10,Maurizio Martini,Abituale,Friuli-Venezia Giulia,1,70,Oltre 64
291,Foggia,FG,71100,Uomo,1997-06-28,Francesco Valentini,Abituale,Puglia,2,27,Da 18 a 29
292,Foggia,FG,71100,Uomo,1991-08-27,Riccardo Donati,Abituale,Puglia,2,33,Da 30 a 39
293,Taranto,TA,74100,Uomo,1991-07-16,Enzo Arena,Abituale,Puglia,2,33,Da 30 a 39
294,Trento,TN,38100,Uomo,1974-10-18,Luigi Cattaneo,Abituale,Trentino-Alto Adige,1,50,Da 50 a 64
295,Teramo,TE,64100,Donna,1984-09-04,Monica De Luca,Abituale,Abruzzo,2,40,Da 40 a 49
296,Brindisi,BR,72100,Uomo,1999-12-12,Paolo Donati,Abituale,Puglia,2,25,Da 18 a 29
297,Agrigento,AG,92100,Donna,1990-07-11,Ilaria Lombardi,Abituale,Sicilia,3,34,Da 30 a 39
298,Lucca,LU,55100,Donna,1973-08-17,Ilaria Pagano,Abituale,Toscana,1,51,Da 50 a 64
299,Barletta,BT,76121,Donna,1980-06-22,Francesca Bellini,Abituale,Puglia,2,44,Da 40 a 49
300,Imperia,IM,18100,Uomo,1970-08-14,Giovanni Amato,Occasionale,Liguria,1,54,Da 50 a 64
301,Genova,GE,16100,Donna,1958-05-31,Carmela D'Agostino,Abituale,Liguria,1,66,Oltre 64
302,Aosta,AO,11100,Uomo,1968-08-14,Massimo Messina,Occasionale,Valle d'Aosta,1,56,Da 50 a 64
303,Sesto San Giovanni,MI,20099,Donna,1955-05-16,Cristina Neri,Abituale,Lombardia,1,69,Oltre 64
304,Bari,BA,70100,Donna,1977-10-14,Ilaria Mancini,Occasionale,Puglia,2,47,Da 40 a 49
305,Trieste,TS,34100,Uomo,1958-11-13,Bruno D'Amico,Abituale,Friuli-Venezia Giulia,1,66,Oltre 64
306,Siena,SI,53100,Donna,1999-02-02,Giulia Ricci,Occasionale,Toscana,1,26,Da 18 a 29
307,Genova,GE,16100,Uomo,1995-03-18,Pietro De Rosa,Abituale,Liguria,1,30,Da 30 a 39
308,Lodi,LO,26900,Uomo,1959-02-11,Daniele Guerra,Occasionale,Lombardia,1,66,Oltre 64
309,Lucca,LU,55100,Donna,1969-10-19,Federica Martini,Abituale,Toscana,1,55,Da 50 a 64
310,Venezia,VE,30100,Donna,1961-06-19,Patrizia D'Angelo,Abituale,Veneto,1,63,Da 50 a 64
311,Frosinone,FR,03100,Donna,1952-09-24,Chiara Ruggiero,Abituale,Lazio,1,72,Oltre 64
312,Padova,PD,35100,Uomo,1956-06-06,Massimo Basile,Occasionale,Veneto,1,68,Oltre 64
313,Messina,ME,98100,Donna,1954-06-06,Angela D'Angelo,Abituale,Sicilia,3,70,Oltre 64
314,Vercelli,VC,13100,Donna,1957-10-14,Lucia Bernardi,Abituale,Piemonte,1,67,Oltre 64
315,Pesaro,PU,61100,Donna,1995-03-19,Concetta Ferraro,Abituale,Marche,1,30,Da 30 a 39
316,Verona,VR,37100,Uomo,1962-08-04,Luca Lombardi,Abituale,Veneto,1,62,Da 50 a 64
317,La Spezia,SP,19100,Uomo,1996-03-17,Mario Ferrari,Occasionale,Liguria,1,29,Da 18 a 29
318,Milano,MI,20100,Donna,1966-04-30,Emanuela Benedetti,Abituale,Lombardia,1,58,Da 50 a 64
319,Teramo,TE,64100,Donna,1987-09-13,Ilaria Bianco,Abituale,Abruzzo,2,37,Da 30 a 39
320,Palermo,PA,90100,Donna,1997-06-24,Laura Monti,Abituale,Sicilia,3,27,Da 18 a 29
321,Cremona,CR,26100,Uomo,2000-12-17,Federico Neri,Occasionale,Lombardia,1,24,Da 18 a 29
322,Prato,PO,59100,Uomo,1956-08-03,Davide Giordano,Abituale,Toscana,1,68,Oltre 64
323,Cesena,FC,47521,Uomo,1988-11-15,Daniele Ferretti,Abituale,Emilia-Romagna,1,36,Da 30 a 39
324,Savona,SV,17100,Donna,1962-06-04,Valentina Gatti,Occasionale,Liguria,1,62,Da 50 a 64
325,Ravenna,RA,48100,Donna,1979-06-11,Giorgia Bruno,Abituale,Emilia-Romagna,1,45,Da 40 a 49
326,Napoli,NA,80100,Uomo,1972-10-12,Alessandro Caputo,Occasionale,Campania,2,52,Da 50 a 64
327,Sesto San Giovanni,MI,20099,Donna,1990-01-26,Margherita Gatti,Abituale,Lombardia,1,35,Da 30 a 39
328,Piacenza,PC,29100,Uomo,1979-08-29,Sergio Mazza,Abituale,Emilia-Romagna,1,45,Da 40 a 49
329,Padova,PD,35100,Uomo,1985-10-10,Emanuele Pellegrini,Abituale,Veneto,1,39,Da 30 a 39
330,Crotone,KR,88900,Donna,1971-09-23,Monica Sorrentino,Abituale,Calabria,3,53,Da 50 a 64
331,Trento,TN,38100,Donna,1978-04-05,Roberta Sanna,Abituale,Trentino-Alto Adige,1,47,Da 40 a 49
332,Pavia,PV,27100,Donna,1996-12-14,Chiara Guerra,Abituale,Lombardia,1,28,Da 18 a 29
333,Taranto,TA,74100,Uomo,1986-05-31,Antonio Rizzi,Abituale,Puglia,2,38,Da 30 a 39
334,Napoli,NA,80100,Donna,1957-11-21,Chiara Coppola,Abituale,Campania,2,67,Oltre 64
335,Trapani,TP,91100,Uomo,1979-04-09,Massimo D'Angelo,Occasionale,Sicilia,3,46,Da 40 a 49
336,Verbania,VB,28921,Donna,1990-05-09,Roberta De Rosa,Occasionale,Piemonte,1,34,Da 30 a 39
337,Macerata,MC,62100,Donna,1977-06-28,Rita Sanna,Abituale,Marche,1,47,Da 40 a 49
338,Pescara,PE,65100,Donna,1981-05-17,Anna Basile,Abituale,Abruzzo,2,43,Da 40 a 49
339,Ferrara,FE,44100,Uomo,1963-10-31,Federico Ferretti,Occasionale,Emilia-Romagna,1,61,Da 50 a 64
340,Nuoro,NU,08100,Uomo,1963-08-28,Carlo Serra,Abituale,Sardegna,3,61,Da 50 a 64
341,Sesto San Giovanni,MI,20099,Uomo,1952-04-14,Claudio Benedetti,Abituale,Lombardia,1,73,Oltre 64
342,Nuoro,NU,08100,Uomo,1980-03-26,Carmelo Bellini,Abituale,Sardegna,3,45,Da 40 a 49
343,Massa,MS,54100,Donna,1987-03-17,Giulia Romeo,Abituale,Toscana,1,38,Da 30 a 39
344,Parma,PR,43100,Donna,1967-08-20,Giovanna Monti,Abituale,Emilia-Romagna,1,57,Da 50 a 64
345,Piacenza,PC,29100,Uomo,1995-04-13,Maurizio Bruno,Occasionale,Emilia-Romagna,1,30,Da 30 a 39
346,Massa,MS,54100,Donna,1998-08-11,Sara Sorrentino,Abituale,Toscana,1,26,Da 18 a 29
347,Marsala,TP,91025,Uomo,1972-04-08,Andrea Bellini,Abituale,Sicilia,3,53,Da 50 a 64
348,Vicenza,VI,36100,Uomo,1966-07-01,Claudio Messina,Abituale,Veneto,1,58,Da 50 a 64
349,Torre del Greco,NA,80059,Donna,1995-10-17,Antonella Gallo,Abituale,Campania,2,29,Da 18 a 29
350,Rovigo,RO,45100,Donna,1979-07-21,Valeria Coppola,Occasionale,Veneto,1,45,Da 40 a 49
351,Biella,BI,13900,Uomo,1979-10-07,Andrea Costa,Abituale,Piemonte,1,45,Da 40 a 49
352,Gorizia,GO,34170,Donna,1998-08-24,Claudia Moretti,Occasionale,Friuli-Venezia Giulia,1,26,Da 18 a 29
353,Bergamo,BG,24100,Uomo,1989-04-09,Francesco Gatti,Occasionale,Lombardia,1,36,Da 30 a 39
354,Rieti,RI,02100,Donna,1992-12-04,Silvia Vitale,Occasionale,Lazio,1,32,Da 30 a 39
355,Arezzo,AR,52100,Uomo,1995-05-29,Paolo D'Agostino,Abituale,Toscana,1,29,Da 18 a 29
356,Rimini,RN,47900,Donna,1998-07-15,Ilaria Giuliani,Abituale,Emilia-Romagna,1,26,Da 18 a 29
357,Gela,CL,93012,Uomo,1997-08-05,Giorgio De Santis,Abituale,Sicilia,3,27,Da 18 a 29
358,Avellino,AV,83100,Uomo,1973-01-02,Enzo D'Angelo,Occasionale,Campania,2,52,Da 50 a 64
359,Pordenone,PN,33170,Donna,1987-07-11,Monica Bellini,Occasionale,Friuli-Venezia Giulia,1,37,Da 30 a 39
360,Campobasso,CB,86100,Donna,1970-12-02,Stefania Cattaneo,Abituale,Molise,2,54,Da 50 a 64
361,Livorno,LI,57100,Uomo,1976-11-26,Michele Fontana,Occasionale,Toscana,1,48,Da 40 a 49
362,Cosenza,CS,87100,Donna,1958-08-01,Simona Cattaneo,Abituale,Calabria,3,66,Oltre 64
363,Piacenza,PC,29100,Uomo,1961-10-11,Massimo Palumbo,Abituale,Emilia-Romagna,1,63,Da 50 a 64
364,Pistoia,PT,51100,Donna,1950-12-20,Lucia D'Agostino,Abituale,Toscana,1,74,Oltre 64
365,Reggio Emilia,RE,42100,Donna,1975-11-07,Sara Testa,Abituale,Emilia-Romagna,1,49,Da 40 a 49
366,Chieti,CH,66100,Donna,2000-01-08,Alessandra Gatti,Abituale,Abruzzo,2,25,Da 18 a 29
367,Marsala,TP,91025,Donna,1975-10-25,Grazia Bruno,Occasionale,Sicilia,3,49,Da 40 a 49
368,Torre del Greco,NA,80059,Donna,1962-07-19,Lucia Ferretti,Occasionale,Campania,2,62,Da 50 a 64
369,Rieti,RI,02100,Donna,1965-11-22,Emanuela Colombo,Occasionale,Lazio,1,59,Da 50 a 64
370,Perugia,PG,06100,Donna,1956-09-25,Elisa Rizzo,Abituale,Umbria,1,68,Oltre 64
371,Crotone,KR,88900,Donna,1989-02-09,Concetta Testa,Occasionale,Calabria,3,36,Da 30 a 39
372,Catanzaro,CZ,88100,Donna,1956-05-26,Elisabetta Orlando,Occasionale,Calabria,3,68,Oltre 64
373,Lecco,LC,23900,Donna,1977-06-10,Francesca Sala,Abituale,Lombardia,1,47,Da 40 a 49
374,Taranto,TA,74100,Donna,1981-06-08,Valeria Valentini,Abituale,Puglia,2,43,Da 40 a 49
375,Prato,PO,59100,Uomo,1974-09-28,Paolo Gallo,Abituale,Toscana,1,50,Da 50 a 64
376,Verona,VR,37100,Donna,1981-12-30,Emanuela Rossi,Abituale,Veneto,1,43,Da 40 a 49
377,Modena,MO,41100,Uomo,1995-04-13,Michele Ferretti,Occasionale,Emilia-Romagna,1,30,Da 30 a 39
378,Alessandria,AL,15100,Donna,1991-04-07,Margherita D'Angelo,Abituale,Piemonte,1,34,Da 30 a 39
379,Mantova,MN,46100,Donna,1967-02-18,Francesca Costa,Abituale,Lombardia,1,58,Da 50 a 64
380,Cosenza,CS,87100,Donna,1961-02-17,Maria Leone,Abituale,Calabria,3,64,Da 50 a 64
381,Isernia,IS,86170,Donna,1969-08-24,Anna Mazza,Abituale,Molise,2,55,Da 50 a 64
382,Vercelli,VC,13100,Uomo,1975-08-24,Riccardo Rizzo,Abituale,Piemonte,1,49,Da 40 a 49
383,Bari,BA,70100,Donna,1975-09-26,Giulia Marini,Abituale,Puglia,2,49,Da 40 a 49
384,Viterbo,VT,01100,Uomo,1965-06-08,Michele Franco,Abituale,Lazio,1,59,Da 50 a 64
385,Parma,PR,43100,Donna,1981-08-04,Giulia D'Amico,Occasionale,Emilia-Romagna,1,43,Da 40 a 49
386,Frosinone,FR,03100,Donna,1972-09-03,Lucia Sorrentino,Occasionale,Lazio,1,52,Da 50 a 64
387,Fermo,FM,63900,Uomo,1993-11-05,Domenico Franco,Abituale,Marche,1,31,Da 30 a 39
388,La Spezia,SP,19100,Uomo,1968-02-03,Mario Caruso,Abituale,Liguria,1,57,Da 50 a 64
389,Lecce,LE,73100,Uomo,1962-01-05,Riccardo Caputo,Occasionale,Puglia,2,63,Da 50 a 64
390,Alessandria,AL,15100,Uomo,1972-01-03,Carmelo D'Angelo,Abituale,Piemonte,1,53,Da 50 a 64
391,Oristano,OR,09170,Donna,1953-05-18,Giuseppina Gatti,Abituale,Sardegna,3,71,Oltre 64
392,Lodi,LO,26900,Uomo,1990-01-03,Giorgio Conti,Abituale,Lombardia,1,35,Da 30 a 39
393,Potenza,PZ,85100,Donna,1992-06-27,Grazia Martinelli,Abituale,Basilicata,3,32,Da 30 a 39
394,Trento,TN,38100,Donna,1985-09-19,Elisabetta Marini,Occasionale,Trentino-Alto Adige,1,39,Da 30 a 39
395,Teramo,TE,64100,Uomo,1977-12-25,Michele Franco,Occasionale,Abruzzo,2,47,Da 40 a 49
396,Genova,GE,16100,Uomo,1991-07-31,Daniele Pellegrini,Abituale,Liguria,1,33,Da 30 a 39
397,Monza,MB,20900,Uomo,1984-09-15,Maurizio Ricci,Abituale,Lombardia,1,40,Da 40 a 49
398,Lucca,LU,55100,Donna,1958-12-31,Giuseppina Giuliani,Abituale,Toscana,1,66,Oltre 64
399,Fermo,FM,63900,Donna,1975-08-10,Elena Russo,Abituale,Marche,1,49,Da 40 a 49
400,Genova,GE,16100,Donna,1958-07-08,Stefania Piras,Occasionale,Liguria,1,66,Oltre 64
401,Crotone,KR,88900,Uomo,1992-05-28,Michele Ferri,Occasionale,Calabria,3,32,Da 30 a 39
402,Marsala,TP,91025,Donna,1967-06-28,Alessandra Caputo,Occasionale,Sicilia,3,57,Da 50 a 64
403,Como,CO,22100,Donna,1964-11-26,Simona De Luca,Occasionale,Lombardia,1,60,Da 50 a 64
404,Padova,PD,35100,Donna,1990-02-19,Ilaria Parisi,Abituale,Veneto,1,35,Da 30 a 39
405,Trapani,TP,91100,Donna,1986-10-11,Giuseppina Mancini,Occasionale,Sicilia,3,38,Da 30 a 39
406,Pordenone,PN,33170,Uomo,1987-10-08,Carlo Gatti,Abituale,Friuli-Venezia Giulia,1,37,Da 30 a 39
407,Caserta,CE,81100,Uomo,1960-04-23,Francesco Ruggiero,Abituale,Campania,2,65,Oltre 64
408,Foggia,FG,71100,Uomo,1968-05-02,Andrea Ferrero,Abituale,Puglia,2,56,Da 50 a 64
409,Napoli,NA,80100,Donna,1983-10-28,Giuseppina Gallo,Abituale,Campania,2,41,Da 40 a 49
410,Sassari,SS,07100,Donna,1999-07-31,Patrizia Bianchi,Abituale,Sardegna,3,25,Da 18 a 29
411,Varese,VA,21100,Donna,1998-01-21,Cristina Pellegrino,Abituale,Lombardia,1,27,Da 18 a 29
412,Lodi,LO,26900,Donna,1971-08-15,Simona Colombo,Abituale,Lombardia,1,53,Da 50 a 64
413,Gorizia,GO,34170,Uomo,1973-10-23,Leonardo Neri,Abituale,Friuli-Venezia Giulia,1,51,Da 50 a 64
414,Prato,PO,59100,Donna,1952-09-08,Elisabetta Basile,Abituale,Toscana,1,72,Oltre 64
415,Nuoro,NU,08100,Uomo,1967-06-19,Nicola Rossetti,Abituale,Sardegna,3,57,Da 50 a 64
416,Busto Arsizio,VA,21052,Uomo,1990-08-11,Giuseppe Farina,Occasionale,Lombardia,1,34,Da 30 a 39
417,Brescia,BS,25100,Uomo,1950-05-03,Pietro Barone,Abituale,Lombardia,1,74,Oltre 64
418,Venezia,VE,30100,Uomo,1976-02-21,Alessandro Parisi,Abituale,Veneto,1,49,Da 40 a 49
419,Firenze,FI,50100,Uomo,1952-03-02,Domenico Ruggiero,Abituale,Toscana,1,73,Oltre 64
420,Belluno,BL,32100,Donna,1992-09-18,Carmela Marini,Abituale,Veneto,1,32,Da 30 a 39
421,Crotone,KR,88900,Donna,1964-08-27,Giuseppina Gentile,Abituale,Calabria,3,60,Da 50 a 64
422,Vercelli,VC,13100,Donna,1998-04-20,Antonella Barone,Occasionale,Piemonte,1,27,Da 18 a 29
423,Cremona,CR,26100,Uomo,1950-09-26,Federico Fontana,Occasionale,Lombardia,1,74,Oltre 64
424,Pavia,PV,27100,Uomo,1956-05-24,Pietro Conti,Abituale,Lombardia,1,68,Oltre 64
425,Caltanissetta,CL,93100,Donna,1995-02-20,Sofia Vitale,Occasionale,Sicilia,3,30,Da 30 a 39
426,Crotone,KR,88900,Donna,1962-05-12,Emanuela Lombardo,Occasionale,Calabria,3,62,Da 50 a 64
427,Latina,LT,04100,Uomo,1954-11-04,Pasquale Bianco,Abituale,Lazio,1,70,Oltre 64
428,Caserta,CE,81100,Uomo,1954-07-12,Vincenzo Esposito,Abituale,Campania,2,70,Oltre 64
429,Pescara,PE,65100,Donna,1965-09-17,Sofia Palumbo,Abituale,Abruzzo,2,59,Da 50 a 64
430,Salerno,SA,84100,Donna,1966-11-24,Claudia Moretti,Occasionale,Campania,2,58,Da 50 a 64
431,Sondrio,SO,23100,Uomo,1954-11-27,Dario Bianchi,Occasionale,Lombardia,1,70,Oltre 64
432,Agrigento,AG,92100,Uomo,1957-01-02,Fabio Ruggiero,Occasionale,Sicilia,3,68,Oltre 64
433,Vibo Valentia,VV,89900,Donna,1996-12-29,Teresa Marchetti,Occasionale,Calabria,3,28,Da 18 a 29
434,Belluno,BL,32100,Uomo,1964-04-07,Riccardo Palumbo,Abituale,Veneto,1,61,Da 50 a 64
435,Salerno,SA,84100,Donna,1956-04-04,Sofia Conte,Occasionale,Campania,2,69,Oltre 64
436,Foggia,FG,71100,Donna,1956-06-21,Margherita Piras,Occasionale,Puglia,2,68,Oltre 64
437,Barletta,BT,76121,Donna,1961-04-28,Patrizia Rossi,Abituale,Puglia,2,63,Da 50 a 64
438,Aosta,AO,11100,Donna,1956-06-06,Margherita Messina,Abituale,Valle d'Aosta,1,68,Oltre 64
439,Gorizia,GO,34170,Uomo,1962-04-13,Luca Lombardo,Occasionale,Friuli-Venezia Giulia,1,63,Da 50 a 64
440,Rovigo,RO,45100,Donna,1977-05-16,Cristina De Luca,Abituale,Veneto,1,47,Da 40 a 49
441,Grosseto,GR,58100,Donna,1996-03-04,Cristina Caputo,Abituale,Toscana,1,29,Da 18 a 29
442,Latina,LT,04100,Donna,1978-08-11,Giovanna Santoro,Abituale,Lazio,1,46,Da 40 a 49
443,Vercelli,VC,13100,Donna,2000-06-15,Angela Conte,Abituale,Piemonte,1,24,Da 18 a 29
444,Bolzano,BZ,39100,Donna,1968-12-19,Cristina Romeo,Abituale,Trentino-Alto Adige,1,56,Da 50 a 64
445,Bari,BA,70100,Uomo,1959-11-12,Luca Romeo,Occasionale,Puglia,2,65,Oltre 64
446,Rimini,RN,47900,Uomo,1983-07-25,Alberto Sorrentino,Abituale,Emilia-Romagna,1,41,Da 40 a 49
447,Caltanissetta,CL,93100,Uomo,1980-04-17,Fabio Messina,Abituale,Sicilia,3,45,Da 40 a 49
448,Messina,ME,98100,Donna,1996-01-08,Silvia Bruno,Abituale,Sicilia,3,29,Da 18 a 29
449,Sondrio,SO,23100,Donna,1992-08-16,Silvia Bianco,Occasionale,Lombardia,1,32,Da 30 a 39
450,Sondrio,SO,23100,Donna,1992-01-10,Federica Amato,Occasionale,Lombardia,1,33,Da 30 a 39
451,Messina,ME,98100,Donna,1984-06-12,Giorgia Rinaldi,Occasionale,Sicilia,3,40,Da 40 a 49
452,Bologna,BO,40100,Donna,1996-10-22,Rita De Santis,Abituale,Emilia-Romagna,1,28,Da 18 a 29
453,Caltanissetta,CL,93100,Donna,1964-05-04,Margherita Pellegrini,Occasionale,Sicilia,3,60,Da 50 a 64
454,Bologna,BO,40100,Uomo,1995-08-19,Dario Ferrero,Abituale,Emilia-Romagna,1,29,Da 18 a 29
455,Vibo Valentia,VV,89900,Donna,1971-04-20,Alessandra Gallo,Occasionale,Calabria,3,54,Da 50 a 64
456,Trieste,TS,34100,Uomo,1970-06-12,Dario Gatti,Abituale,Friuli-Venezia Giulia,1,54,Da 50 a 64
457,Mantova,MN,46100,Donna,1958-07-02,Elisabetta Fontana,Abituale,Lombardia,1,66,Oltre 64
458,Cagliari,CA,09100,Uomo,1970-03-26,Leonardo Palumbo,Occasionale,Sardegna,3,55,Da 50 a 64
459,Potenza,PZ,85100,Donna,1982-03-06,Teresa De Santis,Abituale,Basilicata,3,43,Da 40 a 49
460,Treviso,TV,31100,Donna,1973-11-04,Francesca Ferrari,Occasionale,Veneto,1,51,Da 50 a 64
461,Siracusa,SR,96100,Donna,1982-07-15,Ilaria Colombo,Occasionale,Sicilia,3,42,Da 40 a 49
462,Palermo,PA,90100,Uomo,1968-09-11,Paolo Pellegrini,Abituale,Sicilia,3,56,Da 50 a 64
463,Potenza,PZ,85100,Donna,1953-08-22,Sofia Pellegrino,Abituale,Basilicata,3,71,Oltre 64
464,Pavia,PV,27100,Uomo,1999-10-28,Francesco Benedetti,Abituale,Lombardia,1,25,Da 18 a 29
465,Pordenone,PN,33170,Donna,1996-11-12,Elisabetta Ferretti,Occasionale,Friuli-Venezia Giulia,1,28,Da 18 a 29
466,Cosenza,CS,87100,Uomo,1957-01-21,Riccardo Bianchi,Abituale,Calabria,3,68,Oltre 64
467,Chieti,CH,66100,Uomo,1989-05-27,Emanuele Ferri,Occasionale,Abruzzo,2,35,Da 30 a 39
468,Ancona,AN,60100,Uomo,1964-11-29,Vincenzo Lombardo,Abituale,Marche,1,60,Da 50 a 64
469,Oristano,OR,09170,Uomo,1987-09-21,Sergio Gatti,Abituale,Sardegna,3,37,Da 30 a 39
470,Lecce,LE,73100,Uomo,1962-10-11,Pasquale Esposito,Abituale,Puglia,2,62,Da 50 a 64
471,Varese,VA,21100,Donna,1998-11-10,Roberta Rossi,Abituale,Lombardia,1,26,Da 18 a 29
472,Macerata,MC,62100,Donna,1972-02-25,Anna Mancini,Abituale,Marche,1,53,Da 50 a 64
473,Cremona,CR,26100,Donna,1992-02-05,Patrizia Monti,Abituale,Lombardia,1,33,Da 30 a 39
474,Pisa,PI,56100,Uomo,2000-03-06,Vincenzo Donati,Abituale,Toscana,1,25,Da 18 a 29
475,Bologna,BO,40100,Donna,1967-05-03,Federica Pellegrino,Abituale,Emilia-Romagna,1,57,Da 50 a 64
476,Latina,LT,04100,Uomo,1967-06-08,Carlo Sanna,Abituale,Lazio,1,57,Da 50 a 64
477,Pisa,PI,56100,Donna,1997-07-11,Sara Carli,Abituale,Toscana,1,27,Da 18 a 29
478,Agrigento,AG,92100,Donna,1961-07-24,Ilaria Parisi,Abituale,Sicilia,3,63,Da 50 a 64
479,Modena,MO,41100,Uomo,1989-08-05,Carlo Pellegrino,Abituale,Emilia-Romagna,1,35,Da 30 a 39
480,Trieste,TS,34100,Donna,1967-05-01,Elena Ferretti,Abituale,Friuli-Venezia Giulia,1,57,Da 50 a 64
481,Enna,EN,94100,Uomo,1963-10-16,Bruno Coppola,Abituale,Sicilia,3,61,Da 50 a 64
482,Taranto,TA,74100,Donna,1972-08-04,Stefania Morelli,Occasionale,Puglia,2,52,Da 50 a 64
483,Catania,CT,95100,Uomo,1954-09-03,Enzo Bellini,Occasionale,Sicilia,3,70,Oltre 64
484,Pordenone,PN,33170,Uomo,1957-07-13,Giuseppe Ricci,Occasionale,Friuli-Venezia Giulia,1,67,Oltre 64
485,Ascoli Piceno,AP,63100,Uomo,1952-12-07,Vincenzo Grassi,Abituale,Marche,1,72,Oltre 64
486,Novara,NO,28100,Uomo,1965-02-18,Riccardo Colombo,Occasionale,Piemonte,1,60,Da 50 a 64
487,Caserta,CE,81100,Donna,1986-02-20,Federica Lombardi,Abituale,Campania,2,39,Da 30 a 39
488,Prato,PO,59100,Donna,1957-03-29,Caterina Pellegrini,Abituale,Toscana,1,68,Oltre 64
489,Modena,MO,41100,Uomo,1965-03-02,Stefano Pagano,Occasionale,Emilia-Romagna,1,60,Da 50 a 64
490,Rovigo,RO,45100,Donna,1953-05-26,Anna Monti,Occasionale,Veneto,1,71,Oltre 64
491,Vercelli,VC,13100,Donna,1968-08-19,Carmela Conti,Abituale,Piemonte,1,56,Da 50 a 64
492,Milano,MI,20100,Donna,1990-10-08,Sofia Conte,Abituale,Lombardia,1,34,Da 30 a 39
493,Caltanissetta,CL,93100,Donna,1974-12-08,Stefania Ferraro,Abituale,Sicilia,3,50,Da 50 a 64
494,Lecco,LC,23900,Donna,1965-01-16,Valeria Mancini,Occasionale,Lombardia,1,60,Da 50 a 64
495,Barletta,BT,76121,Donna,1998-01-19,Maria Marchetti,Abituale,Puglia,2,27,Da 18 a 29
496,Cagliari,CA,09100,Donna,1966-11-15,Anna Ferretti,Abituale,Sardegna,3,58,Da 50 a 64
497,Fermo,FM,63900,Uomo,1961-03-26,Salvatore De Luca,Occasionale,Marche,1,64,Da 50 a 64
498,Andria,BT,76123,Donna,1972-07-22,Patrizia Romano,Abituale,Puglia,2,52,Da 50 a 64
499,Taranto,TA,74100,Donna,1985-12-10,Antonella Conte,Occasionale,Puglia,2,39,Da 30 a 39
500,Udine,UD,33100,Donna,1984-02-10,Federica Pagano,Occasionale,Friuli-Venezia Giulia,1,41,Da 40 a 49
501,Aosta,AO,11100,Uomo,1978-08-24,Carlo Galli,Occasionale,Valle d'Aosta,1,46,Da 40 a 49
502,Forlì,FC,47121,Donna,1969-07-22,Paola Conte,Abituale,Emilia-Romagna,1,55,Da 50 a 64
503,Potenza,PZ,85100,Uomo,1968-01-23,Franco Gallo,Abituale,Basilicata,3,57,Da 50 a 64
504,Macerata,MC,62100,Donna,1962-12-22,Caterina Greco,Occasionale,Marche,1,62,Da 50 a 64
505,L'Aquila,AQ,67100,Donna,1972-10-20,Rita Monti,Abituale,Abruzzo,2,52,Da 50 a 64
506,Perugia,PG,06100,Donna,1977-09-04,Chiara De Luca,Abituale,Umbria,1,47,Da 40 a 49
507,Verbania,VB,28921,Donna,1999-01-29,Cristina Caruso,Occasionale,Piemonte,1,26,Da 18 a 29
508,Oristano,OR,09170,Uomo,1961-05-14,Andrea Vitale,Abituale,Sardegna,3,63,Da 50 a 64
509,Treviso,TV,31100,Uomo,1968-10-05,Maurizio Serra,Abituale,Veneto,1,56,Da 50 a 64
510,Matera,MT,75100,Uomo,1960-08-27,Michele Grasso,Abituale,Basilicata,3,64,Da 50 a 64
511,Bergamo,BG,24100,Donna,1985-10-25,Elisa Rizzi,Abituale,Lombardia,1,39,Da 30 a 39
512,Cosenza,CS,87100,Uomo,1966-05-06,Davide Mancini,Occasionale,Calabria,3,58,Da 50 a 64
513,Asti,AT,14100,Uomo,1974-01-25,Federico Orlando,Abituale,Piemonte,1,51,Da 50 a 64
514,Matera,MT,75100,Donna,1967-01-21,Giorgia Leone,Occasionale,Basilicata,3,58,Da 50 a 64
515,Barletta,BT,76121,Uomo,1966-11-24,Michele Marino,Abituale,Puglia,2,58,Da 50 a 64
516,Verbania,VB,28921,Uomo,1990-01-08,Alessandro Rinaldi,Abituale,Piemonte,1,35,Da 30 a 39
517,Vercelli,VC,13100,Uomo,1986-03-16,Pasquale Cattaneo,Occasionale,Piemonte,1,39,Da 30 a 39
518,Livorno,LI,57100,Uomo,1964-04-22,Luca Caputo,Occasionale,Toscana,1,61,Da 50 a 64
519,Cuneo,CN,12100,Uomo,1977-05-18,Riccardo De Rosa,Abituale,Piemonte,1,47,Da 40 a 49
520,Andria,BT,76123,Donna,1983-11-18,Claudia Ferrara,Abituale,Puglia,2,41,Da 40 a 49
521,Busto Arsizio,VA,21052,Donna,1988-03-11,Maria Galli,Occasionale,Lombardia,1,37,Da 30 a 39
522,Padova,PD,35100,Uomo,1964-09-26,Francesco Guerra,Abituale,Veneto,1,60,Da 50 a 64
523,Fermo,FM,63900,Donna,1998-07-29,Ilaria Lombardo,Abituale,Marche,1,26,Da 18 a 29
524,Bari,BA,70100,Uomo,1973-09-23,Vincenzo Esposito,Occasionale,Puglia,2,51,Da 50 a 64
525,Mantova,MN,46100,Donna,1990-12-11,Giovanna Rizzo,Abituale,Lombardia,1,34,Da 30 a 39
526,Palermo,PA,90100,Uomo,1965-12-26,Pietro Testa,Occasionale,Sicilia,3,59,Da 50 a 64
527,La Spezia,SP,19100,Donna,1960-10-17,Paola Sanna,Abituale,Liguria,1,64,Da 50 a 64
528,Bergamo,BG,24100,Uomo,1958-08-31,Dario Mariani,Occasionale,Lombardia,1,66,Oltre 64
529,Gela,CL,93012,Uomo,1981-07-01,Giorgio Bellini,Occasionale,Sicilia,3,43,Da 40 a 49
530,Giugliano in Campania,NA,80014,Uomo,1983-08-29,Federico Colombo,Abituale,Campania,2,41,Da 40 a 49
531,Pescara,PE,65100,Uomo,1956-12-12,Nicola Palumbo,Abituale,Abruzzo,2,68,Oltre 64
532,Crotone,KR,88900,Donna,1995-08-10,Lucia Barbieri,Occasionale,Calabria,3,29,Da 18 a 29
533,Catanzaro,CZ,88100,Donna,1962-12-16,Alessandra Rizzo,Abituale,Calabria,3,62,Da 50 a 64
534,Asti,AT,14100,Donna,1989-03-28,Ilaria Bruno,Abituale,Piemonte,1,36,Da 30 a 39
535,Asti,AT,14100,Uomo,1975-11-02,Domenico Marini,Abituale,Piemonte,1,49,Da 40 a 49
536,Viterbo,VT,01100,Donna,1994-04-19,Elisa Greco,Abituale,Lazio,1,31,Da 30 a 39
537,Salerno,SA,84100,Donna,1988-09-23,Ilaria Silvestri,Abituale,Campania,2,36,Da 30 a 39
538,La Spezia,SP,19100,Uomo,1988-12-01,Daniele Colombo,Occasionale,Liguria,1,36,Da 30 a 39
539,Roma,RM,00100,Uomo,1955-11-01,Bruno Coppola,Abituale,Lazio,1,69,Oltre 64
540,Fermo,FM,63900,Uomo,1987-09-15,Nicola Serra,Abituale,Marche,1,37,Da 30 a 39
541,Siracusa,SR,96100,Uomo,1998-08-09,Salvatore Fontana,Abituale,Sicilia,3,26,Da 18 a 29
542,Imperia,IM,18100,Uomo,1988-06-17,Leonardo Grassi,Abituale,Liguria,1,36,Da 30 a 39
543,Alessandria,AL,15100,Donna,1951-09-11,Chiara Martinelli,Abituale,Piemonte,1,73,Oltre 64
544,Trapani,TP,91100,Uomo,1989-09-29,Luca Neri,Abituale,Sicilia,3,35,Da 30 a 39
545,Gela,CL,93012,Uomo,1954-09-30,Roberto Pellegrini,Abituale,Sicilia,3,70,Oltre 64
546,Viterbo,VT,01100,Uomo,1982-07-17,Angelo De Luca,Abituale,Lazio,1,42,Da 40 a 49
547,Brindisi,BR,72100,Donna,1985-07-23,Sofia Marino,Occasionale,Puglia,2,39,Da 30 a 39
548,Terni,TR,05100,Uomo,1984-08-12,Sergio Ferraro,Abituale,Umbria,1,40,Da 40 a 49
549,Siena,SI,53100,Donna,1969-02-20,Claudia Silvestri,Abituale,Toscana,1,56,Da 50 a 64
550,Modena,MO,41100,Donna,1967-05-17,Emanuela Giordano,Abituale,Emilia-Romagna,1,57,Da 50 a 64
551,Prato,PO,59100,Donna,1977-12-15,Chiara Mariani,Abituale,Toscana,1,47,Da 40 a 49
552,Salerno,SA,84100,Donna,1997-02-27,Federica Basile,Occasionale,Campania,2,28,Da 18 a 29
553,L'Aquila,AQ,67100,Uomo,1968-02-14,Enzo Marchetti,Abituale,Abruzzo,2,57,Da 50 a 64
554,Modena,MO,41100,Donna,1962-10-18,Elisa Conti,Occasionale,Emilia-Romagna,1,62,Da 50 a 64
555,Torino,TO,10100,Uomo,1952-01-21,Enzo Franco,Abituale,Piemonte,1,73,Oltre 64
556,Bari,BA,70100,Uomo,1957-07-05,Bruno Serra,Abituale,Puglia,2,67,Oltre 64
557,Teramo,TE,64100,Uomo,1950-10-31,Carlo Longo,Abituale,Abruzzo,2,74,Oltre 64
558,Taranto,TA,74100,Uomo,1989-10-25,Claudio Vitale,Occasionale,Puglia,2,35,Da 30 a 39
559,Campobasso,CB,86100,Donna,1984-10-09,Concetta Benedetti,Abituale,Molise,2,40,Da 40 a 49
560,Caltanissetta,CL,93100,Donna,1954-01-05,Concetta Carli,Abituale,Sicilia,3,71,Oltre 64
561,Ravenna,RA,48100,Uomo,1964-06-22,Salvatore Costa,Abituale,Emilia-Romagna,1,60,Da 50 a 64
562,Fermo,FM,63900,Donna,1978-01-19,Claudia Pellegrini,Occasionale,Marche,1,47,Da 40 a 49
563,Forlì,FC,47121,Donna,1965-07-22,Stefania Rizzo,Occasionale,Emilia-Romagna,1,59,Da 50 a 64
564,Reggio Calabria,RC,89100,Donna,1978-12-25,Alessandra Donati,Abituale,Calabria,3,46,Da 40 a 49
565,Verbania,VB,28921,Donna,1957-01-22,Valentina Guerra,Abituale,Piemonte,1,68,Oltre 64
566,Bergamo,BG,24100,Donna,1990-06-05,Grazia Pagano,Occasionale,Lombardia,1,34,Da 30 a 39
567,La Spezia,SP,19100,Donna,1957-03-13,Giuseppina Rossi,Abituale,Liguria,1,68,Oltre 64
568,Grosseto,GR,58100,Uomo,1963-11-14,Franco Basile,Abituale,Toscana,1,61,Da 50 a 64
569,Enna,EN,94100,Uomo,1970-06-04,Fabio Donati,Abituale,Sicilia,3,54,Da 50 a 64
570,Ragusa,RG,97100,Donna,1953-07-01,Elisabetta Guerra,Occasionale,Sicilia,3,71,Oltre 64
571,Cagliari,CA,09100,Uomo,1959-12-30,Giovanni Farina,Abituale,Sardegna,3,65,Oltre 64
572,Trapani,TP,91100,Donna,1962-06-24,Elisabetta Marino,Occasionale,Sicilia,3,62,Da 50 a 64
573,Bergamo,BG,24100,Donna,1954-01-25,Rosa Gatti,Abituale,Lombardia,1,71,Oltre 64
574,Padova,PD,35100,Uomo,1964-07-09,Enzo Martini,Abituale,Veneto,1,60,Da 50 a 64
575,Roma,RM,00100,Uomo,1977-02-13,Andrea Basile,Abituale,Lazio,1,48,Da 40 a 49
576,Parma,PR,43100,Donna,1963-05-23,Federica D'Amico,Abituale,Emilia-Romagna,1,61,Da 50 a 64
577,Siracusa,SR,96100,Uomo,1952-04-18,Emanuele Silvestri,Abituale,Sicilia,3,73,Oltre 64
578,Mantova,MN,46100,Uomo,1971-09-05,Carmelo Romano,Occasionale,Lombardia,1,53,Da 50 a 64
579,Bari,BA,70100,Uomo,1959-07-13,Marco Leone,Abituale,Puglia,2,65,Oltre 64
580,Bologna,BO,40100,Uomo,1999-02-19,Giorgio Rizzo,Occasionale,Emilia-Romagna,1,26,Da 18 a 29
581,Trento,TN,38100,Uomo,1972-02-10,Federico Russo,Occasionale,Trentino-Alto Adige,1,53,Da 50 a 64
582,Palermo,PA,90100,Uomo,1974-01-18,Giuseppe Fontana,Occasionale,Sicilia,3,51,Da 50 a 64
583,Verbania,VB,28921,Donna,1964-01-27,Concetta Monti,Abituale,Piemonte,1,61,Da 50 a 64
584,Gorizia,GO,34170,Donna,1977-04-08,Carmela Rossetti,Abituale,Friuli-Venezia Giulia,1,48,Da 40 a 49
585,Andria,BT,76123,Donna,1966-04-16,Roberta Gatti,Abituale,Puglia,2,59,Da 50 a 64
586,Livorno,LI,57100,Uomo,1986-09-04,Andrea Donati,Abituale,Toscana,1,38,Da 30 a 39
587,Fermo,FM,63900,Donna,1975-02-02,Rosa Lombardi,Abituale,Marche,1,50,Da 50 a 64
588,Novara,NO,28100,Uomo,1987-09-10,Daniele Giordano,Abituale,Piemonte,1,37,Da 30 a 39
589,Parma,PR,43100,Donna,1995-01-26,Giulia Conti,Abituale,Emilia-Romagna,1,30,Da 30 a 39
590,Forlì,FC,47121,Uomo,1974-07-28,Andrea Conte,Abituale,Emilia-Romagna,1,50,Da 50 a 64
591,Latina,LT,04100,Donna,1984-10-01,Roberta Silvestri,Occasionale,Lazio,1,40,Da 40 a 49
592,Sassari,SS,07100,Donna,1986-05-02,Caterina Mazza,Abituale,Sardegna,3,38,Da 30 a 39
593,Salerno,SA,84100,Donna,1952-06-02,Giovanna Ferretti,Abituale,Campania,2,72,Oltre 64
594,Como,CO,22100,Donna,1951-12-24,Anna De Santis,Abituale,Lombardia,1,73,Oltre 64
595,Massa,MS,54100,Uomo,1951-09-22,Alessandro Gatti,Abituale,Toscana,1,73,Oltre 64
596,Busto Arsizio,VA,21052,Donna,1970-11-26,Silvia Moretti,Occasionale,Lombardia,1,54,Da 50 a 64
597,Oristano,OR,09170,Donna,1972-01-12,Stefania Carbone,Occasionale,Sardegna,3,53,Da 50 a 64
598,Lodi,LO,26900,Donna,1964-04-09,Lucia Carli,Abituale,Lombardia,1,61,Da 50 a 64
599,Taranto,TA,74100,Donna,1997-10-14,Stefania Bruno,Abituale,Puglia,2,27,Da 18 a 29
600,Imperia,IM,18100,Uomo,1950-08-26,Marco Ferrero,Abituale,Liguria,1,74,Oltre 64
601,Lucca,LU,55100,Uomo,1995-02-24,Franco D'Angelo,Abituale,Toscana,1,30,Da 30 a 39
602,Catanzaro,CZ,88100,Uomo,1953-10-14,Roberto Monti,Occasionale,Calabria,3,71,Oltre 64
603,Pordenone,PN,33170,Donna,1953-12-15,Laura Gentile,Abituale,Friuli-Venezia Giulia,1,71,Oltre 64
604,Matera,MT,75100,Uomo,1970-08-17,Angelo Monti,Abituale,Basilicata,3,54,Da 50 a 64
605,Enna,EN,94100,Uomo,1981-08-24,Domenico Guerra,Abituale,Sicilia,3,43,Da 40 a 49
606,Cesena,FC,47521,Uomo,1984-08-14,Pasquale Arena,Abituale,Emilia-Romagna,1,40,Da 40 a 49
607,Caltanissetta,CL,93100,Uomo,1957-12-15,Leonardo Romeo,Abituale,Sicilia,3,67,Oltre 64
608,Ancona,AN,60100,Uomo,1959-05-17,Leonardo Piras,Abituale,Marche,1,65,Oltre 64
609,Avellino,AV,83100,Donna,1950-10-29,Stefania Martini,Abituale,Campania,2,74,Oltre 64
610,Piacenza,PC,29100,Donna,1957-02-23,Federica Franco,Abituale,Emilia-Romagna,1,68,Oltre 64
611,Lodi,LO,26900,Donna,1951-07-08,Angela Bianchi,Abituale,Lombardia,1,73,Oltre 64
612,Roma,RM,00100,Donna,1981-01-08,Concetta Palumbo,Abituale,Lazio,1,44,Da 40 a 49
613,Sondrio,SO,23100,Donna,1981-04-08,Elisa Conte,Abituale,Lombardia,1,44,Da 40 a 49
614,Piacenza,PC,29100,Donna,1956-09-07,Giovanna Giuliani,Occasionale,Emilia-Romagna,1,68,Oltre 64
615,Novara,NO,28100,Donna,1987-05-01,Giovanna Greco,Occasionale,Piemonte,1,37,Da 30 a 39
616,Trapani,TP,91100,Uomo,1988-06-28,Pietro Guerra,Abituale,Sicilia,3,36,Da 30 a 39
617,Napoli,NA,80100,Uomo,1950-04-29,Marco Caputo,Occasionale,Campania,2,74,Oltre 64
618,Palermo,PA,90100,Uomo,1959-02-28,Federico Ferretti,Occasionale,Sicilia,3,66,Oltre 64
619,Brindisi,BR,72100,Donna,1951-09-26,Rosa Ferretti,Abituale,Puglia,2,73,Oltre 64
620,Messina,ME,98100,Donna,1958-01-15,Elena Lombardi,Abituale,Sicilia,3,67,Oltre 64
621,Piacenza,PC,29100,Uomo,1952-06-28,Claudio Basile,Abituale,Emilia-Romagna,1,72,Oltre 64
622,Isernia,IS,86170,Uomo,1994-02-19,Vincenzo Pagano,Abituale,Molise,2,31,Da 30 a 39
623,Napoli,NA,80100,Donna,1964-09-20,Simona Marino,Abituale,Campania,2,60,Da 50 a 64
624,Grosseto,GR,58100,Uomo,1961-01-10,Claudio Costa,Abituale,Toscana,1,64,Da 50 a 64
625,Nuoro,NU,08100,Uomo,1951-12-01,Marco Esposito,Occasionale,Sardegna,3,73,Oltre 64
626,Milano,MI,20100,Uomo,1962-07-09,Giorgio De Luca,Occasionale,Lombardia,1,62,Da 50 a 64
627,Latina,LT,04100,Uomo,1979-09-24,Giovanni Moretti,Occasionale,Lazio,1,45,Da 40 a 49
628,Foggia,FG,71100,Uomo,1968-04-23,Luca Testa,Abituale,Puglia,2,57,Da 50 a 64
629,Pavia,PV,27100,Uomo,1973-10-14,Franco Monti,Abituale,Lombardia,1,51,Da 50 a 64
630,Trento,TN,38100,Uomo,1957-09-05,Maurizio Caruso,Abituale,Trentino-Alto Adige,1,67,Oltre 64
631,Cuneo,CN,12100,Donna,1999-08-04,Simona Fontana,Abituale,Piemonte,1,25,Da 18 a 29
632,Sondrio,SO,23100,Donna,1961-06-21,Caterina Palumbo,Abituale,Lombardia,1,63,Da 50 a 64
633,Palermo,PA,90100,Uomo,1968-09-29,Pasquale Romeo,Abituale,Sicilia,3,56,Da 50 a 64
634,Teramo,TE,64100,Uomo,1978-11-11,Daniele Russo,Abituale,Abruzzo,2,46,Da 40 a 49
635,Alessandria,AL,15100,Donna,1993-08-07,Ilaria Orlando,Abituale,Piemonte,1,31,Da 30 a 39
636,Bari,BA,70100,Donna,1968-02-17,Giovanna Donati,Abituale,Puglia,2,57,Da 50 a 64
637,Brescia,BS,25100,Donna,1986-03-23,Stefania D'Agostino,Abituale,Lombardia,1,39,Da 30 a 39
638,Ragusa,RG,97100,Uomo,1990-12-08,Giuseppe Longo,Abituale,Sicilia,3,34,Da 30 a 39
639,Agrigento,AG,92100,Uomo,1957-04-13,Vincenzo Caruso,Occasionale,Sicilia,3,68,Oltre 64
640,Forlì,FC,47121,Uomo,1991-10-23,Sergio Basile,Abituale,Emilia-Romagna,1,33,Da 30 a 39
641,Gela,CL,93012,Donna,1984-07-27,Monica Arena,Abituale,Sicilia,3,40,Da 40 a 49
642,Parma,PR,43100,Uomo,1988-03-31,Paolo De Santis,Occasionale,Emilia-Romagna,1,37,Da 30 a 39
643,Grosseto,GR,58100,Uomo,1953-04-14,Michele Cattaneo,Occasionale,Toscana,1,72,Oltre 64
644,Perugia,PG,06100,Uomo,1961-05-23,Daniele Greco,Abituale,Umbria,1,63,Da 50 a 64
645,Genova,GE,16100,Uomo,1972-12-14,Alessandro Arena,Occasionale,Liguria,1,52,Da 50 a 64
646,Potenza,PZ,85100,Donna,1994-06-26,Simona Benedetti,Abituale,Basilicata,3,30,Da 30 a 39
647,Pisa,PI,56100,Uomo,1952-03-28,Roberto Marchetti,Occasionale,Toscana,1,73,Oltre 64
648,Modena,MO,41100,Uomo,1992-12-04,Luigi Giuliani,Abituale,Emilia-Romagna,1,32,Da 30 a 39
649,Genova,GE,16100,Uomo,1972-03-09,Franco Esposito,Abituale,Liguria,1,53,Da 50 a 64
650,Pordenone,PN,33170,Donna,1999-06-04,Emanuela Sala,Abituale,Friuli-Venezia Giulia,1,25,Da 18 a 29
651,Roma,RM,00100,Uomo,1999-04-04,Massimo Gatti,Abituale,Lazio,1,26,Da 18 a 29
652,Caltanissetta,CL,93100,Uomo,1972-05-02,Carlo De Luca,Occasionale,Sicilia,3,52,Da 50 a 64
653,Palermo,PA,90100,Uomo,1989-09-27,Giovanni Mazza,Abituale,Sicilia,3,35,Da 30 a 39
654,Macerata,MC,62100,Donna,1970-01-19,Giorgia Ferrero,Occasionale,Marche,1,55,Da 50 a 64
655,Foggia,FG,71100,Donna,1981-03-29,Stefania Costa,Abituale,Puglia,2,44,Da 40 a 49
656,Nuoro,NU,08100,Donna,1974-12-10,Alessandra Grasso,Abituale,Sardegna,3,50,Da 50 a 64
657,Cosenza,CS,87100,Donna,1956-12-09,Cristina Messina,Abituale,Calabria,3,68,Oltre 64
658,Belluno,BL,32100,Donna,1953-07-21,Teresa Serra,Abituale,Veneto,1,71,Oltre 64
659,Biella,BI,13900,Uomo,1990-06-25,Vincenzo Barone,Abituale,Piemonte,1,34,Da 30 a 39
660,Trento,TN,38100,Donna,1965-11-02,Valeria Lombardo,Abituale,Trentino-Alto Adige,1,59,Da 50 a 64
661,Forlì,FC,47121,Donna,1963-12-05,Elisabetta Farina,Occasionale,Emilia-Romagna,1,61,Da 50 a 64
662,La Spezia,SP,19100,Donna,1952-08-09,Cristina De Rosa,Abituale,Liguria,1,72,Oltre 64
663,Firenze,FI,50100,Donna,1975-07-02,Chiara Pagano,Abituale,Toscana,1,49,Da 40 a 49
664,Messina,ME,98100,Donna,1998-10-21,Lucia Lombardi,Occasionale,Sicilia,3,26,Da 18 a 29
665,Brescia,BS,25100,Uomo,1997-06-20,Franco Romano,Abituale,Lombardia,1,27,Da 18 a 29
666,Enna,EN,94100,Uomo,2000-09-21,Claudio Grassi,Abituale,Sicilia,3,24,Da 18 a 29
667,Pistoia,PT,51100,Donna,1996-07-21,Silvia Ferraro,Abituale,Toscana,1,28,Da 18 a 29
668,Vercelli,VC,13100,Donna,1961-11-04,Giovanna Conti,Abituale,Piemonte,1,63,Da 50 a 64
669,Trieste,TS,34100,Uomo,1971-06-03,Mario Bianchi,Abituale,Friuli-Venezia Giulia,1,53,Da 50 a 64
670,Avellino,AV,83100,Donna,1988-04-12,Stefania Pellegrino,Occasionale,Campania,2,37,Da 30 a 39
671,Bologna,BO,40100,Donna,1977-03-11,Cristina Bianco,Abituale,Emilia-Romagna,1,48,Da 40 a 49
672,Catania,CT,95100,Donna,1980-12-22,Alessandra Caputo,Occasionale,Sicilia,3,44,Da 40 a 49
673,Vibo Valentia,VV,89900,Donna,1981-07-19,Monica Conti,Abituale,Calabria,3,43,Da 40 a 49
674,Rovigo,RO,45100,Donna,1963-12-28,Sofia Gatti,Abituale,Veneto,1,61,Da 50 a 64
675,Rimini,RN,47900,Donna,1969-09-27,Giuseppina Ferretti,Abituale,Emilia-Romagna,1,55,Da 50 a 64
676,Isernia,IS,86170,Donna,1996-04-24,Laura Ferrari,Abituale,Molise,2,29,Da 18 a 29
677,Vibo Valentia,VV,89900,Donna,1985-10-01,Giulia Longo,Occasionale,Calabria,3,39,Da 30 a 39
678,Lodi,LO,26900,Donna,1969-06-26,Simona Silvestri,Abituale,Lombardia,1,55,Da 50 a 64
679,Lucca,LU,55100,Uomo,1996-02-01,Maurizio Sanna,Occasionale,Toscana,1,29,Da 18 a 29
680,Arezzo,AR,52100,Uomo,1974-06-21,Emanuele Testa,Abituale,Toscana,1,50,Da 50 a 64
681,Trento,TN,38100,Donna,1999-05-28,Valentina Costa,Occasionale,Trentino-Alto Adige,1,25,Da 18 a 29
682,Pescara,PE,65100,Donna,1955-05-21,Ilaria De Angelis,Occasionale,Abruzzo,2,69,Oltre 64
683,Busto Arsizio,VA,21052,Donna,1970-03-27,Elisa De Santis,Occasionale,Lombardia,1,55,Da 50 a 64
684,Pesaro,PU,61100,Uomo,1989-08-29,Giovanni Giuliani,Abituale,Marche,1,35,Da 30 a 39
685,Parma,PR,43100,Uomo,1951-08-15,Angelo Barbieri,Abituale,Emilia-Romagna,1,73,Oltre 64
686,Andria,BT,76123,Donna,1981-04-08,Giulia Longo,Abituale,Puglia,2,44,Da 40 a 49
687,Sesto San Giovanni,MI,20099,Donna,1957-02-19,Federica Galli,Abituale,Lombardia,1,68,Oltre 64
688,Trento,TN,38100,Donna,1962-12-27,Federica Guerra,Occasionale,Trentino-Alto Adige,1,62,Da 50 a 64
689,Avellino,AV,83100,Donna,1962-07-13,Elisa Ferrero,Abituale,Campania,2,62,Da 50 a 64
690,Barletta,BT,76121,Uomo,1980-02-27,Paolo Gentile,Abituale,Puglia,2,45,Da 40 a 49
691,Belluno,BL,32100,Donna,1977-11-30,Cristina Lombardi,Abituale,Veneto,1,47,Da 40 a 49
692,Reggio Calabria,RC,89100,Donna,1997-10-15,Laura Orlando,Abituale,Calabria,3,27,Da 18 a 29
693,Messina,ME,98100,Uomo,1970-01-29,Federico Farina,Abituale,Sicilia,3,55,Da 50 a 64
694,Trento,TN,38100,Donna,1986-01-23,Chiara Ferrero,Abituale,Trentino-Alto Adige,1,39,Da 30 a 39
695,Ferrara,FE,44100,Donna,1950-08-28,Angela Franco,Abituale,Emilia-Romagna,1,74,Oltre 64
696,Genova,GE,16100,Uomo,1960-02-04,Maurizio Carbone,Abituale,Liguria,1,65,Oltre 64
697,Roma,RM,00100,Uomo,1991-05-27,Paolo De Santis,Occasionale,Lazio,1,33,Da 30 a 39
698,Avellino,AV,83100,Donna,1959-02-25,Federica Rossetti,Abituale,Campania,2,66,Oltre 64
699,Trento,TN,38100,Uomo,1980-05-16,Bruno Coppola,Occasionale,Trentino-Alto Adige,1,44,Da 40 a 49
700,Trento,TN,38100,Donna,1989-11-17,Teresa Franco,Abituale,Trentino-Alto Adige,1,35,Da 30 a 39
701,Treviso,TV,31100,Donna,1967-03-31,Anna Barbieri,Abituale,Veneto,1,58,Da 50 a 64
702,Venezia,VE,30100,Donna,1956-04-26,Giulia Sanna,Abituale,Veneto,1,69,Oltre 64
703,Modena,MO,41100,Donna,1959-06-30,Claudia Ruggiero,Occasionale,Emilia-Romagna,1,65,Oltre 64
704,Torre del Greco,NA,80059,Uomo,1953-07-13,Luigi Testa,Occasionale,Campania,2,71,Oltre 64
705,Grosseto,GR,58100,Donna,1961-02-14,Giorgia Sala,Occasionale,Toscana,1,64,Da 50 a 64
706,La Spezia,SP,19100,Donna,1968-07-25,Emanuela Orlando,Abituale,Liguria,1,56,Da 50 a 64
707,Enna,EN,94100,Uomo,1950-05-25,Franco Lombardi,Abituale,Sicilia,3,74,Oltre 64
708,Enna,EN,94100,Uomo,1974-06-06,Pasquale Carbone,Occasionale,Sicilia,3,50,Da 50 a 64
709,Massa,MS,54100,Uomo,1954-06-26,Vincenzo Russo,Abituale,Toscana,1,70,Oltre 64
710,Pisa,PI,56100,Uomo,1971-12-12,Dario Grassi,Occasionale,Toscana,1,53,Da 50 a 64
711,Cesena,FC,47521,Uomo,1995-03-30,Giovanni Martini,Occasionale,Emilia-Romagna,1,30,Da 30 a 39
712,Vicenza,VI,36100,Uomo,1992-07-24,Salvatore Moretti,Occasionale,Veneto,1,32,Da 30 a 39
713,Novara,NO,28100,Donna,1952-12-29,Margherita Basile,Abituale,Piemonte,1,72,Oltre 64
714,Cesena,FC,47521,Donna,1988-10-10,Federica Romano,Abituale,Emilia-Romagna,1,36,Da 30 a 39
715,Pisa,PI,56100,Uomo,1957-10-03,Riccardo Galli,Occasionale,Toscana,1,67,Oltre 64
716,Livorno,LI,57100,Uomo,1978-09-18,Mario D'Angelo,Abituale,Toscana,1,46,Da 40 a 49
717,Perugia,PG,06100,Uomo,1989-04-20,Leonardo Giuliani,Abituale,Umbria,1,36,Da 30 a 39
718,Catania,CT,95100,Uomo,1983-04-23,Salvatore D'Angelo,Abituale,Sicilia,3,42,Da 40 a 49
719,Pescara,PE,65100,Donna,1958-05-25,Paola Ferrara,Occasionale,Abruzzo,2,66,Oltre 64
720,Palermo,PA,90100,Donna,1959-12-23,Elisa D'Angelo,Abituale,Sicilia,3,65,Oltre 64
721,Marsala,TP,91025,Uomo,1960-08-19,Salvatore Romano,Abituale,Sicilia,3,64,Da 50 a 64
722,Lecce,LE,73100,Uomo,1981-05-29,Sergio Rinaldi,Abituale,Puglia,2,43,Da 40 a 49
723,Sesto San Giovanni,MI,20099,Uomo,1952-01-06,Marco Piras,Occasionale,Lombardia,1,73,Oltre 64
724,Venezia,VE,30100,Uomo,1965-04-21,Dario Farina,Occasionale,Veneto,1,60,Da 50 a 64
725,Frosinone,FR,03100,Uomo,1981-08-07,Federico Silvestri,Abituale,Lazio,1,43,Da 40 a 49
726,Isernia,IS,86170,Donna,1965-05-30,Angela Barone,Occasionale,Molise,2,59,Da 50 a 64
727,Brindisi,BR,72100,Donna,1961-03-24,Chiara Gallo,Abituale,Puglia,2,64,Da 50 a 64
728,Ascoli Piceno,AP,63100,Uomo,1953-02-05,Claudio Palumbo,Abituale,Marche,1,72,Oltre 64
729,Padova,PD,35100,Donna,1987-11-02,Valeria Ferretti,Abituale,Veneto,1,37,Da 30 a 39
730,Massa,MS,54100,Donna,1980-09-28,Valentina Fontana,Occasionale,Toscana,1,44,Da 40 a 49
731,Ascoli Piceno,AP,63100,Donna,1975-02-03,Antonella Martini,Occasionale,Marche,1,50,Da 50 a 64
732,Taranto,TA,74100,Uomo,1998-11-29,Davide Greco,Occasionale,Puglia,2,26,Da 18 a 29
733,Cosenza,CS,87100,Uomo,1961-08-15,Michele Benedetti,Abituale,Calabria,3,63,Da 50 a 64
734,Fermo,FM,63900,Donna,1956-04-07,Paola Gentile,Abituale,Marche,1,69,Oltre 64
735,Bari,BA,70100,Uomo,1992-10-16,Riccardo Rossi,Abituale,Puglia,2,32,Da 30 a 39
736,Isernia,IS,86170,Donna,1979-07-07,Concetta Barone,Abituale,Molise,2,45,Da 40 a 49
737,Pistoia,PT,51100,Uomo,1975-04-01,Daniele Rossi,Occasionale,Toscana,1,50,Da 50 a 64
738,Trapani,TP,91100,Donna,1994-03-17,Maria Coppola,Occasionale,Sicilia,3,31,Da 30 a 39
739,Firenze,FI,50100,Uomo,1952-10-12,Alessandro Ferri,Occasionale,Toscana,1,72,Oltre 64
740,Catanzaro,CZ,88100,Uomo,1992-07-16,Andrea Ferretti,Occasionale,Calabria,3,32,Da 30 a 39
741,Siracusa,SR,96100,Uomo,2000-11-21,Giovanni Carbone,Abituale,Sicilia,3,24,Da 18 a 29
742,Oristano,OR,09170,Uomo,1958-11-28,Davide Donati,Abituale,Sardegna,3,66,Oltre 64
743,Padova,PD,35100,Uomo,1989-12-31,Francesco Sanna,Abituale,Veneto,1,35,Da 30 a 39
744,Arezzo,AR,52100,Uomo,1957-08-05,Sergio Grasso,Abituale,Toscana,1,67,Oltre 64
745,Matera,MT,75100,Donna,1970-01-08,Federica Rizzo,Abituale,Basilicata,3,55,Da 50 a 64
746,Como,CO,22100,Uomo,1979-01-23,Vincenzo Sorrentino,Abituale,Lombardia,1,46,Da 40 a 49
747,Sondrio,SO,23100,Donna,1998-04-15,Maria Cattaneo,Occasionale,Lombardia,1,27,Da 18 a 29
748,Campobasso,CB,86100,Donna,1958-12-20,Cristina Palumbo,Abituale,Molise,2,66,Oltre 64
749,Vibo Valentia,VV,89900,Donna,1980-06-24,Claudia Amato,Abituale,Calabria,3,44,Da 40 a 49
750,Roma,RM,00100,Donna,1970-06-28,Grazia Santoro,Occasionale,Lazio,1,54,Da 50 a 64
751,Cremona,CR,26100,Uomo,1957-12-25,Maurizio Silvestri,Abituale,Lombardia,1,67,Oltre 64
752,Lecce,LE,73100,Donna,1967-08-11,Angela Testa,Abituale,Puglia,2,57,Da 50 a 64
753,Novara,NO,28100,Uomo,1981-11-11,Davide Vitale,Abituale,Piemonte,1,43,Da 40 a 49
754,Potenza,PZ,85100,Uomo,1996-12-31,Giorgio Mancini,Abituale,Basilicata,3,28,Da 18 a 29
755,Giugliano in Campania,NA,80014,Donna,1988-10-15,Giorgia Neri,Abituale,Campania,2,36,Da 30 a 39
756,Siracusa,SR,96100,Donna,1976-06-15,Patrizia De Angelis,Abituale,Sicilia,3,48,Da 40 a 49
757,Genova,GE,16100,Uomo,1981-08-27,Maurizio Moretti,Abituale,Liguria,1,43,Da 40 a 49
758,Lecce,LE,73100,Donna,1961-10-07,Chiara Ferretti,Abituale,Puglia,2,63,Da 50 a 64
759,Avellino,AV,83100,Donna,1990-10-15,Monica Valentini,Abituale,Campania,2,34,Da 30 a 39
760,Agrigento,AG,92100,Donna,1976-08-30,Stefania Basile,Occasionale,Sicilia,3,48,Da 40 a 49
761,Venezia,VE,30100,Uomo,1955-12-14,Emanuele Testa,Occasionale,Veneto,1,69,Oltre 64
762,Lecce,LE,73100,Uomo,1988-03-11,Dario Gatti,Abituale,Puglia,2,37,Da 30 a 39
763,Arezzo,AR,52100,Donna,1973-03-15,Patrizia Orlando,Abituale,Toscana,1,52,Da 50 a 64
764,Trento,TN,38100,Uomo,1968-09-07,Alberto Bernardi,Occasionale,Trentino-Alto Adige,1,56,Da 50 a 64
765,Novara,NO,28100,Uomo,1970-04-12,Marco Basile,Abituale,Piemonte,1,55,Da 50 a 64
766,Como,CO,22100,Uomo,1988-06-09,Stefano Fabbri,Occasionale,Lombardia,1,36,Da 30 a 39
767,Modena,MO,41100,Uomo,1964-03-15,Paolo Ferrari,Abituale,Emilia-Romagna,1,61,Da 50 a 64
768,Sondrio,SO,23100,Donna,1991-02-22,Rita Parisi,Abituale,Lombardia,1,34,Da 30 a 39
769,Isernia,IS,86170,Uomo,1974-05-10,Roberto Conte,Abituale,Molise,2,50,Da 50 a 64
770,Macerata,MC,62100,Donna,1952-12-20,Elisa Mariani,Occasionale,Marche,1,72,Oltre 64
771,Livorno,LI,57100,Uomo,1960-12-25,Mario Lombardo,Occasionale,Toscana,1,64,Da 50 a 64
772,Treviso,TV,31100,Donna,1983-05-21,Grazia Conti,Abituale,Veneto,1,41,Da 40 a 49
773,Teramo,TE,64100,Donna,1951-12-15,Claudia Ferraro,Abituale,Abruzzo,2,73,Oltre 64
774,Padova,PD,35100,Donna,1953-10-07,Simona De Luca,Occasionale,Veneto,1,71,Oltre 64
775,Foggia,FG,71100,Uomo,1991-06-10,Federico Esposito,Abituale,Puglia,2,33,Da 30 a 39
776,Grosseto,GR,58100,Donna,1968-10-30,Lucia Palumbo,Abituale,Toscana,1,56,Da 50 a 64
777,Bari,BA,70100,Donna,1951-10-10,Silvia Mariani,Abituale,Puglia,2,73,Oltre 64
778,Sesto San Giovanni,MI,20099,Uomo,1960-09-05,Leonardo Rizzi,Occasionale,Lombardia,1,64,Da 50 a 64
779,Sassari,SS,07100,Uomo,1952-02-17,Daniele Ferrari,Occasionale,Sardegna,3,73,Oltre 64
780,Caltanissetta,CL,93100,Donna,1966-01-13,Rosa Basile,Abituale,Sicilia,3,59,Da 50 a 64
781,Avellino,AV,83100,Donna,1951-11-10,Sofia Silvestri,Abituale,Campania,2,73,Oltre 64
782,Mantova,MN,46100,Uomo,1957-02-06,Maurizio Giordano,Abituale,Lombardia,1,68,Oltre 64
783,Monza,MB,20900,Donna,1967-11-14,Angela Sala,Abituale,Lombardia,1,57,Da 50 a 64
784,Piacenza,PC,29100,Donna,1961-11-28,Caterina Grasso,Occasionale,Emilia-Romagna,1,63,Da 50 a 64
785,Giugliano in Campania,NA,80014,Uomo,1996-05-21,Carmelo Bianchi,Occasionale,Campania,2,28,Da 18 a 29
786,Milano,MI,20100,Uomo,1989-05-19,Giuseppe Basile,Abituale,Lombardia,1,35,Da 30 a 39
787,Crotone,KR,88900,Uomo,1977-09-22,Nicola Lombardi,Occasionale,Calabria,3,47,Da 40 a 49
788,Verbania,VB,28921,Uomo,1957-02-21,Maurizio Lombardi,Abituale,Piemonte,1,68,Oltre 64
789,Grosseto,GR,58100,Uomo,1982-04-28,Maurizio Valentini,Occasionale,Toscana,1,42,Da 40 a 49
790,Cremona,CR,26100,Uomo,1977-01-17,Andrea Monti,Occasionale,Lombardia,1,48,Da 40 a 49
791,Treviso,TV,31100,Uomo,1990-02-10,Giuseppe Palumbo,Occasionale,Veneto,1,35,Da 30 a 39
792,Napoli,NA,80100,Donna,1981-03-30,Elisabetta Fontana,Occasionale,Campania,2,44,Da 40 a 49
793,Pistoia,PT,51100,Donna,2000-12-31,Alessandra Colombo,Occasionale,Toscana,1,24,Da 18 a 29
794,Bari,BA,70100,Uomo,1978-04-29,Alessandro Giuliani,Occasionale,Puglia,2,46,Da 40 a 49
795,Monza,MB,20900,Donna,1976-07-19,Giuseppina Valentini,Abituale,Lombardia,1,48,Da 40 a 49
796,Imperia,IM,18100,Uomo,1997-09-21,Claudio Ferraro,Abituale,Liguria,1,27,Da 18 a 29
797,Verbania,VB,28921,Donna,1955-01-24,Laura Marini,Abituale,Piemonte,1,70,Oltre 64
798,Mantova,MN,46100,Uomo,1956-07-03,Francesco Rizzo,Occasionale,Lombardia,1,68,Oltre 64
799,Forlì,FC,47121,Donna,1998-12-14,Giulia Amato,Abituale,Emilia-Romagna,1,26,Da 18 a 29
800,Foggia,FG,71100,Uomo,1960-01-09,Francesco Sanna,Occasionale,Puglia,2,65,Oltre 64
801,Biella,BI,13900,Uomo,2000-08-11,Franco Mazza,Abituale,Piemonte,1,24,Da 18 a 29
802,Potenza,PZ,85100,Donna,1992-05-15,Concetta Conti,Abituale,Basilicata,3,32,Da 30 a 39
803,Pesaro,PU,61100,Uomo,1980-03-21,Dario Grassi,Abituale,Marche,1,45,Da 40 a 49
804,Monza,MB,20900,Uomo,1982-01-07,Carlo Arena,Abituale,Lombardia,1,43,Da 40 a 49
805,Brescia,BS,25100,Uomo,1998-01-15,Luca Coppola,Abituale,Lombardia,1,27,Da 18 a 29
806,Sesto San Giovanni,MI,20099,Donna,1963-12-14,Valentina Russo,Occasionale,Lombardia,1,61,Da 50 a 64
807,Oristano,OR,09170,Uomo,1962-10-31,Alberto Neri,Occasionale,Sardegna,3,62,Da 50 a 64
808,Nuoro,NU,08100,Uomo,1980-02-12,Roberto Conti,Abituale,Sardegna,3,45,Da 40 a 49
809,Aosta,AO,11100,Donna,1968-09-03,Federica Coppola,Occasionale,Valle d'Aosta,1,56,Da 50 a 64
810,Rieti,RI,02100,Uomo,1999-12-21,Dario Martinelli,Abituale,Lazio,1,25,Da 18 a 29
811,Pistoia,PT,51100,Uomo,1990-10-19,Paolo Martinelli,Occasionale,Toscana,1,34,Da 30 a 39
812,Cosenza,CS,87100,Uomo,1997-12-31,Fabio De Angelis,Abituale,Calabria,3,27,Da 18 a 29
813,Crotone,KR,88900,Donna,1963-01-03,Antonella Sorrentino,Occasionale,Calabria,3,62,Da 50 a 64
814,Modena,MO,41100,Uomo,1994-09-18,Domenico Ferri,Abituale,Emilia-Romagna,1,30,Da 30 a 39
815,Perugia,PG,06100,Uomo,1955-10-25,Paolo Villa,Abituale,Umbria,1,69,Oltre 64
816,Padova,PD,35100,Donna,1970-04-01,Alessandra Galli,Abituale,Veneto,1,55,Da 50 a 64
817,Varese,VA,21100,Uomo,1967-12-23,Paolo Ferretti,Occasionale,Lombardia,1,57,Da 50 a 64
818,Enna,EN,94100,Donna,1977-10-09,Rosa Ricci,Abituale,Sicilia,3,47,Da 40 a 49
819,Sondrio,SO,23100,Donna,1976-07-09,Caterina Messina,Abituale,Lombardia,1,48,Da 40 a 49
820,Bergamo,BG,24100,Uomo,1954-09-17,Claudio Parisi,Abituale,Lombardia,1,70,Oltre 64
821,Sesto San Giovanni,MI,20099,Donna,1972-04-18,Elena Ferretti,Occasionale,Lombardia,1,53,Da 50 a 64
822,Bari,BA,70100,Uomo,1956-07-16,Carmelo Mancini,Abituale,Puglia,2,68,Oltre 64
823,Sassari,SS,07100,Uomo,1984-03-20,Giorgio Sala,Occasionale,Sardegna,3,41,Da 40 a 49
824,Livorno,LI,57100,Donna,1951-04-18,Margherita Parisi,Abituale,Toscana,1,74,Oltre 64
825,Palermo,PA,90100,Uomo,1993-10-09,Leonardo Pellegrino,Abituale,Sicilia,3,31,Da 30 a 39
826,Perugia,PG,06100,Uomo,1977-05-03,Roberto Gentile,Abituale,Umbria,1,47,Da 40 a 49
827,Ancona,AN,60100,Donna,1988-11-29,Silvia Basile,Occasionale,Marche,1,36,Da 30 a 39
828,Siracusa,SR,96100,Donna,1994-06-29,Cristina Palumbo,Abituale,Sicilia,3,30,Da 30 a 39
829,Verona,VR,37100,Donna,1979-03-07,Concetta Palumbo,Abituale,Veneto,1,46,Da 40 a 49
830,Enna,EN,94100,Donna,1987-06-24,Concetta Orlando,Abituale,Sicilia,3,37,Da 30 a 39
831,Gorizia,GO,34170,Uomo,1996-10-10,Claudio De Luca,Occasionale,Friuli-Venezia Giulia,1,28,Da 18 a 29
832,Reggio Calabria,RC,89100,Uomo,1992-04-25,Antonio Gallo,Occasionale,Calabria,3,33,Da 30 a 39
833,Isernia,IS,86170,Uomo,1975-02-07,Alberto Marchetti,Abituale,Molise,2,50,Da 50 a 64
834,Vicenza,VI,36100,Donna,1952-08-23,Valentina Valentini,Occasionale,Veneto,1,72,Oltre 64
835,Pisa,PI,56100,Donna,1951-06-03,Emanuela Gatti,Occasionale,Toscana,1,73,Oltre 64
836,Trieste,TS,34100,Uomo,1999-05-30,Pasquale Barbieri,Abituale,Friuli-Venezia Giulia,1,25,Da 18 a 29
837,Busto Arsizio,VA,21052,Donna,1952-09-02,Ilaria Gatti,Abituale,Lombardia,1,72,Oltre 64
838,Macerata,MC,62100,Donna,1972-08-31,Chiara Parisi,Abituale,Marche,1,52,Da 50 a 64
839,Caltanissetta,CL,93100,Donna,1998-02-06,Emanuela Benedetti,Abituale,Sicilia,3,27,Da 18 a 29
840,Pescara,PE,65100,Donna,1963-05-08,Giorgia Romano,Occasionale,Abruzzo,2,61,Da 50 a 64
841,Aosta,AO,11100,Donna,1953-05-07,Laura Bellini,Abituale,Valle d'Aosta,1,71,Oltre 64
842,Perugia,PG,06100,Donna,1965-06-02,Grazia Valentini,Abituale,Umbria,1,59,Da 50 a 64
843,Lecco,LC,23900,Donna,1996-09-04,Alessandra De Luca,Abituale,Lombardia,1,28,Da 18 a 29
844,Caltanissetta,CL,93100,Uomo,1953-12-10,Angelo Piras,Abituale,Sicilia,3,71,Oltre 64
845,Caserta,CE,81100,Donna,1999-05-26,Margherita Neri,Abituale,Campania,2,25,Da 18 a 29
846,Gorizia,GO,34170,Donna,1979-09-18,Valentina Giuliani,Abituale,Friuli-Venezia Giulia,1,45,Da 40 a 49
847,Livorno,LI,57100,Donna,1970-06-01,Emanuela Sanna,Abituale,Toscana,1,54,Da 50 a 64
848,Treviso,TV,31100,Donna,1967-07-22,Emanuela Basile,Abituale,Veneto,1,57,Da 50 a 64
849,Brescia,BS,25100,Uomo,1952-09-28,Riccardo De Rosa,Occasionale,Lombardia,1,72,Oltre 64
850,Agrigento,AG,92100,Uomo,1989-02-05,Leonardo Silvestri,Abituale,Sicilia,3,36,Da 30 a 39
851,Modena,MO,41100,Uomo,1961-10-28,Andrea Caputo,Abituale,Emilia-Romagna,1,63,Da 50 a 64
852,Livorno,LI,57100,Donna,1976-08-14,Sara Barbieri,Abituale,Toscana,1,48,Da 40 a 49
853,Bari,BA,70100,Donna,1971-08-29,Paola Coppola,Abituale,Puglia,2,53,Da 50 a 64
854,Barletta,BT,76121,Donna,1958-09-26,Ilaria Gatti,Occasionale,Puglia,2,66,Oltre 64
855,Marsala,TP,91025,Uomo,1970-02-22,Sergio Donati,Abituale,Sicilia,3,55,Da 50 a 64
856,Mantova,MN,46100,Uomo,1971-07-27,Fabio Colombo,Abituale,Lombardia,1,53,Da 50 a 64
857,Perugia,PG,06100,Donna,1960-08-19,Anna Pellegrino,Abituale,Umbria,1,64,Da 50 a 64
858,Bologna,BO,40100,Uomo,1988-09-26,Roberto Ruggiero,Occasionale,Emilia-Romagna,1,36,Da 30 a 39
859,Forlì,FC,47121,Uomo,1979-07-28,Domenico Gatti,Occasionale,Emilia-Romagna,1,45,Da 40 a 49
860,Isernia,IS,86170,Donna,1974-04-14,Federica Moretti,Occasionale,Molise,2,51,Da 50 a 64
861,Oristano,OR,09170,Uomo,1962-01-19,Andrea Fiore,Abituale,Sardegna,3,63,Da 50 a 64
862,Foggia,FG,71100,Uomo,1985-06-26,Paolo Barbieri,Occasionale,Puglia,2,39,Da 30 a 39
863,Vicenza,VI,36100,Uomo,1992-02-21,Massimo Leone,Abituale,Veneto,1,33,Da 30 a 39
864,Agrigento,AG,92100,Donna,1952-01-21,Teresa Basile,Abituale,Sicilia,3,73,Oltre 64
865,Massa,MS,54100,Donna,1974-12-02,Francesca Piras,Occasionale,Toscana,1,50,Da 50 a 64
866,Pavia,PV,27100,Uomo,1957-04-17,Enzo Piras,Abituale,Lombardia,1,68,Oltre 64
867,Pordenone,PN,33170,Uomo,1974-03-25,Riccardo Carli,Abituale,Friuli-Venezia Giulia,1,51,Da 50 a 64
868,Verona,VR,37100,Uomo,1986-05-09,Sergio Serra,Abituale,Veneto,1,38,Da 30 a 39
869,Trieste,TS,34100,Uomo,1956-09-12,Michele Morelli,Abituale,Friuli-Venezia Giulia,1,68,Oltre 64
870,Gorizia,GO,34170,Donna,1983-07-30,Caterina Rinaldi,Abituale,Friuli-Venezia Giulia,1,41,Da 40 a 49
871,Modena,MO,41100,Donna,1959-10-25,Laura Bianco,Occasionale,Emilia-Romagna,1,65,Oltre 64
872,Barletta,BT,76121,Donna,1973-04-30,Valeria Longo,Abituale,Puglia,2,51,Da 50 a 64
873,Busto Arsizio,VA,21052,Uomo,2000-09-28,Stefano Grasso,Occasionale,Lombardia,1,24,Da 18 a 29
874,Marsala,TP,91025,Donna,1970-01-11,Grazia Orlando,Abituale,Sicilia,3,55,Da 50 a 64
875,Napoli,NA,80100,Uomo,1955-09-04,Salvatore Pagano,Abituale,Campania,2,69,Oltre 64
876,Grosseto,GR,58100,Uomo,1984-12-29,Daniele Leone,Abituale,Toscana,1,40,Da 40 a 49
877,Verbania,VB,28921,Uomo,1983-10-08,Federico D'Amico,Abituale,Piemonte,1,41,Da 40 a 49
878,Terni,TR,05100,Donna,1963-04-21,Chiara Orlando,Abituale,Umbria,1,62,Da 50 a 64
879,Salerno,SA,84100,Uomo,1991-10-21,Mario Carli,Abituale,Campania,2,33,Da 30 a 39
880,Pistoia,PT,51100,Uomo,1966-07-04,Massimo Rizzi,Abituale,Toscana,1,58,Da 50 a 64
881,Latina,LT,04100,Donna,1952-04-16,Angela Barone,Abituale,Lazio,1,73,Oltre 64
882,Vicenza,VI,36100,Donna,1967-09-23,Rita Silvestri,Abituale,Veneto,1,57,Da 50 a 64
883,Vercelli,VC,13100,Uomo,1956-10-04,Pietro Carli,Occasionale,Piemonte,1,68,Oltre 64
884,Nuoro,NU,08100,Uomo,1954-08-10,Sergio Rizzo,Abituale,Sardegna,3,70,Oltre 64
885,Vibo Valentia,VV,89900,Uomo,1952-07-01,Salvatore Ruggiero,Occasionale,Calabria,3,72,Oltre 64
886,Lucca,LU,55100,Donna,1989-09-24,Patrizia Bianchi,Abituale,Toscana,1,35,Da 30 a 39
887,Ferrara,FE,44100,Donna,1998-05-21,Grazia Ferri,Abituale,Emilia-Romagna,1,26,Da 18 a 29
888,Rimini,RN,47900,Uomo,1967-07-19,Federico Gatti,Abituale,Emilia-Romagna,1,57,Da 50 a 64
889,Taranto,TA,74100,Uomo,1954-03-23,Marco Rizzo,Abituale,Puglia,2,71,Oltre 64
890,Terni,TR,05100,Uomo,1961-04-01,Vincenzo Ferrero,Occasionale,Umbria,1,64,Da 50 a 64
891,Treviso,TV,31100,Donna,1982-04-03,Anna Valentini,Abituale,Veneto,1,43,Da 40 a 49
892,Frosinone,FR,03100,Uomo,1959-03-23,Sergio Piras,Occasionale,Lazio,1,66,Oltre 64
893,Cosenza,CS,87100,Donna,1980-04-19,Teresa D'Angelo,Occasionale,Calabria,3,45,Da 40 a 49
894,Oristano,OR,09170,Donna,1963-02-04,Cristina Mariani,Abituale,Sardegna,3,62,Da 50 a 64
895,Gela,CL,93012,Uomo,1987-11-09,Angelo Bernardi,Abituale,Sicilia,3,37,Da 30 a 39
896,Cremona,CR,26100,Uomo,1960-12-04,Pietro Grassi,Occasionale,Lombardia,1,64,Da 50 a 64
897,Pisa,PI,56100,Uomo,1950-12-14,Giorgio Leone,Occasionale,Toscana,1,74,Oltre 64
898,Bolzano,BZ,39100,Uomo,1995-10-21,Luca Donati,Abituale,Trentino-Alto Adige,1,29,Da 18 a 29
899,Pistoia,PT,51100,Donna,1995-08-04,Alessandra Bianchi,Occasionale,Toscana,1,29,Da 18 a 29
900,Pisa,PI,56100,Uomo,1958-05-01,Alberto Ferrero,Occasionale,Toscana,1,66,Oltre 64
901,Catania,CT,95100,Donna,1970-09-22,Ilaria Conti,Abituale,Sicilia,3,54,Da 50 a 64
902,Piacenza,PC,29100,Uomo,1974-12-27,Luca D'Amico,Occasionale,Emilia-Romagna,1,50,Da 50 a 64
903,Oristano,OR,09170,Donna,1984-04-02,Rosa Gatti,Abituale,Sardegna,3,41,Da 40 a 49
904,Monza,MB,20900,Uomo,1973-07-16,Salvatore Carli,Abituale,Lombardia,1,51,Da 50 a 64
905,Brindisi,BR,72100,Uomo,1987-01-29,Davide Benedetti,Occasionale,Puglia,2,38,Da 30 a 39
906,Massa,MS,54100,Uomo,1953-08-14,Sergio Vitale,Abituale,Toscana,1,71,Oltre 64
907,Vicenza,VI,36100,Uomo,1961-09-15,Claudio Leone,Occasionale,Veneto,1,63,Da 50 a 64
908,Trento,TN,38100,Uomo,1984-09-01,Angelo Rossi,Abituale,Trentino-Alto Adige,1,40,Da 40 a 49
909,Avellino,AV,83100,Uomo,1961-05-02,Alessandro Conti,Occasionale,Campania,2,63,Da 50 a 64
910,Alessandria,AL,15100,Donna,1999-01-23,Francesca Rinaldi,Occasionale,Piemonte,1,26,Da 18 a 29
911,Busto Arsizio,VA,21052,Uomo,1972-06-01,Vincenzo Vitale,Abituale,Lombardia,1,52,Da 50 a 64
912,Macerata,MC,62100,Donna,1962-09-10,Carmela Marchetti,Occasionale,Marche,1,62,Da 50 a 64
913,Matera,MT,75100,Donna,1951-04-13,Lucia Testa,Occasionale,Basilicata,3,74,Oltre 64
914,Biella,BI,13900,Donna,1993-03-13,Emanuela Arena,Occasionale,Piemonte,1,32,Da 30 a 39
915,Venezia,VE,30100,Uomo,1977-12-28,Salvatore Valentini,Abituale,Veneto,1,47,Da 40 a 49
916,Treviso,TV,31100,Donna,1989-11-08,Carmela Galli,Occasionale,Veneto,1,35,Da 30 a 39
917,Ragusa,RG,97100,Donna,1991-10-29,Giovanna Mazza,Occasionale,Sicilia,3,33,Da 30 a 39
918,Oristano,OR,09170,Uomo,1975-05-30,Alberto Guerra,Abituale,Sardegna,3,49,Da 40 a 49
919,Torino,TO,10100,Donna,1964-05-20,Stefania Grassi,Abituale,Piemonte,1,60,Da 50 a 64
920,Rimini,RN,47900,Donna,2000-12-27,Roberta Benedetti,Abituale,Emilia-Romagna,1,24,Da 18 a 29
921,Enna,EN,94100,Uomo,1962-11-11,Sergio Coppola,Abituale,Sicilia,3,62,Da 50 a 64
922,Giugliano in Campania,NA,80014,Uomo,1952-10-31,Roberto Sanna,Abituale,Campania,2,72,Oltre 64
923,Brindisi,BR,72100,Uomo,1989-02-15,Claudio Gentile,Occasionale,Puglia,2,36,Da 30 a 39
924,Taranto,TA,74100,Donna,1973-10-03,Elena Colombo,Occasionale,Puglia,2,51,Da 50 a 64
925,Milano,MI,20100,Uomo,1957-03-03,Enzo Vitale,Abituale,Lombardia,1,68,Oltre 64
926,Arezzo,AR,52100,Donna,1966-11-16,Caterina Romano,Abituale,Toscana,1,58,Da 50 a 64
927,Arezzo,AR,52100,Uomo,1953-01-22,Dario Greco,Occasionale,Toscana,1,72,Oltre 64
928,Gorizia,GO,34170,Uomo,1983-02-20,Francesco Neri,Abituale,Friuli-Venezia Giulia,1,42,Da 40 a 49
929,Treviso,TV,31100,Donna,1961-03-29,Sara Barone,Occasionale,Veneto,1,64,Da 50 a 64
930,Asti,AT,14100,Donna,1977-05-15,Carmela Piras,Occasionale,Piemonte,1,47,Da 40 a 49
931,Bolzano,BZ,39100,Uomo,1982-03-10,Maurizio Colombo,Occasionale,Trentino-Alto Adige,1,43,Da 40 a 49
932,Brindisi,BR,72100,Uomo,1984-07-29,Enzo Sorrentino,Abituale,Puglia,2,40,Da 40 a 49
933,Forlì,FC,47121,Uomo,1964-12-04,Massimo Piras,Abituale,Emilia-Romagna,1,60,Da 50 a 64
934,Cremona,CR,26100,Uomo,1966-01-19,Paolo Ferraro,Occasionale,Lombardia,1,59,Da 50 a 64
935,Pescara,PE,65100,Uomo,1967-06-13,Marco Mancini,Abituale,Abruzzo,2,57,Da 50 a 64
936,Giugliano in Campania,NA,80014,Donna,1950-08-15,Federica Monti,Abituale,Campania,2,74,Oltre 64
937,Brindisi,BR,72100,Donna,1991-01-15,Silvia Giordano,Abituale,Puglia,2,34,Da 30 a 39
938,Lecco,LC,23900,Donna,1999-05-18,Paola Carli,Abituale,Lombardia,1,25,Da 18 a 29
939,Perugia,PG,06100,Donna,1969-05-30,Rita Palumbo,Occasionale,Umbria,1,55,Da 50 a 64
940,Venezia,VE,30100,Uomo,1955-07-08,Michele Basile,Abituale,Veneto,1,69,Oltre 64
941,Brindisi,BR,72100,Uomo,1961-08-11,Giovanni Romano,Abituale,Puglia,2,63,Da 50 a 64
942,Catanzaro,CZ,88100,Uomo,1954-08-05,Franco Basile,Abituale,Calabria,3,70,Oltre 64
943,Salerno,SA,84100,Donna,1952-03-28,Elisa Romeo,Abituale,Campania,2,73,Oltre 64
944,Prato,PO,59100,Uomo,1954-07-28,Emanuele Caruso,Abituale,Toscana,1,70,Oltre 64
945,Ravenna,RA,48100,Uomo,1955-02-11,Giorgio Rizzi,Abituale,Emilia-Romagna,1,70,Oltre 64
946,Lecce,LE,73100,Uomo,1977-07-30,Luca Orlando,Occasionale,Puglia,2,47,Da 40 a 49
947,Rimini,RN,47900,Donna,1982-08-09,Elisabetta Rinaldi,Occasionale,Emilia-Romagna,1,42,Da 40 a 49
948,Monza,MB,20900,Donna,1990-11-12,Anna Gatti,Occasionale,Lombardia,1,34,Da 30 a 39
949,Pisa,PI,56100,Uomo,1963-07-21,Carlo Neri,Occasionale,Toscana,1,61,Da 50 a 64
950,Ravenna,RA,48100,Uomo,1981-08-19,Roberto Mancini,Abituale,Emilia-Romagna,1,43,Da 40 a 49
951,Lodi,LO,26900,Donna,1973-04-29,Teresa Marino,Abituale,Lombardia,1,51,Da 50 a 64
952,Frosinone,FR,03100,Uomo,1969-10-07,Massimo Mariani,Abituale,Lazio,1,55,Da 50 a 64
953,Asti,AT,14100,Donna,1971-03-25,Patrizia Villa,Occasionale,Piemonte,1,54,Da 50 a 64
954,Padova,PD,35100,Uomo,1993-07-05,Alberto Conti,Abituale,Veneto,1,31,Da 30 a 39
955,Reggio Emilia,RE,42100,Uomo,1999-05-22,Maurizio Ferrara,Abituale,Emilia-Romagna,1,25,Da 18 a 29
956,Caserta,CE,81100,Donna,1989-08-13,Concetta Basile,Abituale,Campania,2,35,Da 30 a 39
957,Catanzaro,CZ,88100,Uomo,1979-04-05,Claudio Leone,Occasionale,Calabria,3,46,Da 40 a 49
958,Torre del Greco,NA,80059,Uomo,1981-12-29,Angelo Santoro,Occasionale,Campania,2,43,Da 40 a 49
959,Andria,BT,76123,Donna,1960-01-14,Chiara Grasso,Abituale,Puglia,2,65,Oltre 64
960,Perugia,PG,06100,Donna,1970-01-04,Angela Mariani,Occasionale,Umbria,1,55,Da 50 a 64
961,Modena,MO,41100,Donna,1968-02-11,Grazia Rizzo,Abituale,Emilia-Romagna,1,57,Da 50 a 64
962,Como,CO,22100,Donna,1971-06-25,Silvia Fiore,Abituale,Lombardia,1,53,Da 50 a 64
963,Giugliano in Campania,NA,80014,Donna,1992-02-16,Elisabetta Ferretti,Abituale,Campania,2,33,Da 30 a 39
964,Sondrio,SO,23100,Donna,1988-03-11,Claudia Conti,Abituale,Lombardia,1,37,Da 30 a 39
965,Belluno,BL,32100,Donna,1985-04-07,Elisa Martini,Abituale,Veneto,1,40,Da 40 a 49
966,L'Aquila,AQ,67100,Uomo,1993-09-21,Alberto Grassi,Abituale,Abruzzo,2,31,Da 30 a 39
967,Firenze,FI,50100,Uomo,1964-08-28,Daniele Bianco,Occasionale,Toscana,1,60,Da 50 a 64
968,Viterbo,VT,01100,Donna,1976-11-25,Elena Conti,Abituale,Lazio,1,48,Da 40 a 49
969,Sondrio,SO,23100,Donna,1979-11-07,Elisa Farina,Occasionale,Lombardia,1,45,Da 40 a 49
970,Arezzo,AR,52100,Uomo,1965-08-28,Luigi Martini,Occasionale,Toscana,1,59,Da 50 a 64
971,Reggio Calabria,RC,89100,Donna,1959-11-26,Teresa De Luca,Abituale,Calabria,3,65,Oltre 64
972,Taranto,TA,74100,Uomo,1986-06-08,Stefano Ferrero,Abituale,Puglia,2,38,Da 30 a 39
973,Siena,SI,53100,Donna,1968-09-06,Laura Grassi,Abituale,Toscana,1,56,Da 50 a 64
974,Barletta,BT,76121,Donna,1980-08-19,Margherita Vitale,Occasionale,Puglia,2,44,Da 40 a 49
975,Modena,MO,41100,Uomo,1991-04-03,Roberto Barone,Occasionale,Emilia-Romagna,1,34,Da 30 a 39
976,Barletta,BT,76121,Uomo,1982-11-28,Angelo Arena,Abituale,Puglia,2,42,Da 40 a 49
977,Verbania,VB,28921,Uomo,1976-03-30,Carlo Gatti,Abituale,Piemonte,1,49,Da 40 a 49
978,Udine,UD,33100,Uomo,1985-02-03,Roberto Martinelli,Occasionale,Friuli-Venezia Giulia,1,40,Da 40 a 49
979,Ascoli Piceno,AP,63100,Uomo,1980-01-11,Antonio Barbieri,Abituale,Marche,1,45,Da 40 a 49
980,Marsala,TP,91025,Uomo,1979-02-20,Franco Cattaneo,Abituale,Sicilia,3,46,Da 40 a 49
981,Reggio Emilia,RE,42100,Donna,1954-07-29,Teresa Esposito,Abituale,Emilia-Romagna,1,70,Oltre 64
982,Pavia,PV,27100,Uomo,1956-07-06,Luigi Testa,Abituale,Lombardia,1,68,Oltre 64
983,Pistoia,PT,51100,Uomo,1961-10-17,Alessandro Santoro,Occasionale,Toscana,1,63,Da 50 a 64
984,Imperia,IM,18100,Donna,2000-04-01,Silvia Basile,Abituale,Liguria,1,25,Da 18 a 29
985,Marsala,TP,91025,Donna,1990-05-03,Rita Bellini,Occasionale,Sicilia,3,34,Da 30 a 39
986,Rimini,RN,47900,Uomo,1972-05-08,Dario Ricci,Abituale,Emilia-Romagna,1,52,Da 50 a 64
987,Reggio Emilia,RE,42100,Uomo,1960-10-17,Enzo Coppola,Occasionale,Emilia-Romagna,1,64,Da 50 a 64
988,Teramo,TE,64100,Donna,1965-05-02,Rita Russo,Abituale,Abruzzo,2,59,Da 50 a 64
989,La Spezia,SP,19100,Uomo,1965-09-27,Angelo Mariani,Occasionale,Liguria,1,59,Da 50 a 64
990,Pescara,PE,65100,Donna,1973-12-04,Federica Rinaldi,Abituale,Abruzzo,2,51,Da 50 a 64
991,Cesena,FC,47521,Donna,1977-09-05,Ilaria Cattaneo,Abituale,Emilia-Romagna,1,47,Da 40 a 49
992,Ancona,AN,60100,Donna,1963-08-29,Roberta Mazza,Occasionale,Marche,1,61,Da 50 a 64
993,Reggio Emilia,RE,42100,Uomo,1992-12-12,Sergio Martinelli,Abituale,Emilia-Romagna,1,32,Da 30 a 39
994,Agrigento,AG,92100,Uomo,1973-09-11,Antonio Marino,Occasionale,Sicilia,3,51,Da 50 a 64
995,Biella,BI,13900,Uomo,1980-03-03,Fabio Neri,Abituale,Piemonte,1,45,Da 40 a 49
996,Belluno,BL,32100,Donna,1969-12-14,Alessandra Villa,Abituale,Veneto,1,55,Da 50 a 64
997,Lecce,LE,73100,Uomo,1978-08-11,Domenico Morelli,Abituale,Puglia,2,46,Da 40 a 49
998,Milano,MI,20100,Donna,1965-04-29,Giorgia Longo,Occasionale,Lombardia,1,59,Da 50 a 64
999,Teramo,TE,64100,Donna,1994-08-21,Emanuela Rinaldi,Abituale,Abruzzo,2,30,Da 30 a 39
1000,Forlì,FC,47121,Uomo,1983-04-10,Sergio Coppola,Abituale,Emilia-Romagna,1,42,Da 40 a 49
1001,Frosinone,FR,03100,Donna,1985-05-30,Giulia Marino,Occasionale,Lazio,1,39,Da 30 a 39
1002,Caserta,CE,81100,Uomo,1993-04-01,Alberto Carli,Occasionale,Campania,2,32,Da 30 a 39
1003,Rovigo,RO,45100,Uomo,1969-10-09,Maurizio Benedetti,Abituale,Veneto,1,55,Da 50 a 64
1004,Gela,CL,93012,Uomo,1965-12-08,Fabio Barbieri,Abituale,Sicilia,3,59,Da 50 a 64
1005,Lecce,LE,73100,Donna,1981-05-05,Teresa Mancini,Abituale,Puglia,2,43,Da 40 a 49
1006,Varese,VA,21100,Donna,1982-02-01,Rosa Marino,Abituale,Lombardia,1,43,Da 40 a 49
1007,Foggia,FG,71100,Uomo,1972-06-16,Stefano Basile,Abituale,Puglia,2,52,Da 50 a 64
1008,Barletta,BT,76121,Donna,1988-03-18,Valentina Mancini,Abituale,Puglia,2,37,Da 30 a 39
1009,Frosinone,FR,03100,Donna,1988-02-07,Emanuela Caputo,Abituale,Lazio,1,37,Da 30 a 39
1010,Monza,MB,20900,Donna,1950-04-04,Francesca Bernardi,Abituale,Lombardia,1,75,Oltre 64
1011,Grosseto,GR,58100,Uomo,1960-12-05,Nicola Palumbo,Abituale,Toscana,1,64,Da 50 a 64
1012,Catanzaro,CZ,88100,Donna,1986-09-21,Teresa Sanna,Abituale,Calabria,3,38,Da 30 a 39
1013,Frosinone,FR,03100,Uomo,1952-01-14,Pietro Ferrara,Abituale,Lazio,1,73,Oltre 64
1014,Cremona,CR,26100,Uomo,1980-04-24,Franco Fontana,Abituale,Lombardia,1,45,Da 40 a 49
1015,Torre del Greco,NA,80059,Donna,1982-09-19,Giovanna Gentile,Abituale,Campania,2,42,Da 40 a 49
1016,Sesto San Giovanni,MI,20099,Uomo,1969-07-17,Vincenzo De Angelis,Occasionale,Lombardia,1,55,Da 50 a 64
1017,Brescia,BS,25100,Donna,1975-07-02,Concetta Sanna,Abituale,Lombardia,1,49,Da 40 a 49
1018,Parma,PR,43100,Donna,1961-07-12,Concetta Ferrero,Abituale,Emilia-Romagna,1,63,Da 50 a 64
1019,Ancona,AN,60100,Uomo,1956-03-04,Federico Giuliani,Abituale,Marche,1,69,Oltre 64
1020,Massa,MS,54100,Uomo,1960-11-02,Daniele Palumbo,Occasionale,Toscana,1,64,Da 50 a 64
1021,Roma,RM,00100,Uomo,1987-04-29,Fabio Carli,Occasionale,Lazio,1,37,Da 30 a 39
1022,Reggio Emilia,RE,42100,Uomo,1964-06-01,Giorgio Testa,Abituale,Emilia-Romagna,1,60,Da 50 a 64
1023,Oristano,OR,09170,Donna,1992-12-27,Elisabetta Amato,Occasionale,Sardegna,3,32,Da 30 a 39
1024,Barletta,BT,76121,Uomo,2000-04-30,Francesco Martini,Occasionale,Puglia,2,24,Da 18 a 29
1025,Frosinone,FR,03100,Uomo,1977-09-24,Nicola Rizzo,Abituale,Lazio,1,47,Da 40 a 49
1026,Monza,MB,20900,Uomo,1956-04-16,Leonardo Testa,Abituale,Lombardia,1,69,Oltre 64
1027,Potenza,PZ,85100,Uomo,1982-03-30,Antonio Pellegrini,Abituale,Basilicata,3,43,Da 40 a 49
1028,Reggio Calabria,RC,89100,Uomo,1959-03-09,Antonio Rossetti,Abituale,Calabria,3,66,Oltre 64
1029,Roma,RM,00100,Uomo,1956-06-16,Giorgio Barone,Abituale,Lazio,1,68,Oltre 64
1030,Crotone,KR,88900,Donna,1958-03-08,Paola De Angelis,Occasionale,Calabria,3,67,Oltre 64
1031,Pistoia,PT,51100,Donna,1961-04-26,Stefania Moretti,Abituale,Toscana,1,64,Da 50 a 64
1032,Verona,VR,37100,Uomo,1980-02-28,Massimo Palumbo,Abituale,Veneto,1,45,Da 40 a 49
1033,Pisa,PI,56100,Uomo,1959-01-15,Giuseppe Marini,Occasionale,Toscana,1,66,Oltre 64
1034,Catania,CT,95100,Uomo,1975-08-01,Franco Silvestri,Abituale,Sicilia,3,49,Da 40 a 49
1035,Bolzano,BZ,39100,Donna,1999-09-14,Rosa Fontana,Occasionale,Trentino-Alto Adige,1,25,Da 18 a 29
1036,Matera,MT,75100,Uomo,1981-12-31,Giorgio Ferretti,Occasionale,Basilicata,3,43,Da 40 a 49
1037,Oristano,OR,09170,Uomo,1959-08-28,Emanuele Amato,Occasionale,Sardegna,3,65,Oltre 64
1038,Pescara,PE,65100,Donna,1998-10-20,Paola Bernardi,Abituale,Abruzzo,2,26,Da 18 a 29
1039,Monza,MB,20900,Donna,1998-07-10,Francesca Conte,Abituale,Lombardia,1,26,Da 18 a 29
1040,Firenze,FI,50100,Uomo,1966-04-17,Michele Greco,Abituale,Toscana,1,59,Da 50 a 64
1041,Cagliari,CA,09100,Donna,1956-06-03,Elisa Silvestri,Abituale,Sardegna,3,68,Oltre 64
1042,Ravenna,RA,48100,Donna,1960-12-10,Valentina Grassi,Occasionale,Emilia-Romagna,1,64,Da 50 a 64
1043,Como,CO,22100,Donna,1958-12-12,Margherita Pellegrino,Abituale,Lombardia,1,66,Oltre 64
1044,Caserta,CE,81100,Uomo,1993-05-01,Stefano Villa,Abituale,Campania,2,31,Da 30 a 39
1045,Foggia,FG,71100,Donna,1992-05-05,Elisabetta Neri,Abituale,Puglia,2,32,Da 30 a 39
1046,Macerata,MC,62100,Uomo,1985-10-22,Franco Testa,Abituale,Marche,1,39,Da 30 a 39
1047,Ferrara,FE,44100,Donna,1995-09-07,Giorgia Lombardo,Occasionale,Emilia-Romagna,1,29,Da 18 a 29
1048,Como,CO,22100,Uomo,1973-04-10,Marco Coppola,Occasionale,Lombardia,1,52,Da 50 a 64
1049,Massa,MS,54100,Uomo,1976-06-04,Stefano Rinaldi,Occasionale,Toscana,1,48,Da 40 a 49
1050,Pescara,PE,65100,Donna,1989-02-15,Giorgia Ruggiero,Occasionale,Abruzzo,2,36,Da 30 a 39
1051,Siracusa,SR,96100,Uomo,1957-07-16,Dario Orlando,Abituale,Sicilia,3,67,Oltre 64
1052,Frosinone,FR,03100,Donna,1985-06-13,Angela Benedetti,Abituale,Lazio,1,39,Da 30 a 39
1053,Latina,LT,04100,Uomo,1995-01-12,Salvatore Basile,Abituale,Lazio,1,30,Da 30 a 39
1054,Bologna,BO,40100,Uomo,1986-02-16,Francesco Mancini,Abituale,Emilia-Romagna,1,39,Da 30 a 39
1055,Belluno,BL,32100,Uomo,1969-10-20,Maurizio Palumbo,Occasionale,Veneto,1,55,Da 50 a 64
1056,Pisa,PI,56100,Uomo,1994-12-15,Marco Marini,Abituale,Toscana,1,30,Da 30 a 39
1057,Viterbo,VT,01100,Uomo,1992-01-15,Paolo Moretti,Abituale,Lazio,1,33,Da 30 a 39
1058,Chieti,CH,66100,Uomo,1957-03-07,Luigi Vitale,Abituale,Abruzzo,2,68,Oltre 64
1059,Sassari,SS,07100,Uomo,1969-04-23,Pietro D'Angelo,Occasionale,Sardegna,3,56,Da 50 a 64
1060,Sassari,SS,07100,Uomo,1987-04-27,Enzo Fiore,Occasionale,Sardegna,3,38,Da 30 a 39
1061,Barletta,BT,76121,Uomo,1960-11-24,Antonio Barbieri,Abituale,Puglia,2,64,Da 50 a 64
1062,Andria,BT,76123,Donna,1973-10-12,Claudia Franco,Occasionale,Puglia,2,51,Da 50 a 64
1063,Chieti,CH,66100,Uomo,1961-06-30,Massimo Ferri,Occasionale,Abruzzo,2,63,Da 50 a 64
1064,Cagliari,CA,09100,Donna,1971-03-11,Sofia Marchetti,Abituale,Sardegna,3,54,Da 50 a 64
1065,Pistoia,PT,51100,Donna,1996-08-28,Chiara Marchetti,Abituale,Toscana,1,28,Da 18 a 29
1066,Trieste,TS,34100,Donna,1999-07-03,Elisabetta Rizzi,Abituale,Friuli-Venezia Giulia,1,25,Da 18 a 29
1067,Pavia,PV,27100,Uomo,2000-03-15,Massimo Ferraro,Abituale,Lombardia,1,25,Da 18 a 29
1068,Pavia,PV,27100,Uomo,1994-12-09,Angelo Pellegrino,Occasionale,Lombardia,1,30,Da 30 a 39
1069,Monza,MB,20900,Donna,1960-06-13,Elisa Basile,Occasionale,Lombardia,1,64,Da 50 a 64
1070,Salerno,SA,84100,Uomo,1966-05-06,Bruno D'Angelo,Abituale,Campania,2,58,Da 50 a 64
1071,Bologna,BO,40100,Donna,1952-12-03,Margherita Testa,Occasionale,Emilia-Romagna,1,72,Oltre 64
1072,Pistoia,PT,51100,Donna,1957-11-21,Maria Sanna,Abituale,Toscana,1,67,Oltre 64
1073,Messina,ME,98100,Donna,1970-11-08,Alessandra Ferrari,Occasionale,Sicilia,3,54,Da 50 a 64
1074,Rimini,RN,47900,Donna,1988-08-19,Valentina D'Angelo,Abituale,Emilia-Romagna,1,36,Da 30 a 39
1075,Crotone,KR,88900,Donna,1988-03-23,Cristina Bianco,Abituale,Calabria,3,37,Da 30 a 39
1076,Chieti,CH,66100,Donna,1990-08-26,Grazia Romano,Occasionale,Abruzzo,2,34,Da 30 a 39
1077,Aosta,AO,11100,Uomo,1985-08-12,Francesco Mariani,Occasionale,Valle d'Aosta,1,39,Da 30 a 39
1078,Grosseto,GR,58100,Uomo,1986-02-18,Luigi Fiore,Occasionale,Toscana,1,39,Da 30 a 39
1079,Belluno,BL,32100,Donna,1959-02-23,Monica Benedetti,Occasionale,Veneto,1,66,Oltre 64
1080,Parma,PR,43100,Donna,1994-08-07,Alessandra Valentini,Abituale,Emilia-Romagna,1,30,Da 30 a 39
1081,Arezzo,AR,52100,Donna,1975-10-07,Simona Valentini,Abituale,Toscana,1,49,Da 40 a 49
1082,Pordenone,PN,33170,Donna,1998-08-07,Cristina Ferrari,Abituale,Friuli-Venezia Giulia,1,26,Da 18 a 29
1083,Caserta,CE,81100,Uomo,1972-05-03,Daniele Rossetti,Occasionale,Campania,2,52,Da 50 a 64
1084,Forlì,FC,47121,Donna,1999-12-06,Antonella Leone,Occasionale,Emilia-Romagna,1,25,Da 18 a 29
1085,Grosseto,GR,58100,Uomo,1964-04-11,Dario Romano,Occasionale,Toscana,1,61,Da 50 a 64
1086,Siena,SI,53100,Donna,1951-10-14,Antonella Gentile,Occasionale,Toscana,1,73,Oltre 64
1087,Monza,MB,20900,Uomo,1951-09-10,Alessandro Sorrentino,Abituale,Lombardia,1,73,Oltre 64
1088,Firenze,FI,50100,Donna,1972-02-26,Rosa Amato,Occasionale,Toscana,1,53,Da 50 a 64
1089,Verona,VR,37100,Donna,1992-09-14,Stefania Coppola,Abituale,Veneto,1,32,Da 30 a 39
1090,Busto Arsizio,VA,21052,Donna,1962-06-17,Rita Benedetti,Occasionale,Lombardia,1,62,Da 50 a 64
1091,Fermo,FM,63900,Donna,1989-12-31,Giulia Bianco,Occasionale,Marche,1,35,Da 30 a 39
1092,Avellino,AV,83100,Uomo,1980-12-15,Alessandro D'Amico,Abituale,Campania,2,44,Da 40 a 49
1093,Sesto San Giovanni,MI,20099,Uomo,1973-08-16,Claudio D'Angelo,Occasionale,Lombardia,1,51,Da 50 a 64
1094,Frosinone,FR,03100,Donna,1999-11-17,Elisabetta Bernardi,Abituale,Lazio,1,25,Da 18 a 29
1095,Bolzano,BZ,39100,Donna,1984-01-21,Teresa Arena,Abituale,Trentino-Alto Adige,1,41,Da 40 a 49
1096,Massa,MS,54100,Donna,2000-12-28,Federica Rossetti,Abituale,Toscana,1,24,Da 18 a 29
1097,Cagliari,CA,09100,Uomo,1994-04-18,Leonardo Conti,Occasionale,Sardegna,3,31,Da 30 a 39
1098,Ascoli Piceno,AP,63100,Donna,1996-08-27,Ilaria Moretti,Occasionale,Marche,1,28,Da 18 a 29
1099,Oristano,OR,09170,Uomo,1990-09-07,Marco Rizzi,Abituale,Sardegna,3,34,Da 30 a 39
1100,Ragusa,RG,97100,Donna,1955-11-18,Rita Lombardo,Abituale,Sicilia,3,69,Oltre 64
1101,Forlì,FC,47121,Donna,1976-08-18,Chiara Pagano,Abituale,Emilia-Romagna,1,48,Da 40 a 49
1102,Lecco,LC,23900,Uomo,1963-08-14,Pasquale Ferraro,Abituale,Lombardia,1,61,Da 50 a 64
1103,Venezia,VE,30100,Uomo,1970-02-20,Andrea Palumbo,Occasionale,Veneto,1,55,Da 50 a 64
1104,Sondrio,SO,23100,Uomo,1967-12-11,Pietro Ferrero,Abituale,Lombardia,1,57,Da 50 a 64
1105,Treviso,TV,31100,Uomo,1979-04-19,Emanuele Monti,Abituale,Veneto,1,46,Da 40 a 49
1106,Varese,VA,21100,Donna,1981-09-21,Concetta Sorrentino,Occasionale,Lombardia,1,43,Da 40 a 49
1107,Taranto,TA,74100,Uomo,1953-07-04,Giovanni Pagano,Abituale,Puglia,2,71,Oltre 64
1108,Macerata,MC,62100,Donna,1993-05-26,Laura Fiore,Abituale,Marche,1,31,Da 30 a 39
1109,Milano,MI,20100,Uomo,1953-10-03,Antonio Ferretti,Abituale,Lombardia,1,71,Oltre 64
1110,Massa,MS,54100,Donna,1985-03-24,Elisabetta De Santis,Abituale,Toscana,1,40,Da 40 a 49
1111,Caserta,CE,81100,Donna,1964-06-02,Valentina D'Angelo,Abituale,Campania,2,60,Da 50 a 64
1112,Rieti,RI,02100,Uomo,1991-07-26,Pietro Esposito,Abituale,Lazio,1,33,Da 30 a 39
1113,Venezia,VE,30100,Donna,1995-03-09,Anna Caputo,Occasionale,Veneto,1,30,Da 30 a 39
1114,Pistoia,PT,51100,Uomo,1995-12-01,Massimo Ferretti,Abituale,Toscana,1,29,Da 18 a 29
1115,Busto Arsizio,VA,21052,Uomo,1987-03-14,Pietro Ferraro,Abituale,Lombardia,1,38,Da 30 a 39
1116,Verbania,VB,28921,Donna,1979-02-11,Giovanna Longo,Abituale,Piemonte,1,46,Da 40 a 49
1117,Siracusa,SR,96100,Donna,1958-12-11,Angela Carbone,Occasionale,Sicilia,3,66,Oltre 64
1118,Siracusa,SR,96100,Uomo,1974-12-17,Nicola Pagano,Occasionale,Sicilia,3,50,Da 50 a 64
1119,Potenza,PZ,85100,Donna,1958-04-30,Antonella Palumbo,Abituale,Basilicata,3,66,Oltre 64
1120,Novara,NO,28100,Donna,1963-07-30,Grazia Rossetti,Occasionale,Piemonte,1,61,Da 50 a 64
1121,Ancona,AN,60100,Donna,1953-09-08,Silvia Arena,Abituale,Marche,1,71,Oltre 64
1122,Ragusa,RG,97100,Uomo,1998-08-31,Carlo Franco,Abituale,Sicilia,3,26,Da 18 a 29
1123,Siracusa,SR,96100,Donna,1991-06-29,Giuseppina D'Amico,Abituale,Sicilia,3,33,Da 30 a 39
1124,Belluno,BL,32100,Donna,1959-06-13,Federica Russo,Abituale,Veneto,1,65,Oltre 64
1125,Roma,RM,00100,Donna,1961-04-22,Chiara Bruno,Abituale,Lazio,1,64,Da 50 a 64
1126,Sesto San Giovanni,MI,20099,Uomo,1993-12-20,Luigi Guerra,Occasionale,Lombardia,1,31,Da 30 a 39
1127,Lodi,LO,26900,Uomo,1967-02-16,Giovanni Gentile,Occasionale,Lombardia,1,58,Da 50 a 64
1128,Messina,ME,98100,Donna,1981-12-02,Concetta Martinelli,Occasionale,Sicilia,3,43,Da 40 a 49
1129,Pistoia,PT,51100,Uomo,1957-04-10,Roberto Villa,Abituale,Toscana,1,68,Oltre 64
1130,Roma,RM,00100,Donna,1984-12-04,Roberta Pellegrini,Abituale,Lazio,1,40,Da 40 a 49
1131,Pesaro,PU,61100,Donna,1964-05-15,Elisa Bianco,Abituale,Marche,1,60,Da 50 a 64
1132,Caltanissetta,CL,93100,Uomo,1985-01-24,Massimo Costa,Abituale,Sicilia,3,40,Da 40 a 49
1133,Nuoro,NU,08100,Donna,2000-08-02,Giuseppina Longo,Abituale,Sardegna,3,24,Da 18 a 29
1134,Matera,MT,75100,Donna,1981-09-06,Giorgia Leone,Occasionale,Basilicata,3,43,Da 40 a 49
1135,Latina,LT,04100,Uomo,1995-12-29,Enzo Ferrero,Abituale,Lazio,1,29,Da 18 a 29
1136,Palermo,PA,90100,Donna,1998-08-22,Margherita Parisi,Occasionale,Sicilia,3,26,Da 18 a 29
1137,Vercelli,VC,13100,Uomo,1965-02-13,Bruno Franco,Abituale,Piemonte,1,60,Da 50 a 64
1138,Torino,TO,10100,Uomo,1970-11-28,Luigi Valentini,Abituale,Piemonte,1,54,Da 50 a 64
1139,Pistoia,PT,51100,Uomo,1968-06-19,Riccardo Marchetti,Abituale,Toscana,1,56,Da 50 a 64
1140,Torino,TO,10100,Uomo,1975-09-26,Alberto Lombardi,Abituale,Piemonte,1,49,Da 40 a 49
1141,Piacenza,PC,29100,Donna,1996-06-11,Elena Fiore,Occasionale,Emilia-Romagna,1,28,Da 18 a 29
1142,Teramo,TE,64100,Uomo,1974-01-16,Daniele Ferrero,Abituale,Abruzzo,2,51,Da 50 a 64
1143,Rovigo,RO,45100,Uomo,1998-04-16,Sergio Giordano,Occasionale,Veneto,1,27,Da 18 a 29
1144,Palermo,PA,90100,Donna,1972-07-24,Francesca Silvestri,Abituale,Sicilia,3,52,Da 50 a 64
1145,Asti,AT,14100,Uomo,1975-07-29,Giovanni Colombo,Abituale,Piemonte,1,49,Da 40 a 49
1146,Barletta,BT,76121,Uomo,1987-04-11,Salvatore Messina,Occasionale,Puglia,2,38,Da 30 a 39
1147,Pistoia,PT,51100,Uomo,1976-12-10,Roberto Bernardi,Occasionale,Toscana,1,48,Da 40 a 49
1148,Ascoli Piceno,AP,63100,Uomo,1959-04-29,Domenico Gatti,Abituale,Marche,1,65,Oltre 64
1149,Savona,SV,17100,Donna,1962-08-11,Caterina De Rosa,Abituale,Liguria,1,62,Da 50 a 64
1150,Treviso,TV,31100,Uomo,1997-09-20,Sergio Costa,Abituale,Veneto,1,27,Da 18 a 29
1151,Venezia,VE,30100,Uomo,1969-11-11,Leonardo Gentile,Abituale,Veneto,1,55,Da 50 a 64
1152,Genova,GE,16100,Uomo,1974-05-04,Mario Coppola,Abituale,Liguria,1,50,Da 50 a 64
1153,Mantova,MN,46100,Donna,1999-02-02,Sofia Bernardi,Abituale,Lombardia,1,26,Da 18 a 29
1154,Venezia,VE,30100,Uomo,1999-10-25,Pietro Ferretti,Abituale,Veneto,1,25,Da 18 a 29
1155,Cremona,CR,26100,Donna,1984-04-28,Giuseppina Bianchi,Abituale,Lombardia,1,40,Da 40 a 49
1156,Crotone,KR,88900,Uomo,1993-07-16,Vincenzo Martinelli,Occasionale,Calabria,3,31,Da 30 a 39
1157,Macerata,MC,62100,Uomo,1988-09-28,Davide Ricci,Abituale,Marche,1,36,Da 30 a 39
1158,Forlì,FC,47121,Donna,1987-08-05,Alessandra Palumbo,Occasionale,Emilia-Romagna,1,37,Da 30 a 39
1159,Brescia,BS,25100,Donna,1984-06-20,Valeria Donati,Abituale,Lombardia,1,40,Da 40 a 49
1160,Reggio Emilia,RE,42100,Donna,1967-01-31,Stefania Bruno,Abituale,Emilia-Romagna,1,58,Da 50 a 64
1161,Potenza,PZ,85100,Uomo,1998-01-18,Giuseppe Ferrara,Occasionale,Basilicata,3,27,Da 18 a 29
1162,Perugia,PG,06100,Uomo,1959-07-20,Giuseppe Pagano,Occasionale,Umbria,1,65,Oltre 64
1163,Savona,SV,17100,Uomo,1951-07-24,Stefano Farina,Abituale,Liguria,1,73,Oltre 64
1164,Genova,GE,16100,Uomo,1975-01-11,Marco Fiore,Abituale,Liguria,1,50,Da 50 a 64
1165,Verbania,VB,28921,Donna,1979-09-28,Elena Barbieri,Occasionale,Piemonte,1,45,Da 40 a 49
1166,Vibo Valentia,VV,89900,Donna,1986-11-18,Emanuela D'Amico,Abituale,Calabria,3,38,Da 30 a 39
1167,Pordenone,PN,33170,Uomo,1995-08-23,Sergio Basile,Abituale,Friuli-Venezia Giulia,1,29,Da 18 a 29
1168,Pavia,PV,27100,Donna,1958-05-01,Teresa Mariani,Abituale,Lombardia,1,66,Oltre 64
1169,Arezzo,AR,52100,Donna,1984-11-19,Rita Rizzi,Occasionale,Toscana,1,40,Da 40 a 49
1170,Ancona,AN,60100,Donna,1989-08-07,Simona Mariani,Occasionale,Marche,1,35,Da 30 a 39
1171,Modena,MO,41100,Donna,1967-01-31,Ilaria Leone,Abituale,Emilia-Romagna,1,58,Da 50 a 64
1172,Modena,MO,41100,Donna,1974-11-30,Cristina Ferrero,Abituale,Emilia-Romagna,1,50,Da 50 a 64
1173,Trento,TN,38100,Donna,1951-03-27,Alessandra Benedetti,Abituale,Trentino-Alto Adige,1,74,Oltre 64
1174,Reggio Emilia,RE,42100,Donna,1956-10-04,Monica Pellegrini,Abituale,Emilia-Romagna,1,68,Oltre 64
1175,Grosseto,GR,58100,Uomo,1995-09-23,Vincenzo Fontana,Occasionale,Toscana,1,29,Da 18 a 29
1176,Lodi,LO,26900,Uomo,1952-09-16,Mario Silvestri,Occasionale,Lombardia,1,72,Oltre 64
1177,Rieti,RI,02100,Uomo,1960-10-23,Carmelo Mazza,Abituale,Lazio,1,64,Da 50 a 64
1178,Como,CO,22100,Uomo,1964-05-04,Sergio Caruso,Occasionale,Lombardia,1,60,Da 50 a 64
1179,Vibo Valentia,VV,89900,Uomo,1956-06-04,Daniele Fabbri,Abituale,Calabria,3,68,Oltre 64
1180,Matera,MT,75100,Donna,1989-02-21,Cristina Farina,Abituale,Basilicata,3,36,Da 30 a 39
1181,Bologna,BO,40100,Donna,1953-04-25,Elisabetta D'Agostino,Occasionale,Emilia-Romagna,1,72,Oltre 64
1182,Macerata,MC,62100,Donna,1951-12-01,Antonella Palumbo,Occasionale,Marche,1,73,Oltre 64
1183,Vicenza,VI,36100,Donna,2000-03-28,Patrizia Santoro,Abituale,Veneto,1,25,Da 18 a 29
1184,Varese,VA,21100,Uomo,1951-12-20,Michele Conte,Occasionale,Lombardia,1,73,Oltre 64
1185,Roma,RM,00100,Donna,1966-03-27,Laura Vitale,Abituale,Lazio,1,59,Da 50 a 64
1186,Lecce,LE,73100,Uomo,1953-04-11,Carlo Bianchi,Abituale,Puglia,2,72,Oltre 64
1187,Rovigo,RO,45100,Donna,1982-04-16,Giovanna Marino,Abituale,Veneto,1,43,Da 40 a 49
1188,Pescara,PE,65100,Donna,1972-11-01,Elisabetta Conti,Abituale,Abruzzo,2,52,Da 50 a 64
1189,Prato,PO,59100,Uomo,1986-07-25,Alberto Greco,Abituale,Toscana,1,38,Da 30 a 39
1190,Monza,MB,20900,Uomo,1997-09-22,Carlo Rossetti,Abituale,Lombardia,1,27,Da 18 a 29
1191,Giugliano in Campania,NA,80014,Uomo,1978-05-21,Davide Ruggiero,Abituale,Campania,2,46,Da 40 a 49
1192,Nuoro,NU,08100,Uomo,1989-11-23,Carmelo Ferri,Abituale,Sardegna,3,35,Da 30 a 39
1193,Catania,CT,95100,Donna,1951-01-03,Maria Esposito,Abituale,Sicilia,3,74,Oltre 64
1194,Arezzo,AR,52100,Uomo,1981-01-24,Riccardo Ferretti,Abituale,Toscana,1,44,Da 40 a 49
1195,Parma,PR,43100,Donna,1962-12-05,Silvia De Santis,Occasionale,Emilia-Romagna,1,62,Da 50 a 64
1196,Trapani,TP,91100,Donna,1996-08-15,Rita Ferraro,Abituale,Sicilia,3,28,Da 18 a 29
1197,Bologna,BO,40100,Uomo,1996-02-07,Sergio Cattaneo,Occasionale,Emilia-Romagna,1,29,Da 18 a 29
1198,Trieste,TS,34100,Donna,1978-10-10,Margherita Bianco,Abituale,Friuli-Venezia Giulia,1,46,Da 40 a 49
1199,Sondrio,SO,23100,Donna,1977-04-07,Ilaria Romano,Occasionale,Lombardia,1,48,Da 40 a 49
1200,Bergamo,BG,24100,Uomo,1979-03-31,Luigi Longo,Occasionale,Lombardia,1,46,Da 40 a 49
1201,Macerata,MC,62100,Donna,1955-05-21,Maria Coppola,Abituale,Marche,1,69,Oltre 64
1202,La Spezia,SP,19100,Donna,1969-01-24,Silvia Ferrara,Abituale,Liguria,1,56,Da 50 a 64
1203,Macerata,MC,62100,Uomo,1980-05-09,Salvatore Ferretti,Abituale,Marche,1,44,Da 40 a 49
1204,Ravenna,RA,48100,Donna,1966-04-19,Giorgia Mazza,Abituale,Emilia-Romagna,1,59,Da 50 a 64
1205,Foggia,FG,71100,Uomo,1953-07-16,Roberto Esposito,Abituale,Puglia,2,71,Oltre 64
1206,Crotone,KR,88900,Uomo,1986-03-06,Federico Guerra,Abituale,Calabria,3,39,Da 30 a 39
1207,Gorizia,GO,34170,Donna,1964-05-21,Valeria Franco,Abituale,Friuli-Venezia Giulia,1,60,Da 50 a 64
1208,Agrigento,AG,92100,Donna,1953-03-01,Francesca Donati,Abituale,Sicilia,3,72,Oltre 64
1209,Udine,UD,33100,Donna,1978-03-06,Monica Guerra,Abituale,Friuli-Venezia Giulia,1,47,Da 40 a 49
1210,Treviso,TV,31100,Uomo,1980-04-26,Domenico Martini,Occasionale,Veneto,1,45,Da 40 a 49
1211,Perugia,PG,06100,Uomo,1984-04-25,Claudio Gatti,Occasionale,Umbria,1,41,Da 40 a 49
1212,Arezzo,AR,52100,Donna,1954-02-19,Teresa Ferraro,Abituale,Toscana,1,71,Oltre 64
1213,Latina,LT,04100,Donna,1980-04-08,Angela Monti,Abituale,Lazio,1,45,Da 40 a 49
1214,Asti,AT,14100,Uomo,1977-10-14,Luigi Martinelli,Occasionale,Piemonte,1,47,Da 40 a 49
1215,Teramo,TE,64100,Uomo,1996-02-16,Emanuele Gatti,Abituale,Abruzzo,2,29,Da 18 a 29
1216,Imperia,IM,18100,Donna,1958-12-18,Maria Testa,Abituale,Liguria,1,66,Oltre 64
1217,Modena,MO,41100,Uomo,1965-06-01,Riccardo Parisi,Occasionale,Emilia-Romagna,1,59,Da 50 a 64
1218,Torre del Greco,NA,80059,Uomo,1967-06-21,Nicola Carli,Abituale,Campania,2,57,Da 50 a 64
1219,Caltanissetta,CL,93100,Donna,1965-06-19,Roberta D'Agostino,Abituale,Sicilia,3,59,Da 50 a 64
1220,Reggio Emilia,RE,42100,Uomo,1962-12-23,Angelo Franco,Abituale,Emilia-Romagna,1,62,Da 50 a 64
1221,L'Aquila,AQ,67100,Donna,1951-02-18,Patrizia Gentile,Occasionale,Abruzzo,2,74,Oltre 64
1222,Perugia,PG,06100,Donna,1963-06-19,Sofia Ferri,Occasionale,Umbria,1,61,Da 50 a 64
1223,Lucca,LU,55100,Donna,1958-06-12,Angela Silvestri,Abituale,Toscana,1,66,Oltre 64
1224,Milano,MI,20100,Uomo,1984-06-25,Francesco Piras,Occasionale,Lombardia,1,40,Da 40 a 49
1225,Reggio Calabria,RC,89100,Uomo,1987-12-19,Bruno Galli,Abituale,Calabria,3,37,Da 30 a 39
1226,Barletta,BT,76121,Uomo,1960-08-11,Massimo Gentile,Abituale,Puglia,2,64,Da 50 a 64
1227,Siracusa,SR,96100,Donna,1950-01-30,Monica Colombo,Occasionale,Sicilia,3,75,Oltre 64
1228,Gela,CL,93012,Donna,1978-03-20,Valeria Ricci,Abituale,Sicilia,3,47,Da 40 a 49
1229,Oristano,OR,09170,Donna,1968-02-08,Lucia Marchetti,Abituale,Sardegna,3,57,Da 50 a 64
1230,Grosseto,GR,58100,Uomo,1980-06-05,Alessandro Rizzi,Abituale,Toscana,1,44,Da 40 a 49
1231,Bologna,BO,40100,Donna,1959-10-05,Roberta Gatti,Abituale,Emilia-Romagna,1,65,Oltre 64
1232,Viterbo,VT,01100,Uomo,1953-02-12,Alessandro Romano,Occasionale,Lazio,1,72,Oltre 64
1233,Catania,CT,95100,Donna,1990-01-20,Simona Palumbo,Occasionale,Sicilia,3,35,Da 30 a 39
1234,Piacenza,PC,29100,Uomo,1973-01-19,Michele Rizzo,Abituale,Emilia-Romagna,1,52,Da 50 a 64
1235,Agrigento,AG,92100,Uomo,1995-06-29,Nicola Ferretti,Abituale,Sicilia,3,29,Da 18 a 29
1236,Vercelli,VC,13100,Uomo,1966-06-25,Domenico Marini,Occasionale,Piemonte,1,58,Da 50 a 64
1237,Siena,SI,53100,Uomo,1971-03-14,Riccardo Greco,Abituale,Toscana,1,54,Da 50 a 64
1238,Bergamo,BG,24100,Donna,1955-03-20,Carmela Amato,Abituale,Lombardia,1,70,Oltre 64
1239,Nuoro,NU,08100,Donna,1986-04-14,Rita Fabbri,Abituale,Sardegna,3,39,Da 30 a 39
1240,Terni,TR,05100,Uomo,1970-07-11,Carlo D'Amico,Occasionale,Umbria,1,54,Da 50 a 64
1241,Lecco,LC,23900,Uomo,1975-12-04,Emanuele Bernardi,Abituale,Lombardia,1,49,Da 40 a 49
1242,Gela,CL,93012,Uomo,1982-11-08,Claudio Fiore,Occasionale,Sicilia,3,42,Da 40 a 49
1243,Reggio Emilia,RE,42100,Donna,1965-12-20,Monica Fabbri,Abituale,Emilia-Romagna,1,59,Da 50 a 64
1244,Trento,TN,38100,Donna,1963-06-15,Alessandra Orlando,Abituale,Trentino-Alto Adige,1,61,Da 50 a 64
1245,Marsala,TP,91025,Uomo,1962-02-21,Luca Grasso,Occasionale,Sicilia,3,63,Da 50 a 64
1246,Teramo,TE,64100,Donna,1951-08-16,Sara De Luca,Occasionale,Abruzzo,2,73,Oltre 64
1247,Udine,UD,33100,Donna,1966-02-14,Chiara Marino,Abituale,Friuli-Venezia Giulia,1,59,Da 50 a 64
1248,Cesena,FC,47521,Donna,1952-11-01,Silvia Bernardi,Abituale,Emilia-Romagna,1,72,Oltre 64
1249,Forlì,FC,47121,Donna,1958-09-17,Concetta Pagano,Abituale,Emilia-Romagna,1,66,Oltre 64
1250,Roma,RM,00100,Donna,1978-12-03,Emanuela Ferrari,Abituale,Lazio,1,46,Da 40 a 49
1251,Venezia,VE,30100,Donna,1990-09-15,Anna Grasso,Occasionale,Veneto,1,34,Da 30 a 39
1252,Trento,TN,38100,Uomo,1978-07-22,Angelo Basile,Abituale,Trentino-Alto Adige,1,46,Da 40 a 49
1253,Foggia,FG,71100,Donna,1982-06-07,Anna Russo,Abituale,Puglia,2,42,Da 40 a 49
1254,La Spezia,SP,19100,Uomo,1973-10-15,Maurizio Farina,Abituale,Liguria,1,51,Da 50 a 64
1255,Vicenza,VI,36100,Uomo,1961-07-13,Dario Monti,Abituale,Veneto,1,63,Da 50 a 64
1256,Napoli,NA,80100,Uomo,1983-09-15,Massimo Moretti,Abituale,Campania,2,41,Da 40 a 49
1257,Avellino,AV,83100,Donna,1981-05-29,Claudia Santoro,Occasionale,Campania,2,43,Da 40 a 49
1258,Avellino,AV,83100,Donna,1978-11-10,Simona Benedetti,Abituale,Campania,2,46,Da 40 a 49
1259,Messina,ME,98100,Uomo,1972-08-10,Andrea Bellini,Abituale,Sicilia,3,52,Da 50 a 64
1260,Marsala,TP,91025,Donna,1980-04-08,Lucia Fontana,Abituale,Sicilia,3,45,Da 40 a 49
1261,Gela,CL,93012,Uomo,1975-09-18,Michele Palumbo,Abituale,Sicilia,3,49,Da 40 a 49
1262,Macerata,MC,62100,Uomo,1962-06-18,Alberto Sala,Occasionale,Marche,1,62,Da 50 a 64
1263,Torino,TO,10100,Donna,1956-12-30,Giorgia Serra,Abituale,Piemonte,1,68,Oltre 64
1264,Caserta,CE,81100,Donna,1968-06-23,Giorgia Esposito,Abituale,Campania,2,56,Da 50 a 64
1265,Livorno,LI,57100,Donna,1963-11-17,Antonella Conti,Occasionale,Toscana,1,61,Da 50 a 64
1266,Parma,PR,43100,Donna,1973-03-27,Monica Orlando,Abituale,Emilia-Romagna,1,52,Da 50 a 64
1267,Ravenna,RA,48100,Uomo,1962-08-12,Daniele Palumbo,Abituale,Emilia-Romagna,1,62,Da 50 a 64
1268,L'Aquila,AQ,67100,Uomo,1998-06-30,Marco Gallo,Abituale,Abruzzo,2,26,Da 18 a 29
1269,Padova,PD,35100,Donna,1968-05-04,Antonella Coppola,Abituale,Veneto,1,56,Da 50 a 64
1270,Vicenza,VI,36100,Donna,1993-01-22,Teresa Giuliani,Occasionale,Veneto,1,32,Da 30 a 39
1271,Foggia,FG,71100,Donna,2000-01-29,Paola Ferrero,Abituale,Puglia,2,25,Da 18 a 29
1272,Ravenna,RA,48100,Donna,1992-06-30,Giulia Silvestri,Abituale,Emilia-Romagna,1,32,Da 30 a 39
1273,Bologna,BO,40100,Uomo,1957-12-28,Carlo Messina,Abituale,Emilia-Romagna,1,67,Oltre 64
1274,Rovigo,RO,45100,Donna,1980-10-21,Margherita Rizzo,Abituale,Veneto,1,44,Da 40 a 49
1275,Pesaro,PU,61100,Uomo,1973-02-21,Andrea Bellini,Occasionale,Marche,1,52,Da 50 a 64
1276,Messina,ME,98100,Donna,1966-01-25,Rosa Mazza,Occasionale,Sicilia,3,59,Da 50 a 64
1277,Latina,LT,04100,Donna,1976-05-06,Giorgia Rossi,Abituale,Lazio,1,48,Da 40 a 49
1278,Agrigento,AG,92100,Uomo,1982-03-26,Alessandro Leone,Occasionale,Sicilia,3,43,Da 40 a 49
1279,Salerno,SA,84100,Uomo,1961-03-31,Pietro Carli,Abituale,Campania,2,64,Da 50 a 64
1280,Sesto San Giovanni,MI,20099,Donna,1960-07-16,Francesca Messina,Abituale,Lombardia,1,64,Da 50 a 64
1281,Andria,BT,76123,Uomo,1955-07-20,Pasquale Ferraro,Abituale,Puglia,2,69,Oltre 64
1282,Ancona,AN,60100,Donna,1979-08-12,Federica Giuliani,Abituale,Marche,1,45,Da 40 a 49
1283,Barletta,BT,76121,Uomo,1950-01-28,Carlo Ferrara,Occasionale,Puglia,2,75,Oltre 64
1284,Terni,TR,05100,Donna,1959-03-27,Valeria Sorrentino,Abituale,Umbria,1,66,Oltre 64
1285,Alessandria,AL,15100,Donna,1996-05-22,Roberta Martinelli,Abituale,Piemonte,1,28,Da 18 a 29
1286,Vibo Valentia,VV,89900,Donna,1999-10-25,Sara Messina,Abituale,Calabria,3,25,Da 18 a 29
1287,Cremona,CR,26100,Donna,1952-06-10,Concetta De Rosa,Abituale,Lombardia,1,72,Oltre 64
1288,Pescara,PE,65100,Uomo,1961-11-01,Giorgio Fiore,Abituale,Abruzzo,2,63,Da 50 a 64
1289,Vicenza,VI,36100,Donna,1967-08-24,Ilaria Ferrero,Abituale,Veneto,1,57,Da 50 a 64
1290,Terni,TR,05100,Donna,1954-06-29,Cristina Caputo,Abituale,Umbria,1,70,Oltre 64
1291,Siracusa,SR,96100,Uomo,1982-06-07,Dario Morelli,Abituale,Sicilia,3,42,Da 40 a 49
1292,Rieti,RI,02100,Donna,1984-04-01,Teresa Caruso,Abituale,Lazio,1,41,Da 40 a 49
1293,Pistoia,PT,51100,Uomo,1979-06-14,Luigi Vitale,Abituale,Toscana,1,45,Da 40 a 49
1294,Como,CO,22100,Donna,1965-08-13,Valeria Ruggiero,Occasionale,Lombardia,1,59,Da 50 a 64
1295,Rimini,RN,47900,Donna,1989-12-25,Carmela Orlando,Occasionale,Emilia-Romagna,1,35,Da 30 a 39
1296,Trento,TN,38100,Donna,1952-03-14,Anna Amato,Occasionale,Trentino-Alto Adige,1,73,Oltre 64
1297,Grosseto,GR,58100,Uomo,1964-07-14,Stefano Rizzo,Abituale,Toscana,1,60,Da 50 a 64
1298,Cagliari,CA,09100,Donna,1976-08-13,Chiara Rizzi,Abituale,Sardegna,3,48,Da 40 a 49
1299,Sondrio,SO,23100,Donna,1963-07-12,Concetta Longo,Abituale,Lombardia,1,61,Da 50 a 64
1300,Venezia,VE,30100,Uomo,1990-09-09,Antonio Ferrero,Abituale,Veneto,1,34,Da 30 a 39
1301,Mantova,MN,46100,Uomo,1985-09-28,Fabio Benedetti,Abituale,Lombardia,1,39,Da 30 a 39
1302,La Spezia,SP,19100,Uomo,1957-05-17,Massimo Basile,Abituale,Liguria,1,67,Oltre 64
1303,Mantova,MN,46100,Uomo,1995-04-10,Sergio Sorrentino,Occasionale,Lombardia,1,30,Da 30 a 39
1304,Pistoia,PT,51100,Uomo,1985-06-23,Nicola Lombardo,Abituale,Toscana,1,39,Da 30 a 39
1305,Como,CO,22100,Donna,1953-09-01,Giorgia Messina,Abituale,Lombardia,1,71,Oltre 64
1306,Foggia,FG,71100,Uomo,1997-08-19,Luca Arena,Occasionale,Puglia,2,27,Da 18 a 29
1307,Alessandria,AL,15100,Donna,1975-12-17,Stefania Bellini,Abituale,Piemonte,1,49,Da 40 a 49
1308,Foggia,FG,71100,Donna,2000-12-06,Simona D'Amico,Abituale,Puglia,2,24,Da 18 a 29
1309,Pisa,PI,56100,Uomo,1959-05-12,Francesco Carbone,Abituale,Toscana,1,65,Oltre 64
1310,Ascoli Piceno,AP,63100,Donna,1958-03-24,Sofia Caruso,Abituale,Marche,1,67,Oltre 64
1311,Varese,VA,21100,Donna,1968-06-01,Elena Caputo,Occasionale,Lombardia,1,56,Da 50 a 64
1312,Caltanissetta,CL,93100,Uomo,1983-09-10,Giuseppe Caruso,Abituale,Sicilia,3,41,Da 40 a 49
1313,Caltanissetta,CL,93100,Donna,1994-01-17,Ilaria Conte,Occasionale,Sicilia,3,31,Da 30 a 39
1314,Treviso,TV,31100,Donna,1995-07-10,Anna Amato,Occasionale,Veneto,1,29,Da 18 a 29
1315,Rovigo,RO,45100,Uomo,1994-02-11,Franco Rossi,Occasionale,Veneto,1,31,Da 30 a 39
1316,Agrigento,AG,92100,Donna,1978-02-06,Roberta Gatti,Abituale,Sicilia,3,47,Da 40 a 49
1317,Arezzo,AR,52100,Donna,1956-11-07,Giovanna Rizzo,Abituale,Toscana,1,68,Oltre 64
1318,Pordenone,PN,33170,Donna,1959-02-09,Paola Donati,Abituale,Friuli-Venezia Giulia,1,66,Oltre 64
1319,Firenze,FI,50100,Donna,1994-05-31,Caterina Rizzo,Occasionale,Toscana,1,30,Da 30 a 39
1320,Rovigo,RO,45100,Donna,1956-12-10,Silvia Bellini,Abituale,Veneto,1,68,Oltre 64
1321,Savona,SV,17100,Donna,1972-11-08,Monica Rossetti,Occasionale,Liguria,1,52,Da 50 a 64
1322,L'Aquila,AQ,67100,Donna,1964-02-15,Caterina Gentile,Occasionale,Abruzzo,2,61,Da 50 a 64
1323,Marsala,TP,91025,Uomo,1991-05-21,Federico De Rosa,Occasionale,Sicilia,3,33,Da 30 a 39
1324,Giugliano in Campania,NA,80014,Donna,1971-06-02,Giovanna Carli,Abituale,Campania,2,53,Da 50 a 64
1325,Oristano,OR,09170,Uomo,1975-05-05,Paolo Ferraro,Occasionale,Sardegna,3,49,Da 40 a 49
1326,Isernia,IS,86170,Donna,1994-08-26,Claudia Donati,Abituale,Molise,2,30,Da 30 a 39
1327,Siena,SI,53100,Uomo,1962-07-21,Francesco Fabbri,Occasionale,Toscana,1,62,Da 50 a 64
1328,Novara,NO,28100,Uomo,1963-08-22,Maurizio Barbieri,Occasionale,Piemonte,1,61,Da 50 a 64
1329,Frosinone,FR,03100,Uomo,1972-09-18,Antonio Conte,Abituale,Lazio,1,52,Da 50 a 64
1330,Matera,MT,75100,Donna,1969-11-23,Antonella Mariani,Abituale,Basilicata,3,55,Da 50 a 64
1331,Napoli,NA,80100,Donna,1957-07-28,Simona Greco,Abituale,Campania,2,67,Oltre 64
1332,Lodi,LO,26900,Donna,1973-03-14,Emanuela Barone,Occasionale,Lombardia,1,52,Da 50 a 64
1333,Siena,SI,53100,Donna,1992-03-31,Roberta Rossi,Occasionale,Toscana,1,33,Da 30 a 39
1334,L'Aquila,AQ,67100,Donna,1979-05-07,Grazia D'Angelo,Occasionale,Abruzzo,2,45,Da 40 a 49
1335,Chieti,CH,66100,Uomo,1952-11-02,Franco Bellini,Occasionale,Abruzzo,2,72,Oltre 64
1336,Ravenna,RA,48100,Donna,1964-12-29,Laura Donati,Abituale,Emilia-Romagna,1,60,Da 50 a 64
1337,Isernia,IS,86170,Donna,1979-08-15,Francesca Fontana,Occasionale,Molise,2,45,Da 40 a 49
1338,Firenze,FI,50100,Donna,1972-07-30,Chiara Benedetti,Occasionale,Toscana,1,52,Da 50 a 64
1339,Ancona,AN,60100,Donna,1977-06-17,Giuseppina Arena,Occasionale,Marche,1,47,Da 40 a 49
1340,Lecce,LE,73100,Donna,1999-06-24,Teresa De Santis,Abituale,Puglia,2,25,Da 18 a 29
1341,Perugia,PG,06100,Uomo,1994-04-09,Roberto Giordano,Occasionale,Umbria,1,31,Da 30 a 39
1342,Bolzano,BZ,39100,Donna,1973-07-19,Teresa Rossi,Abituale,Trentino-Alto Adige,1,51,Da 50 a 64
1343,La Spezia,SP,19100,Donna,1984-09-14,Margherita Moretti,Abituale,Liguria,1,40,Da 40 a 49
1344,Trieste,TS,34100,Donna,1970-01-23,Valentina Pagano,Abituale,Friuli-Venezia Giulia,1,55,Da 50 a 64
1345,Pistoia,PT,51100,Uomo,1954-11-09,Claudio Franco,Occasionale,Toscana,1,70,Oltre 64
1346,Pescara,PE,65100,Donna,1992-02-19,Patrizia Carli,Occasionale,Abruzzo,2,33,Da 30 a 39
1347,Firenze,FI,50100,Donna,1956-02-03,Teresa Mazza,Abituale,Toscana,1,69,Oltre 64
1348,Pistoia,PT,51100,Uomo,1966-03-08,Fabio Grassi,Occasionale,Toscana,1,59,Da 50 a 64
1349,Asti,AT,14100,Donna,1964-06-07,Patrizia De Luca,Abituale,Piemonte,1,60,Da 50 a 64
1350,Terni,TR,05100,Donna,1993-03-03,Caterina Lombardo,Occasionale,Umbria,1,32,Da 30 a 39
1351,Roma,RM,00100,Uomo,1956-08-11,Antonio Rizzo,Occasionale,Lazio,1,68,Oltre 64
1352,Cuneo,CN,12100,Uomo,1970-07-29,Luca Conti,Abituale,Piemonte,1,54,Da 50 a 64
1353,Milano,MI,20100,Donna,1979-05-25,Angela De Santis,Occasionale,Lombardia,1,45,Da 40 a 49
1354,Savona,SV,17100,Uomo,1985-02-22,Massimo Barone,Occasionale,Liguria,1,40,Da 40 a 49
1355,Forlì,FC,47121,Uomo,1969-03-17,Stefano Caruso,Occasionale,Emilia-Romagna,1,56,Da 50 a 64
1356,Venezia,VE,30100,Donna,1999-09-30,Elena Piras,Abituale,Veneto,1,25,Da 18 a 29
1357,Caltanissetta,CL,93100,Donna,1959-08-13,Giorgia Bellini,Occasionale,Sicilia,3,65,Oltre 64
1358,Giugliano in Campania,NA,80014,Uomo,1962-03-25,Antonio Rossi,Abituale,Campania,2,63,Da 50 a 64
1359,Grosseto,GR,58100,Donna,1980-12-16,Monica Barbieri,Abituale,Toscana,1,44,Da 40 a 49
1360,Latina,LT,04100,Uomo,1964-04-29,Mario Conti,Abituale,Lazio,1,60,Da 50 a 64
1361,Catania,CT,95100,Donna,1997-12-03,Valentina De Angelis,Abituale,Sicilia,3,27,Da 18 a 29
1362,Bergamo,BG,24100,Uomo,1991-01-10,Antonio Gatti,Occasionale,Lombardia,1,34,Da 30 a 39
1363,Piacenza,PC,29100,Uomo,1975-04-23,Michele Galli,Abituale,Emilia-Romagna,1,50,Da 50 a 64
1364,Piacenza,PC,29100,Donna,1999-07-28,Elisabetta Grassi,Occasionale,Emilia-Romagna,1,25,Da 18 a 29
1365,Verbania,VB,28921,Uomo,1972-10-27,Francesco Rizzi,Abituale,Piemonte,1,52,Da 50 a 64
1366,Biella,BI,13900,Uomo,1999-01-18,Emanuele Mazza,Occasionale,Piemonte,1,26,Da 18 a 29
1367,Enna,EN,94100,Donna,1980-07-11,Concetta Conti,Abituale,Sicilia,3,44,Da 40 a 49
1368,Rimini,RN,47900,Uomo,1969-10-22,Nicola Lombardi,Abituale,Emilia-Romagna,1,55,Da 50 a 64
1369,Trieste,TS,34100,Uomo,1993-08-31,Fabio Monti,Occasionale,Friuli-Venezia Giulia,1,31,Da 30 a 39
1370,Oristano,OR,09170,Donna,1962-11-20,Teresa Ferrero,Abituale,Sardegna,3,62,Da 50 a 64
1371,Bolzano,BZ,39100,Donna,1994-07-14,Patrizia Mancini,Abituale,Trentino-Alto Adige,1,30,Da 30 a 39
1372,Terni,TR,05100,Uomo,1962-11-06,Claudio Franco,Abituale,Umbria,1,62,Da 50 a 64
1373,Rimini,RN,47900,Donna,1964-01-05,Valentina Greco,Occasionale,Emilia-Romagna,1,61,Da 50 a 64
1374,Brescia,BS,25100,Donna,1978-04-10,Patrizia Marchetti,Abituale,Lombardia,1,47,Da 40 a 49
1375,Sesto San Giovanni,MI,20099,Donna,1986-06-14,Antonella Bruno,Abituale,Lombardia,1,38,Da 30 a 39
1376,Udine,UD,33100,Uomo,1996-12-11,Daniele Galli,Abituale,Friuli-Venezia Giulia,1,28,Da 18 a 29
1377,Latina,LT,04100,Donna,1994-05-29,Laura Mariani,Abituale,Lazio,1,30,Da 30 a 39
1378,Siracusa,SR,96100,Donna,1999-04-26,Lucia Mancini,Occasionale,Sicilia,3,26,Da 18 a 29
1379,Pordenone,PN,33170,Donna,1981-02-10,Lucia Villa,Occasionale,Friuli-Venezia Giulia,1,44,Da 40 a 49
1380,Verbania,VB,28921,Uomo,1969-07-17,Luca Rossi,Occasionale,Piemonte,1,55,Da 50 a 64
1381,Venezia,VE,30100,Uomo,1960-05-01,Riccardo Mazza,Abituale,Veneto,1,64,Da 50 a 64
1382,Imperia,IM,18100,Donna,1968-04-11,Lucia Costa,Abituale,Liguria,1,57,Da 50 a 64
1383,Lecco,LC,23900,Donna,1989-07-24,Valentina D'Angelo,Occasionale,Lombardia,1,35,Da 30 a 39
1384,Foggia,FG,71100,Donna,1989-01-21,Stefania Pellegrini,Occasionale,Puglia,2,36,Da 30 a 39
1385,Caserta,CE,81100,Donna,1950-11-11,Valeria Carbone,Abituale,Campania,2,74,Oltre 64
1386,Rieti,RI,02100,Uomo,1989-10-20,Fabio Fontana,Abituale,Lazio,1,35,Da 30 a 39
1387,Lecco,LC,23900,Uomo,1957-12-01,Paolo Carli,Abituale,Lombardia,1,67,Oltre 64
1388,Ravenna,RA,48100,Uomo,1987-08-13,Angelo Lombardo,Abituale,Emilia-Romagna,1,37,Da 30 a 39
1389,Imperia,IM,18100,Donna,1984-11-03,Stefania Galli,Abituale,Liguria,1,40,Da 40 a 49
1390,Perugia,PG,06100,Donna,1988-12-02,Giovanna Pellegrino,Occasionale,Umbria,1,36,Da 30 a 39
1391,Catania,CT,95100,Uomo,1977-10-20,Mario Amato,Abituale,Sicilia,3,47,Da 40 a 49
1392,Cuneo,CN,12100,Uomo,2000-08-07,Alessandro Bianchi,Occasionale,Piemonte,1,24,Da 18 a 29
1393,Siena,SI,53100,Uomo,1963-03-26,Michele Fontana,Abituale,Toscana,1,62,Da 50 a 64
1394,Marsala,TP,91025,Donna,1989-12-01,Valeria Giordano,Abituale,Sicilia,3,35,Da 30 a 39
1395,Nuoro,NU,08100,Uomo,1976-04-12,Antonio Basile,Abituale,Sardegna,3,49,Da 40 a 49
1396,Sondrio,SO,23100,Donna,1993-12-29,Paola Palumbo,Occasionale,Lombardia,1,31,Da 30 a 39
1397,Cosenza,CS,87100,Donna,1974-12-23,Silvia Palumbo,Occasionale,Calabria,3,50,Da 50 a 64
1398,Nuoro,NU,08100,Donna,1971-01-22,Federica Grasso,Abituale,Sardegna,3,54,Da 50 a 64
1399,Sassari,SS,07100,Donna,1971-03-29,Giuseppina Conte,Abituale,Sardegna,3,54,Da 50 a 64
1400,Lucca,LU,55100,Uomo,1972-06-18,Claudio Grassi,Occasionale,Toscana,1,52,Da 50 a 64
1401,Alessandria,AL,15100,Uomo,1966-11-11,Fabio Pellegrino,Abituale,Piemonte,1,58,Da 50 a 64
1402,Trieste,TS,34100,Donna,1979-02-15,Grazia Morelli,Abituale,Friuli-Venezia Giulia,1,46,Da 40 a 49
1403,Arezzo,AR,52100,Uomo,1954-06-04,Carmelo Parisi,Occasionale,Toscana,1,70,Oltre 64
1404,Cremona,CR,26100,Uomo,1966-01-19,Federico Gatti,Occasionale,Lombardia,1,59,Da 50 a 64
1405,Livorno,LI,57100,Uomo,1990-08-15,Salvatore Cattaneo,Abituale,Toscana,1,34,Da 30 a 39
1406,Reggio Calabria,RC,89100,Uomo,1985-06-14,Angelo Morelli,Abituale,Calabria,3,39,Da 30 a 39
1407,Padova,PD,35100,Donna,1978-05-21,Valeria Greco,Occasionale,Veneto,1,46,Da 40 a 49
1408,Caltanissetta,CL,93100,Donna,1964-08-08,Grazia Esposito,Abituale,Sicilia,3,60,Da 50 a 64
1409,Arezzo,AR,52100,Donna,1996-07-16,Valeria De Santis,Abituale,Toscana,1,28,Da 18 a 29
1410,Udine,UD,33100,Donna,1955-03-22,Ilaria Ferrara,Occasionale,Friuli-Venezia Giulia,1,70,Oltre 64
1411,Vicenza,VI,36100,Uomo,1953-04-10,Giorgio Greco,Abituale,Veneto,1,72,Oltre 64
1412,Oristano,OR,09170,Uomo,1967-06-26,Franco Mariani,Abituale,Sardegna,3,57,Da 50 a 64
1413,Taranto,TA,74100,Donna,1991-02-25,Francesca Barbieri,Abituale,Puglia,2,34,Da 30 a 39
1414,Pesaro,PU,61100,Donna,1984-02-16,Simona De Rosa,Abituale,Marche,1,41,Da 40 a 49
1415,Udine,UD,33100,Donna,1998-09-20,Elisabetta Romeo,Occasionale,Friuli-Venezia Giulia,1,26,Da 18 a 29
1416,Venezia,VE,30100,Donna,1988-05-26,Elisa Sanna,Occasionale,Veneto,1,36,Da 30 a 39
1417,Catanzaro,CZ,88100,Donna,1968-11-21,Alessandra Marchetti,Occasionale,Calabria,3,56,Da 50 a 64
1418,Parma,PR,43100,Uomo,1984-07-10,Riccardo Costa,Abituale,Emilia-Romagna,1,40,Da 40 a 49
1419,Cuneo,CN,12100,Uomo,1963-07-01,Carlo Romeo,Occasionale,Piemonte,1,61,Da 50 a 64
1420,Ravenna,RA,48100,Donna,1980-10-06,Angela Greco,Occasionale,Emilia-Romagna,1,44,Da 40 a 49
1421,Busto Arsizio,VA,21052,Donna,1965-05-16,Elisa Ferrero,Abituale,Lombardia,1,59,Da 50 a 64
1422,Reggio Calabria,RC,89100,Uomo,1990-12-13,Andrea Franco,Abituale,Calabria,3,34,Da 30 a 39
1423,Modena,MO,41100,Donna,1984-06-21,Teresa Lombardi,Abituale,Emilia-Romagna,1,40,Da 40 a 49
1424,Lecco,LC,23900,Uomo,1959-03-06,Franco Santoro,Abituale,Lombardia,1,66,Oltre 64
1425,Verbania,VB,28921,Donna,1976-05-18,Giuseppina Lombardi,Occasionale,Piemonte,1,48,Da 40 a 49
1426,Vicenza,VI,36100,Uomo,1997-10-04,Luigi Mancini,Abituale,Veneto,1,27,Da 18 a 29
1427,Bergamo,BG,24100,Uomo,1977-07-05,Marco Colombo,Abituale,Lombardia,1,47,Da 40 a 49
1428,Cuneo,CN,12100,Uomo,2000-02-04,Leonardo Leone,Abituale,Piemonte,1,25,Da 18 a 29
1429,Como,CO,22100,Donna,1955-09-09,Rosa Sanna,Abituale,Lombardia,1,69,Oltre 64
1430,Vercelli,VC,13100,Donna,1963-05-03,Rosa Rossi,Occasionale,Piemonte,1,61,Da 50 a 64
1431,Pavia,PV,27100,Uomo,1955-01-31,Emanuele Rizzi,Abituale,Lombardia,1,70,Oltre 64
1432,Treviso,TV,31100,Uomo,1970-10-29,Alessandro Conti,Abituale,Veneto,1,54,Da 50 a 64
1433,Prato,PO,59100,Uomo,1977-08-06,Claudio Lombardo,Occasionale,Toscana,1,47,Da 40 a 49
1434,Roma,RM,00100,Donna,1954-02-08,Giulia Ferrari,Abituale,Lazio,1,71,Oltre 64
1435,Roma,RM,00100,Uomo,1951-02-17,Antonio Ferrero,Abituale,Lazio,1,74,Oltre 64
1436,Trieste,TS,34100,Donna,1975-08-04,Elena Ferrero,Abituale,Friuli-Venezia Giulia,1,49,Da 40 a 49
1437,Frosinone,FR,03100,Uomo,1964-09-23,Bruno Pellegrino,Occasionale,Lazio,1,60,Da 50 a 64
1438,Novara,NO,28100,Uomo,1956-01-16,Federico Orlando,Abituale,Piemonte,1,69,Oltre 64
1439,Treviso,TV,31100,Uomo,1985-06-26,Roberto Ferrero,Abituale,Veneto,1,39,Da 30 a 39
1440,Cuneo,CN,12100,Uomo,1954-03-25,Vincenzo Bruno,Abituale,Piemonte,1,71,Oltre 64
1441,Udine,UD,33100,Donna,1975-10-25,Claudia Monti,Occasionale,Friuli-Venezia Giulia,1,49,Da 40 a 49
1442,Sassari,SS,07100,Donna,1966-03-26,Ilaria Vitale,Abituale,Sardegna,3,59,Da 50 a 64
1443,Potenza,PZ,85100,Uomo,1972-10-06,Paolo Ferretti,Occasionale,Basilicata,3,52,Da 50 a 64
1444,Forlì,FC,47121,Donna,1986-10-13,Valentina Coppola,Abituale,Emilia-Romagna,1,38,Da 30 a 39
1445,Siena,SI,53100,Donna,1997-11-20,Grazia Valentini,Abituale,Toscana,1,27,Da 18 a 29
1446,Pistoia,PT,51100,Uomo,1956-02-06,Andrea Gallo,Occasionale,Toscana,1,69,Oltre 64
1447,Firenze,FI,50100,Uomo,1981-10-01,Emanuele Monti,Abituale,Toscana,1,43,Da 40 a 49
1448,Ancona,AN,60100,Uomo,1957-07-31,Alberto D'Angelo,Occasionale,Marche,1,67,Oltre 64
1449,Matera,MT,75100,Donna,1975-12-14,Carmela Palumbo,Occasionale,Basilicata,3,49,Da 40 a 49
1450,Alessandria,AL,15100,Uomo,1969-05-04,Leonardo Caruso,Occasionale,Piemonte,1,55,Da 50 a 64
1451,Trento,TN,38100,Uomo,1952-06-21,Giuseppe Orlando,Occasionale,Trentino-Alto Adige,1,72,Oltre 64
1452,Frosinone,FR,03100,Donna,1989-07-04,Rita Arena,Abituale,Lazio,1,35,Da 30 a 39
1453,Vibo Valentia,VV,89900,Donna,1980-10-27,Stefania Marchetti,Abituale,Calabria,3,44,Da 40 a 49
1454,Prato,PO,59100,Uomo,1954-09-07,Antonio Villa,Abituale,Toscana,1,70,Oltre 64
1455,Ferrara,FE,44100,Donna,1990-10-06,Sofia Costa,Abituale,Emilia-Romagna,1,34,Da 30 a 39
1456,Potenza,PZ,85100,Donna,1966-04-25,Monica Palumbo,Abituale,Basilicata,3,59,Da 50 a 64
1457,Udine,UD,33100,Uomo,1976-11-18,Nicola Coppola,Occasionale,Friuli-Venezia Giulia,1,48,Da 40 a 49
1458,Piacenza,PC,29100,Uomo,1986-05-13,Leonardo Palumbo,Abituale,Emilia-Romagna,1,38,Da 30 a 39
1459,Udine,UD,33100,Uomo,1956-04-06,Stefano Conti,Abituale,Friuli-Venezia Giulia,1,69,Oltre 64
1460,Ravenna,RA,48100,Donna,1966-01-16,Claudia Gallo,Abituale,Emilia-Romagna,1,59,Da 50 a 64
1461,Pavia,PV,27100,Uomo,1999-08-07,Franco Messina,Abituale,Lombardia,1,25,Da 18 a 29
1462,Verbania,VB,28921,Uomo,1991-12-04,Leonardo Galli,Occasionale,Piemonte,1,33,Da 30 a 39
1463,Siracusa,SR,96100,Donna,1990-09-17,Sara Ferri,Occasionale,Sicilia,3,34,Da 30 a 39
1464,Livorno,LI,57100,Donna,1987-03-09,Giulia Mariani,Occasionale,Toscana,1,38,Da 30 a 39
1465,Napoli,NA,80100,Donna,1963-10-03,Patrizia Marino,Occasionale,Campania,2,61,Da 50 a 64
1466,Parma,PR,43100,Uomo,1990-09-14,Claudio Ferretti,Abituale,Emilia-Romagna,1,34,Da 30 a 39
1467,Torre del Greco,NA,80059,Uomo,1958-11-26,Carlo Cattaneo,Abituale,Campania,2,66,Oltre 64
1468,Vibo Valentia,VV,89900,Donna,1996-10-30,Paola Caruso,Abituale,Calabria,3,28,Da 18 a 29
1469,Pordenone,PN,33170,Donna,1961-05-08,Elena Rizzi,Occasionale,Friuli-Venezia Giulia,1,63,Da 50 a 64
1470,Teramo,TE,64100,Donna,1965-01-24,Cristina Bernardi,Occasionale,Abruzzo,2,60,Da 50 a 64
1471,Gorizia,GO,34170,Donna,1958-11-25,Valeria Gallo,Abituale,Friuli-Venezia Giulia,1,66,Oltre 64
1472,Prato,PO,59100,Donna,1999-01-19,Rosa Sanna,Occasionale,Toscana,1,26,Da 18 a 29
1473,Bologna,BO,40100,Donna,1960-11-06,Laura De Angelis,Abituale,Emilia-Romagna,1,64,Da 50 a 64
1474,Cesena,FC,47521,Donna,1999-03-31,Carmela Vitale,Abituale,Emilia-Romagna,1,26,Da 18 a 29
1475,Terni,TR,05100,Uomo,1989-05-01,Sergio D'Agostino,Abituale,Umbria,1,35,Da 30 a 39
1476,Siracusa,SR,96100,Donna,1956-11-17,Patrizia Sanna,Abituale,Sicilia,3,68,Oltre 64
1477,Messina,ME,98100,Uomo,1964-11-10,Giorgio Martini,Abituale,Sicilia,3,60,Da 50 a 64
1478,Barletta,BT,76121,Uomo,1980-11-17,Vincenzo Mancini,Abituale,Puglia,2,44,Da 40 a 49
1479,Cremona,CR,26100,Uomo,1974-09-28,Michele Gatti,Occasionale,Lombardia,1,50,Da 50 a 64
1480,Vicenza,VI,36100,Donna,1965-08-31,Maria Rizzo,Abituale,Veneto,1,59,Da 50 a 64
1481,Udine,UD,33100,Uomo,1958-03-12,Giuseppe Barone,Occasionale,Friuli-Venezia Giulia,1,67,Oltre 64
1482,Taranto,TA,74100,Donna,1961-10-23,Ilaria Farina,Abituale,Puglia,2,63,Da 50 a 64
1483,Brindisi,BR,72100,Uomo,1953-10-04,Alessandro Parisi,Occasionale,Puglia,2,71,Oltre 64
1484,Nuoro,NU,08100,Donna,1958-01-17,Giuseppina Moretti,Occasionale,Sardegna,3,67,Oltre 64
1485,Avellino,AV,83100,Donna,1973-06-28,Ilaria Mariani,Abituale,Campania,2,51,Da 50 a 64
1486,Brindisi,BR,72100,Uomo,1964-06-30,Antonio Ferri,Abituale,Puglia,2,60,Da 50 a 64
1487,Teramo,TE,64100,Uomo,1971-09-27,Pietro Ricci,Abituale,Abruzzo,2,53,Da 50 a 64
1488,Lodi,LO,26900,Donna,1965-10-10,Ilaria Donati,Abituale,Lombardia,1,59,Da 50 a 64
1489,Rovigo,RO,45100,Uomo,1981-07-21,Pasquale Barone,Abituale,Veneto,1,43,Da 40 a 49
1490,Fermo,FM,63900,Donna,1972-05-16,Roberta Greco,Abituale,Marche,1,52,Da 50 a 64
1491,Enna,EN,94100,Uomo,1959-07-07,Davide De Rosa,Abituale,Sicilia,3,65,Oltre 64
1492,Reggio Emilia,RE,42100,Donna,1994-03-20,Carmela Grasso,Abituale,Emilia-Romagna,1,31,Da 30 a 39
1493,Torino,TO,10100,Donna,1982-03-20,Teresa Lombardo,Occasionale,Piemonte,1,43,Da 40 a 49
1494,Barletta,BT,76121,Donna,1958-08-23,Giulia Moretti,Abituale,Puglia,2,66,Oltre 64
1495,Avellino,AV,83100,Donna,1975-05-01,Antonella Sanna,Abituale,Campania,2,49,Da 40 a 49
1496,Ravenna,RA,48100,Uomo,1966-09-10,Paolo Bellini,Occasionale,Emilia-Romagna,1,58,Da 50 a 64
1497,Ascoli Piceno,AP,63100,Donna,1973-07-20,Margherita Costa,Abituale,Marche,1,51,Da 50 a 64
1498,Napoli,NA,80100,Donna,1957-10-21,Alessandra Giordano,Abituale,Campania,2,67,Oltre 64
1499,Parma,PR,43100,Uomo,1964-06-30,Federico Ferretti,Occasionale,Emilia-Romagna,1,60,Da 50 a 64
1500,Roma,RM,00100,Uomo,1975-11-14,Giorgio Ferraro,Abituale,Lazio,1,49,Da 40 a 49
1501,Viterbo,VT,01100,Donna,1955-10-12,Elisa Palumbo,Occasionale,Lazio,1,69,Oltre 64
1502,Nuoro,NU,08100,Uomo,1962-09-06,Fabio Rossetti,Occasionale,Sardegna,3,62,Da 50 a 64
1503,Foggia,FG,71100,Donna,1989-10-23,Alessandra Benedetti,Abituale,Puglia,2,35,Da 30 a 39
1504,Genova,GE,16100,Donna,1961-05-27,Giovanna Mariani,Abituale,Liguria,1,63,Da 50 a 64
1505,Foggia,FG,71100,Uomo,1984-11-17,Alberto Farina,Occasionale,Puglia,2,40,Da 40 a 49
1506,Belluno,BL,32100,Uomo,1990-07-17,Roberto Villa,Occasionale,Veneto,1,34,Da 30 a 39
1507,Marsala,TP,91025,Uomo,1994-05-27,Claudio Esposito,Abituale,Sicilia,3,30,Da 30 a 39
1508,Latina,LT,04100,Donna,1984-10-13,Ilaria Villa,Occasionale,Lazio,1,40,Da 40 a 49
1509,Milano,MI,20100,Donna,1961-01-24,Giulia Longo,Abituale,Lombardia,1,64,Da 50 a 64
1510,Modena,MO,41100,Uomo,1963-07-11,Alberto Mazza,Occasionale,Emilia-Romagna,1,61,Da 50 a 64
1511,Chieti,CH,66100,Uomo,1979-11-13,Massimo Fiore,Abituale,Abruzzo,2,45,Da 40 a 49
1512,Perugia,PG,06100,Donna,1966-06-03,Antonella Orlando,Abituale,Umbria,1,58,Da 50 a 64
1513,Torre del Greco,NA,80059,Uomo,2000-01-29,Sergio Parisi,Abituale,Campania,2,25,Da 18 a 29
1514,Brindisi,BR,72100,Donna,1962-03-29,Francesca Caruso,Abituale,Puglia,2,63,Da 50 a 64
1515,Massa,MS,54100,Uomo,1980-07-26,Marco Testa,Abituale,Toscana,1,44,Da 40 a 49
1516,Latina,LT,04100,Uomo,1977-08-30,Vincenzo Donati,Occasionale,Lazio,1,47,Da 40 a 49
1517,Ravenna,RA,48100,Donna,1967-04-10,Simona Bellini,Abituale,Emilia-Romagna,1,58,Da 50 a 64
1518,Cremona,CR,26100,Uomo,1952-07-28,Stefano Caruso,Occasionale,Lombardia,1,72,Oltre 64
1519,Treviso,TV,31100,Uomo,1969-05-05,Dario Pagano,Occasionale,Veneto,1,55,Da 50 a 64
1520,Lodi,LO,26900,Donna,1972-12-13,Chiara Morelli,Abituale,Lombardia,1,52,Da 50 a 64
1521,Caltanissetta,CL,93100,Uomo,1987-08-09,Salvatore Marini,Abituale,Sicilia,3,37,Da 30 a 39
1522,Massa,MS,54100,Uomo,1958-04-07,Alessandro Fabbri,Abituale,Toscana,1,67,Oltre 64
1523,Genova,GE,16100,Uomo,1984-07-30,Mario Parisi,Abituale,Liguria,1,40,Da 40 a 49
1524,Bari,BA,70100,Uomo,1973-04-09,Bruno Gatti,Abituale,Puglia,2,52,Da 50 a 64
1525,Reggio Emilia,RE,42100,Uomo,1978-06-20,Luca Guerra,Abituale,Emilia-Romagna,1,46,Da 40 a 49
1526,Lecco,LC,23900,Donna,1992-12-03,Giulia Lombardi,Abituale,Lombardia,1,32,Da 30 a 39
1527,Parma,PR,43100,Uomo,1967-12-12,Carmelo Ferri,Abituale,Emilia-Romagna,1,57,Da 50 a 64
1528,Trento,TN,38100,Uomo,1980-05-26,Salvatore Pagano,Abituale,Trentino-Alto Adige,1,44,Da 40 a 49
1529,Trapani,TP,91100,Donna,1956-07-14,Elisabetta Fiore,Occasionale,Sicilia,3,68,Oltre 64
1530,Trapani,TP,91100,Uomo,1959-07-05,Dario Rizzo,Abituale,Sicilia,3,65,Oltre 64
1531,Potenza,PZ,85100,Donna,1961-10-06,Sara Greco,Occasionale,Basilicata,3,63,Da 50 a 64
1532,Siracusa,SR,96100,Uomo,1976-01-13,Pasquale Mancini,Abituale,Sicilia,3,49,Da 40 a 49
1533,Vibo Valentia,VV,89900,Donna,1954-06-16,Giulia Parisi,Abituale,Calabria,3,70,Oltre 64
1534,Piacenza,PC,29100,Donna,1990-04-10,Anna Ferretti,Abituale,Emilia-Romagna,1,35,Da 30 a 39
1535,Trapani,TP,91100,Uomo,1961-03-27,Alberto Basile,Abituale,Sicilia,3,64,Da 50 a 64
1536,Trieste,TS,34100,Uomo,1954-05-25,Vincenzo Moretti,Abituale,Friuli-Venezia Giulia,1,70,Oltre 64
1537,Isernia,IS,86170,Donna,1952-07-25,Maria Longo,Abituale,Molise,2,72,Oltre 64
1538,Modena,MO,41100,Uomo,1960-08-10,Giuseppe Conte,Occasionale,Emilia-Romagna,1,64,Da 50 a 64
1539,Reggio Emilia,RE,42100,Donna,1958-04-12,Rosa Russo,Occasionale,Emilia-Romagna,1,67,Oltre 64
1540,Ferrara,FE,44100,Uomo,1967-03-30,Michele Bianchi,Abituale,Emilia-Romagna,1,58,Da 50 a 64
1541,Fermo,FM,63900,Donna,1983-02-22,Giorgia Mazza,Abituale,Marche,1,42,Da 40 a 49
1542,Milano,MI,20100,Uomo,1994-08-15,Alberto Conte,Abituale,Lombardia,1,30,Da 30 a 39
1543,Salerno,SA,84100,Donna,1952-04-04,Sofia Valentini,Occasionale,Campania,2,73,Oltre 64
1544,Lodi,LO,26900,Uomo,1974-02-19,Claudio Leone,Abituale,Lombardia,1,51,Da 50 a 64
1545,Asti,AT,14100,Donna,1966-11-03,Alessandra D'Amico,Abituale,Piemonte,1,58,Da 50 a 64
1546,Parma,PR,43100,Uomo,1962-07-22,Riccardo Costa,Occasionale,Emilia-Romagna,1,62,Da 50 a 64
1547,Gorizia,GO,34170,Uomo,1959-03-08,Riccardo Pagano,Occasionale,Friuli-Venezia Giulia,1,66,Oltre 64
1548,Alessandria,AL,15100,Uomo,1962-11-25,Roberto Piras,Abituale,Piemonte,1,62,Da 50 a 64
1549,Brindisi,BR,72100,Uomo,1994-08-21,Carlo Silvestri,Abituale,Puglia,2,30,Da 30 a 39
1550,Como,CO,22100,Uomo,1992-09-22,Dario Cattaneo,Abituale,Lombardia,1,32,Da 30 a 39
1551,Como,CO,22100,Uomo,1968-12-22,Luigi Pellegrino,Abituale,Lombardia,1,56,Da 50 a 64
1552,Busto Arsizio,VA,21052,Donna,1997-06-30,Anna Romano,Abituale,Lombardia,1,27,Da 18 a 29
1553,Ravenna,RA,48100,Uomo,1977-06-04,Davide Conte,Abituale,Emilia-Romagna,1,47,Da 40 a 49
1554,Viterbo,VT,01100,Uomo,1969-10-13,Pietro Colombo,Occasionale,Lazio,1,55,Da 50 a 64
1555,Savona,SV,17100,Uomo,1987-01-29,Vincenzo Parisi,Occasionale,Liguria,1,38,Da 30 a 39
1556,Caltanissetta,CL,93100,Uomo,1983-04-22,Sergio Donati,Abituale,Sicilia,3,42,Da 40 a 49
1557,Busto Arsizio,VA,21052,Donna,1994-12-21,Giovanna Costa,Occasionale,Lombardia,1,30,Da 30 a 39
1558,Chieti,CH,66100,Uomo,1980-08-02,Michele Caputo,Abituale,Abruzzo,2,44,Da 40 a 49
1559,Crotone,KR,88900,Donna,1985-04-01,Valentina Pagano,Abituale,Calabria,3,40,Da 40 a 49
1560,Cagliari,CA,09100,Uomo,1974-05-20,Pasquale Donati,Occasionale,Sardegna,3,50,Da 50 a 64
1561,Reggio Calabria,RC,89100,Uomo,1987-05-16,Stefano Cattaneo,Abituale,Calabria,3,37,Da 30 a 39
1562,Cremona,CR,26100,Donna,1977-08-31,Carmela Piras,Abituale,Lombardia,1,47,Da 40 a 49
1563,Torino,TO,10100,Uomo,1965-11-12,Giorgio Guerra,Abituale,Piemonte,1,59,Da 50 a 64
1564,Lecce,LE,73100,Uomo,1979-07-16,Paolo Conte,Abituale,Puglia,2,45,Da 40 a 49
1565,Novara,NO,28100,Uomo,1959-09-06,Domenico Santoro,Abituale,Piemonte,1,65,Oltre 64
1566,Catania,CT,95100,Donna,1958-08-10,Roberta Sanna,Occasionale,Sicilia,3,66,Oltre 64
1567,Udine,UD,33100,Donna,1987-11-01,Lucia Giuliani,Abituale,Friuli-Venezia Giulia,1,37,Da 30 a 39
1568,Parma,PR,43100,Uomo,1964-03-15,Federico Serra,Abituale,Emilia-Romagna,1,61,Da 50 a 64
1569,Rieti,RI,02100,Donna,1984-03-21,Lucia Barone,Occasionale,Lazio,1,41,Da 40 a 49
1570,Ravenna,RA,48100,Donna,1956-11-21,Alessandra Guerra,Abituale,Emilia-Romagna,1,68,Oltre 64
1571,Oristano,OR,09170,Donna,1985-05-28,Elisa Orlando,Occasionale,Sardegna,3,39,Da 30 a 39
1572,Foggia,FG,71100,Donna,1969-05-31,Silvia Conti,Occasionale,Puglia,2,55,Da 50 a 64
1573,Torre del Greco,NA,80059,Uomo,1968-10-26,Maurizio Caputo,Abituale,Campania,2,56,Da 50 a 64
1574,Caserta,CE,81100,Uomo,1980-07-18,Stefano Fiore,Occasionale,Campania,2,44,Da 40 a 49
1575,Isernia,IS,86170,Uomo,1979-10-25,Mario Barbieri,Abituale,Molise,2,45,Da 40 a 49
1576,Siena,SI,53100,Donna,1965-01-23,Angela Marini,Occasionale,Toscana,1,60,Da 50 a 64
1577,Macerata,MC,62100,Uomo,1979-07-19,Mario D'Angelo,Abituale,Marche,1,45,Da 40 a 49
1578,La Spezia,SP,19100,Donna,1978-07-23,Rosa Esposito,Abituale,Liguria,1,46,Da 40 a 49
1579,Bolzano,BZ,39100,Uomo,1950-01-03,Daniele Fontana,Abituale,Trentino-Alto Adige,1,75,Oltre 64
1580,Pavia,PV,27100,Donna,2000-12-26,Silvia Guerra,Abituale,Lombardia,1,24,Da 18 a 29
1581,Ferrara,FE,44100,Donna,1970-11-16,Lucia Rossetti,Occasionale,Emilia-Romagna,1,54,Da 50 a 64
1582,Verona,VR,37100,Uomo,1957-09-17,Massimo Ferretti,Occasionale,Veneto,1,67,Oltre 64
1583,Pavia,PV,27100,Uomo,1989-05-14,Franco Arena,Occasionale,Lombardia,1,35,Da 30 a 39
1584,Venezia,VE,30100,Donna,1960-08-17,Laura Gentile,Occasionale,Veneto,1,64,Da 50 a 64
1585,Trapani,TP,91100,Uomo,1990-02-09,Stefano Russo,Abituale,Sicilia,3,35,Da 30 a 39
1586,Macerata,MC,62100,Uomo,1971-12-11,Franco Basile,Abituale,Marche,1,53,Da 50 a 64
1587,Trapani,TP,91100,Donna,1963-11-15,Giovanna Morelli,Abituale,Sicilia,3,61,Da 50 a 64
1588,Rovigo,RO,45100,Uomo,1959-06-11,Michele Coppola,Occasionale,Veneto,1,65,Oltre 64
1589,Reggio Calabria,RC,89100,Donna,1962-03-12,Francesca Marino,Occasionale,Calabria,3,63,Da 50 a 64
1590,Caserta,CE,81100,Donna,1973-08-07,Giovanna D'Agostino,Abituale,Campania,2,51,Da 50 a 64
1591,Gorizia,GO,34170,Donna,1972-01-14,Sara Ricci,Abituale,Friuli-Venezia Giulia,1,53,Da 50 a 64
1592,Ferrara,FE,44100,Donna,1970-12-10,Sofia Farina,Occasionale,Emilia-Romagna,1,54,Da 50 a 64
1593,Lecco,LC,23900,Uomo,1977-02-02,Marco Longo,Abituale,Lombardia,1,48,Da 40 a 49
1594,Bari,BA,70100,Uomo,1994-08-23,Carmelo Valentini,Abituale,Puglia,2,30,Da 30 a 39
1595,Agrigento,AG,92100,Uomo,1999-07-14,Michele Franco,Abituale,Sicilia,3,25,Da 18 a 29
1596,Reggio Calabria,RC,89100,Donna,1955-12-06,Valentina Caputo,Abituale,Calabria,3,69,Oltre 64
1597,Varese,VA,21100,Donna,1998-08-11,Federica Bruno,Abituale,Lombardia,1,26,Da 18 a 29
1598,Varese,VA,21100,Donna,1959-03-29,Caterina Greco,Abituale,Lombardia,1,66,Oltre 64
1599,Lodi,LO,26900,Uomo,1981-03-09,Maurizio De Angelis,Abituale,Lombardia,1,44,Da 40 a 49
1600,Pesaro,PU,61100,Uomo,2000-09-19,Roberto Romeo,Abituale,Marche,1,24,Da 18 a 29
1601,Frosinone,FR,03100,Donna,2000-08-06,Stefania Messina,Abituale,Lazio,1,24,Da 18 a 29
1602,Lecce,LE,73100,Donna,1983-01-16,Margherita Ferrari,Occasionale,Puglia,2,42,Da 40 a 49
1603,Cesena,FC,47521,Uomo,1989-09-02,Leonardo Rizzi,Abituale,Emilia-Romagna,1,35,Da 30 a 39
1604,Agrigento,AG,92100,Donna,1954-01-18,Elena Villa,Abituale,Sicilia,3,71,Oltre 64
1605,Ferrara,FE,44100,Uomo,1986-01-29,Pasquale Villa,Abituale,Emilia-Romagna,1,39,Da 30 a 39
1606,Frosinone,FR,03100,Donna,1956-11-14,Lucia Giordano,Abituale,Lazio,1,68,Oltre 64
1607,Perugia,PG,06100,Uomo,1957-11-03,Pietro Sorrentino,Occasionale,Umbria,1,67,Oltre 64
1608,Cuneo,CN,12100,Donna,1956-01-09,Elena Sorrentino,Abituale,Piemonte,1,69,Oltre 64
1609,Perugia,PG,06100,Donna,1958-05-10,Stefania Bianco,Occasionale,Umbria,1,66,Oltre 64
1610,Perugia,PG,06100,Donna,1984-08-16,Anna Marino,Occasionale,Umbria,1,40,Da 40 a 49
1611,Messina,ME,98100,Donna,1976-06-17,Anna Lombardi,Abituale,Sicilia,3,48,Da 40 a 49
1612,Pavia,PV,27100,Uomo,1991-08-16,Salvatore Marini,Occasionale,Lombardia,1,33,Da 30 a 39
1613,Fermo,FM,63900,Donna,1985-06-07,Margherita Pagano,Abituale,Marche,1,39,Da 30 a 39
1614,Macerata,MC,62100,Uomo,1960-07-26,Luca Pellegrino,Abituale,Marche,1,64,Da 50 a 64
1615,Arezzo,AR,52100,Donna,1984-09-17,Sara Amato,Occasionale,Toscana,1,40,Da 40 a 49
1616,Rovigo,RO,45100,Uomo,1966-06-25,Emanuele Ricci,Abituale,Veneto,1,58,Da 50 a 64
1617,Siracusa,SR,96100,Uomo,1999-01-07,Stefano Basile,Abituale,Sicilia,3,26,Da 18 a 29
1618,Terni,TR,05100,Uomo,1970-10-14,Dario Pellegrino,Abituale,Umbria,1,54,Da 50 a 64
1619,Siena,SI,53100,Donna,1977-02-26,Giulia Ferrari,Occasionale,Toscana,1,48,Da 40 a 49
1620,Ancona,AN,60100,Donna,1968-02-01,Roberta Valentini,Abituale,Marche,1,57,Da 50 a 64
1621,Milano,MI,20100,Uomo,1982-10-06,Carlo Longo,Abituale,Lombardia,1,42,Da 40 a 49
1622,Piacenza,PC,29100,Uomo,1985-09-26,Luca Ferri,Abituale,Emilia-Romagna,1,39,Da 30 a 39
1623,Udine,UD,33100,Donna,1965-12-28,Giuseppina De Luca,Abituale,Friuli-Venezia Giulia,1,59,Da 50 a 64
1624,Sassari,SS,07100,Uomo,1964-03-18,Andrea Monti,Abituale,Sardegna,3,61,Da 50 a 64
1625,Frosinone,FR,03100,Uomo,1966-09-06,Alessandro Rossi,Occasionale,Lazio,1,58,Da 50 a 64
1626,Cremona,CR,26100,Donna,1954-12-05,Elena Bianchi,Occasionale,Lombardia,1,70,Oltre 64
1627,Varese,VA,21100,Uomo,1956-12-23,Franco Lombardo,Occasionale,Lombardia,1,68,Oltre 64
1628,La Spezia,SP,19100,Donna,1960-12-27,Elisabetta Ferrara,Abituale,Liguria,1,64,Da 50 a 64
1629,Andria,BT,76123,Donna,1994-02-18,Anna Piras,Abituale,Puglia,2,31,Da 30 a 39
1630,Prato,PO,59100,Donna,1970-06-19,Sara Sorrentino,Occasionale,Toscana,1,54,Da 50 a 64
1631,Chieti,CH,66100,Donna,1959-05-16,Lucia Neri,Abituale,Abruzzo,2,65,Oltre 64
1632,La Spezia,SP,19100,Uomo,1998-09-18,Angelo Sorrentino,Abituale,Liguria,1,26,Da 18 a 29
1633,Taranto,TA,74100,Uomo,1951-10-11,Paolo Palumbo,Abituale,Puglia,2,73,Oltre 64
1634,Trapani,TP,91100,Donna,1967-08-05,Francesca Caputo,Abituale,Sicilia,3,57,Da 50 a 64
1635,Modena,MO,41100,Uomo,1980-04-23,Enzo Ferrara,Abituale,Emilia-Romagna,1,45,Da 40 a 49
1636,Cosenza,CS,87100,Donna,1997-06-11,Angela D'Agostino,Occasionale,Calabria,3,27,Da 18 a 29
1637,Siena,SI,53100,Donna,1981-05-15,Cristina Silvestri,Abituale,Toscana,1,43,Da 40 a 49
1638,Foggia,FG,71100,Donna,1987-04-24,Chiara Silvestri,Occasionale,Puglia,2,38,Da 30 a 39
1639,Piacenza,PC,29100,Donna,1965-12-09,Maria Romano,Occasionale,Emilia-Romagna,1,59,Da 50 a 64
1640,Viterbo,VT,01100,Donna,1996-12-31,Grazia Ferretti,Occasionale,Lazio,1,28,Da 18 a 29
1641,Belluno,BL,32100,Donna,1978-10-07,Caterina Rizzo,Abituale,Veneto,1,46,Da 40 a 49
1642,Arezzo,AR,52100,Donna,1991-08-18,Patrizia Orlando,Abituale,Toscana,1,33,Da 30 a 39
1643,Forlì,FC,47121,Donna,1960-08-22,Laura Bellini,Abituale,Emilia-Romagna,1,64,Da 50 a 64
1644,Gela,CL,93012,Uomo,1991-08-27,Nicola Fiore,Abituale,Sicilia,3,33,Da 30 a 39
1645,Cremona,CR,26100,Donna,1984-11-05,Elisabetta Rossetti,Abituale,Lombardia,1,40,Da 40 a 49
1646,Rieti,RI,02100,Donna,1964-07-01,Elisa D'Angelo,Abituale,Lazio,1,60,Da 50 a 64
1647,Mantova,MN,46100,Donna,1996-08-30,Giulia Ferrara,Occasionale,Lombardia,1,28,Da 18 a 29
1648,Roma,RM,00100,Donna,1959-02-01,Monica Bianco,Abituale,Lazio,1,66,Oltre 64
1649,Frosinone,FR,03100,Uomo,1995-03-13,Massimo Ferrara,Abituale,Lazio,1,30,Da 30 a 39
1650,Sondrio,SO,23100,Donna,1953-07-10,Alessandra D'Amico,Abituale,Lombardia,1,71,Oltre 64
1651,Belluno,BL,32100,Donna,1991-07-13,Elisabetta Carbone,Abituale,Veneto,1,33,Da 30 a 39
1652,Catania,CT,95100,Donna,1950-05-31,Stefania Parisi,Occasionale,Sicilia,3,74,Oltre 64
1653,Messina,ME,98100,Uomo,1955-09-20,Giuseppe Bellini,Abituale,Sicilia,3,69,Oltre 64
1654,Belluno,BL,32100,Uomo,1971-05-25,Giovanni Rinaldi,Abituale,Veneto,1,53,Da 50 a 64
1655,Bologna,BO,40100,Uomo,1991-04-17,Giovanni Costa,Occasionale,Emilia-Romagna,1,34,Da 30 a 39
1656,Sondrio,SO,23100,Uomo,1993-07-03,Vincenzo D'Amico,Abituale,Lombardia,1,31,Da 30 a 39
1657,Ancona,AN,60100,Uomo,1970-01-01,Davide Sanna,Occasionale,Marche,1,55,Da 50 a 64
1658,Foggia,FG,71100,Uomo,1990-08-27,Luca Basile,Occasionale,Puglia,2,34,Da 30 a 39
1659,Livorno,LI,57100,Uomo,1950-10-18,Enzo Galli,Abituale,Toscana,1,74,Oltre 64
1660,Parma,PR,43100,Uomo,1969-12-07,Federico Gallo,Abituale,Emilia-Romagna,1,55,Da 50 a 64
1661,Aosta,AO,11100,Donna,1955-12-17,Elisabetta Villa,Abituale,Valle d'Aosta,1,69,Oltre 64
1662,Busto Arsizio,VA,21052,Uomo,1990-12-09,Giovanni Rizzo,Abituale,Lombardia,1,34,Da 30 a 39
1663,Napoli,NA,80100,Uomo,1999-10-07,Riccardo Giuliani,Abituale,Campania,2,25,Da 18 a 29
1664,Genova,GE,16100,Uomo,1951-06-21,Massimo Monti,Abituale,Liguria,1,73,Oltre 64
1665,Gela,CL,93012,Uomo,1967-01-03,Claudio Villa,Abituale,Sicilia,3,58,Da 50 a 64
1666,Cremona,CR,26100,Uomo,1981-03-15,Franco Bianchi,Abituale,Lombardia,1,44,Da 40 a 49
1667,Sassari,SS,07100,Donna,1973-11-12,Patrizia Ferrari,Abituale,Sardegna,3,51,Da 50 a 64
1668,Udine,UD,33100,Donna,1959-12-07,Claudia D'Angelo,Occasionale,Friuli-Venezia Giulia,1,65,Oltre 64
1669,Torre del Greco,NA,80059,Donna,1960-08-02,Federica Rizzo,Abituale,Campania,2,64,Da 50 a 64
1670,Varese,VA,21100,Donna,1984-04-28,Elisabetta Grassi,Abituale,Lombardia,1,40,Da 40 a 49
1671,Crotone,KR,88900,Uomo,1955-08-25,Luca Pagano,Abituale,Calabria,3,69,Oltre 64
1672,Lucca,LU,55100,Uomo,1978-02-14,Luigi Rossi,Abituale,Toscana,1,47,Da 40 a 49
1673,Udine,UD,33100,Donna,1950-03-17,Giuseppina Silvestri,Abituale,Friuli-Venezia Giulia,1,75,Oltre 64
1674,Pisa,PI,56100,Uomo,1952-07-17,Stefano Giordano,Abituale,Toscana,1,72,Oltre 64
1675,Mantova,MN,46100,Uomo,1952-06-19,Salvatore De Rosa,Abituale,Lombardia,1,72,Oltre 64
1676,Enna,EN,94100,Donna,1960-07-11,Giovanna Franco,Occasionale,Sicilia,3,64,Da 50 a 64
1677,Vicenza,VI,36100,Donna,1969-12-15,Giovanna Fabbri,Occasionale,Veneto,1,55,Da 50 a 64
1678,Brindisi,BR,72100,Uomo,1992-02-15,Nicola Marini,Occasionale,Puglia,2,33,Da 30 a 39
1679,Cagliari,CA,09100,Uomo,1969-01-26,Nicola Mancini,Abituale,Sardegna,3,56,Da 50 a 64
1680,Monza,MB,20900,Uomo,1984-06-27,Enzo Gallo,Occasionale,Lombardia,1,40,Da 40 a 49
1681,Caltanissetta,CL,93100,Donna,1988-03-04,Sara Colombo,Abituale,Sicilia,3,37,Da 30 a 39
1682,Nuoro,NU,08100,Uomo,1993-12-15,Andrea Palumbo,Occasionale,Sardegna,3,31,Da 30 a 39
1683,La Spezia,SP,19100,Donna,1971-11-18,Simona Sorrentino,Abituale,Liguria,1,53,Da 50 a 64
1684,Rovigo,RO,45100,Donna,1991-05-05,Laura Villa,Abituale,Veneto,1,33,Da 30 a 39
1685,Ancona,AN,60100,Uomo,1994-08-25,Salvatore Bellini,Abituale,Marche,1,30,Da 30 a 39
1686,Como,CO,22100,Uomo,1977-03-10,Giovanni Santoro,Abituale,Lombardia,1,48,Da 40 a 49
1687,Vibo Valentia,VV,89900,Donna,1958-03-01,Elisabetta Rizzo,Abituale,Calabria,3,67,Oltre 64
1688,Vibo Valentia,VV,89900,Donna,1989-11-24,Lucia Morelli,Abituale,Calabria,3,35,Da 30 a 39
1689,Nuoro,NU,08100,Donna,1973-12-26,Sara Villa,Abituale,Sardegna,3,51,Da 50 a 64
1690,Enna,EN,94100,Uomo,1969-10-15,Alberto Lombardo,Abituale,Sicilia,3,55,Da 50 a 64
1691,Potenza,PZ,85100,Uomo,1962-09-08,Salvatore Palumbo,Occasionale,Basilicata,3,62,Da 50 a 64
1692,Forlì,FC,47121,Donna,1992-07-09,Margherita Testa,Occasionale,Emilia-Romagna,1,32,Da 30 a 39
1693,Viterbo,VT,01100,Donna,1997-06-23,Elisa Palumbo,Occasionale,Lazio,1,27,Da 18 a 29
1694,Bergamo,BG,24100,Donna,1962-10-17,Elisa Sanna,Occasionale,Lombardia,1,62,Da 50 a 64
1695,Gela,CL,93012,Uomo,1987-11-24,Carlo Pagano,Occasionale,Sicilia,3,37,Da 30 a 39
1696,Rimini,RN,47900,Uomo,1964-11-28,Giorgio De Luca,Abituale,Emilia-Romagna,1,60,Da 50 a 64
1697,La Spezia,SP,19100,Donna,1960-03-21,Chiara Neri,Abituale,Liguria,1,65,Oltre 64
1698,Trento,TN,38100,Uomo,1979-12-10,Antonio Fabbri,Abituale,Trentino-Alto Adige,1,45,Da 40 a 49
1699,Matera,MT,75100,Donna,1953-09-11,Emanuela Colombo,Abituale,Basilicata,3,71,Oltre 64
1700,Agrigento,AG,92100,Uomo,1986-03-18,Pietro Cattaneo,Abituale,Sicilia,3,39,Da 30 a 39
1701,Ferrara,FE,44100,Uomo,1969-10-18,Giorgio Caruso,Abituale,Emilia-Romagna,1,55,Da 50 a 64
1702,Teramo,TE,64100,Donna,1965-03-11,Giovanna Sorrentino,Occasionale,Abruzzo,2,60,Da 50 a 64
1703,Salerno,SA,84100,Uomo,1970-05-14,Dario Piras,Abituale,Campania,2,54,Da 50 a 64
1704,Giugliano in Campania,NA,80014,Donna,1978-09-12,Monica Galli,Abituale,Campania,2,46,Da 40 a 49
1705,Cagliari,CA,09100,Donna,1979-11-21,Elisabetta Franco,Abituale,Sardegna,3,45,Da 40 a 49
1706,Fermo,FM,63900,Donna,1976-03-21,Elisabetta Coppola,Abituale,Marche,1,49,Da 40 a 49
1707,Imperia,IM,18100,Donna,1950-07-20,Sara Pagano,Abituale,Liguria,1,74,Oltre 64
1708,Trieste,TS,34100,Donna,1997-03-24,Carmela Lombardi,Occasionale,Friuli-Venezia Giulia,1,28,Da 18 a 29
1709,Pistoia,PT,51100,Donna,1975-01-27,Teresa Benedetti,Abituale,Toscana,1,50,Da 50 a 64
1710,Vercelli,VC,13100,Donna,1968-10-11,Simona Ferretti,Occasionale,Piemonte,1,56,Da 50 a 64
1711,Trieste,TS,34100,Donna,1989-02-09,Cristina Ricci,Abituale,Friuli-Venezia Giulia,1,36,Da 30 a 39
1712,Siena,SI,53100,Donna,1987-01-06,Giovanna Bianchi,Abituale,Toscana,1,38,Da 30 a 39
1713,Bari,BA,70100,Uomo,1958-06-01,Franco Ruggiero,Abituale,Puglia,2,66,Oltre 64
1714,Messina,ME,98100,Donna,1956-07-21,Giuseppina Parisi,Occasionale,Sicilia,3,68,Oltre 64
1715,Marsala,TP,91025,Uomo,1984-12-20,Maurizio Farina,Abituale,Sicilia,3,40,Da 40 a 49
1716,Padova,PD,35100,Uomo,1958-04-13,Angelo Bellini,Occasionale,Veneto,1,67,Oltre 64
1717,Perugia,PG,06100,Donna,1989-12-08,Rita Romano,Abituale,Umbria,1,35,Da 30 a 39
1718,Biella,BI,13900,Uomo,1960-10-13,Sergio Parisi,Abituale,Piemonte,1,64,Da 50 a 64
1719,Brindisi,BR,72100,Uomo,1977-11-17,Roberto Vitale,Occasionale,Puglia,2,47,Da 40 a 49
1720,Enna,EN,94100,Donna,1981-08-09,Roberta Bernardi,Abituale,Sicilia,3,43,Da 40 a 49
1721,Prato,PO,59100,Donna,1989-11-03,Maria Villa,Abituale,Toscana,1,35,Da 30 a 39
1722,Prato,PO,59100,Donna,1959-04-21,Ilaria Valentini,Abituale,Toscana,1,66,Oltre 64
1723,Frosinone,FR,03100,Donna,1972-02-07,Giulia Bernardi,Abituale,Lazio,1,53,Da 50 a 64
1724,Mantova,MN,46100,Uomo,1963-02-17,Enzo Monti,Abituale,Lombardia,1,62,Da 50 a 64
1725,Parma,PR,43100,Donna,1959-10-29,Grazia Moretti,Abituale,Emilia-Romagna,1,65,Oltre 64
1726,Sondrio,SO,23100,Uomo,1981-01-10,Giorgio Barbieri,Abituale,Lombardia,1,44,Da 40 a 49
1727,Cagliari,CA,09100,Uomo,1965-08-20,Andrea Martini,Occasionale,Sardegna,3,59,Da 50 a 64
1728,Modena,MO,41100,Donna,1986-10-01,Giulia Gallo,Occasionale,Emilia-Romagna,1,38,Da 30 a 39
1729,Milano,MI,20100,Donna,1972-10-22,Alessandra Ferrara,Occasionale,Lombardia,1,52,Da 50 a 64
1730,Biella,BI,13900,Donna,1990-10-21,Federica Gallo,Abituale,Piemonte,1,34,Da 30 a 39
1731,Ascoli Piceno,AP,63100,Uomo,1953-01-22,Paolo Mariani,Abituale,Marche,1,72,Oltre 64
1732,Cosenza,CS,87100,Uomo,1998-03-25,Davide Esposito,Abituale,Calabria,3,27,Da 18 a 29
1733,Palermo,PA,90100,Uomo,1964-04-04,Federico Gatti,Occasionale,Sicilia,3,61,Da 50 a 64
1734,Matera,MT,75100,Uomo,1961-01-29,Carmelo Rizzo,Occasionale,Basilicata,3,64,Da 50 a 64
1735,Piacenza,PC,29100,Uomo,1951-07-25,Alessandro Marini,Occasionale,Emilia-Romagna,1,73,Oltre 64
1736,Taranto,TA,74100,Donna,1952-03-13,Giovanna Valentini,Abituale,Puglia,2,73,Oltre 64
1737,Lecco,LC,23900,Uomo,1964-01-02,Fabio Colombo,Occasionale,Lombardia,1,61,Da 50 a 64
1738,Imperia,IM,18100,Uomo,1998-05-08,Mario Gatti,Occasionale,Liguria,1,26,Da 18 a 29
1739,Modena,MO,41100,Donna,1986-10-30,Giovanna Greco,Abituale,Emilia-Romagna,1,38,Da 30 a 39
1740,Trapani,TP,91100,Donna,1972-05-17,Chiara Carli,Occasionale,Sicilia,3,52,Da 50 a 64
1741,Rimini,RN,47900,Donna,1974-10-04,Anna Basile,Occasionale,Emilia-Romagna,1,50,Da 50 a 64
1742,Torino,TO,10100,Donna,1985-07-25,Valeria Mancini,Occasionale,Piemonte,1,39,Da 30 a 39
1743,Pesaro,PU,61100,Uomo,1988-08-22,Stefano Sorrentino,Occasionale,Marche,1,36,Da 30 a 39
1744,Venezia,VE,30100,Uomo,1957-08-19,Mario Gatti,Abituale,Veneto,1,67,Oltre 64
1745,Piacenza,PC,29100,Uomo,1960-07-19,Davide Coppola,Abituale,Emilia-Romagna,1,64,Da 50 a 64
1746,Chieti,CH,66100,Uomo,1972-08-04,Roberto Ferrero,Occasionale,Abruzzo,2,52,Da 50 a 64
1747,Pordenone,PN,33170,Uomo,1953-05-28,Dario Barone,Abituale,Friuli-Venezia Giulia,1,71,Oltre 64
1748,La Spezia,SP,19100,Donna,1992-09-24,Sara Benedetti,Abituale,Liguria,1,32,Da 30 a 39
1749,Ferrara,FE,44100,Donna,1958-06-04,Carmela Sanna,Abituale,Emilia-Romagna,1,66,Oltre 64
1750,Avellino,AV,83100,Donna,1951-08-12,Giovanna Grasso,Abituale,Campania,2,73,Oltre 64
1751,Lucca,LU,55100,Uomo,1952-01-03,Luigi Carli,Abituale,Toscana,1,73,Oltre 64
1752,Alessandria,AL,15100,Donna,1955-03-10,Elena Ferri,Abituale,Piemonte,1,70,Oltre 64
1753,Enna,EN,94100,Donna,1988-01-28,Giovanna Basile,Abituale,Sicilia,3,37,Da 30 a 39
1754,Caltanissetta,CL,93100,Uomo,1985-10-15,Michele Martinelli,Abituale,Sicilia,3,39,Da 30 a 39
1755,Venezia,VE,30100,Uomo,1987-05-14,Antonio Barone,Occasionale,Veneto,1,37,Da 30 a 39
1756,Venezia,VE,30100,Uomo,1979-10-24,Daniele Amato,Abituale,Veneto,1,45,Da 40 a 49
1757,Rieti,RI,02100,Donna,1973-12-06,Stefania D'Amico,Abituale,Lazio,1,51,Da 50 a 64
1758,Torino,TO,10100,Uomo,1970-03-25,Daniele De Rosa,Occasionale,Piemonte,1,55,Da 50 a 64
1759,Terni,TR,05100,Donna,1967-12-13,Margherita D'Angelo,Abituale,Umbria,1,57,Da 50 a 64
1760,Trento,TN,38100,Uomo,1958-08-29,Franco Ferretti,Abituale,Trentino-Alto Adige,1,66,Oltre 64
1761,Arezzo,AR,52100,Uomo,1975-04-29,Dario Carli,Abituale,Toscana,1,49,Da 40 a 49
1762,Rovigo,RO,45100,Donna,1973-10-22,Patrizia Caputo,Abituale,Veneto,1,51,Da 50 a 64
1763,Enna,EN,94100,Uomo,1955-03-02,Luca Giordano,Occasionale,Sicilia,3,70,Oltre 64
1764,Treviso,TV,31100,Donna,1965-04-14,Rita D'Agostino,Occasionale,Veneto,1,60,Da 50 a 64
1765,Ascoli Piceno,AP,63100,Uomo,1950-05-23,Vincenzo D'Amico,Abituale,Marche,1,74,Oltre 64
1766,Verbania,VB,28921,Donna,1975-01-13,Antonella Giordano,Abituale,Piemonte,1,50,Da 50 a 64
1767,Verona,VR,37100,Uomo,1998-09-12,Riccardo Grasso,Occasionale,Veneto,1,26,Da 18 a 29
1768,Verona,VR,37100,Donna,1955-10-21,Grazia Martini,Occasionale,Veneto,1,69,Oltre 64
1769,Pescara,PE,65100,Donna,1973-02-16,Elisa De Santis,Occasionale,Abruzzo,2,52,Da 50 a 64
1770,Agrigento,AG,92100,Donna,1984-11-19,Claudia Neri,Abituale,Sicilia,3,40,Da 40 a 49
1771,Chieti,CH,66100,Uomo,1965-12-04,Andrea Palumbo,Occasionale,Abruzzo,2,59,Da 50 a 64
1772,Asti,AT,14100,Donna,1962-06-19,Giuseppina Gallo,Abituale,Piemonte,1,62,Da 50 a 64
1773,Brindisi,BR,72100,Donna,1950-09-22,Grazia De Rosa,Occasionale,Puglia,2,74,Oltre 64
1774,Asti,AT,14100,Uomo,1979-11-21,Alberto Ricci,Occasionale,Piemonte,1,45,Da 40 a 49
1775,La Spezia,SP,19100,Uomo,1989-10-02,Michele Ferri,Abituale,Liguria,1,35,Da 30 a 39
1776,Trieste,TS,34100,Donna,1984-06-16,Monica Bruno,Abituale,Friuli-Venezia Giulia,1,40,Da 40 a 49
1777,Torre del Greco,NA,80059,Donna,1983-10-06,Giovanna Valentini,Abituale,Campania,2,41,Da 40 a 49
1778,Caltanissetta,CL,93100,Uomo,1997-04-16,Federico Neri,Abituale,Sicilia,3,28,Da 18 a 29
1779,Rovigo,RO,45100,Uomo,1955-06-18,Luigi Giordano,Abituale,Veneto,1,69,Oltre 64
1780,Prato,PO,59100,Uomo,1998-03-11,Antonio Sorrentino,Abituale,Toscana,1,27,Da 18 a 29
1781,Varese,VA,21100,Uomo,1995-05-30,Giovanni Bruno,Occasionale,Lombardia,1,29,Da 18 a 29
1782,Modena,MO,41100,Donna,1995-05-18,Patrizia Ruggiero,Abituale,Emilia-Romagna,1,29,Da 18 a 29
1783,Latina,LT,04100,Uomo,1959-02-06,Dario Ferrero,Abituale,Lazio,1,66,Oltre 64
1784,Busto Arsizio,VA,21052,Uomo,1996-04-09,Giorgio Coppola,Abituale,Lombardia,1,29,Da 18 a 29
1785,Napoli,NA,80100,Donna,1965-02-05,Chiara Palumbo,Abituale,Campania,2,60,Da 50 a 64
1786,Biella,BI,13900,Uomo,1997-04-20,Francesco Marini,Abituale,Piemonte,1,28,Da 18 a 29
1787,Arezzo,AR,52100,Donna,1951-10-10,Angela Pellegrino,Abituale,Toscana,1,73,Oltre 64
1788,Ravenna,RA,48100,Donna,2000-09-02,Francesca Longo,Abituale,Emilia-Romagna,1,24,Da 18 a 29
1789,Perugia,PG,06100,Uomo,1997-11-04,Pasquale Russo,Occasionale,Umbria,1,27,Da 18 a 29
1790,Siracusa,SR,96100,Donna,1993-02-07,Elisa Palumbo,Abituale,Sicilia,3,32,Da 30 a 39
1791,Reggio Calabria,RC,89100,Donna,1970-01-29,Roberta Conti,Abituale,Calabria,3,55,Da 50 a 64
1792,Salerno,SA,84100,Donna,1962-05-27,Carmela Donati,Occasionale,Campania,2,62,Da 50 a 64
1793,Agrigento,AG,92100,Donna,1973-07-17,Alessandra Neri,Abituale,Sicilia,3,51,Da 50 a 64
1794,Trapani,TP,91100,Uomo,1992-05-11,Federico Vitale,Abituale,Sicilia,3,32,Da 30 a 39
1795,Milano,MI,20100,Uomo,1959-09-03,Vincenzo Conte,Abituale,Lombardia,1,65,Oltre 64
1796,Lecco,LC,23900,Uomo,1978-04-16,Pasquale Marino,Abituale,Lombardia,1,47,Da 40 a 49
1797,Forlì,FC,47121,Donna,1966-07-01,Elena Bernardi,Abituale,Emilia-Romagna,1,58,Da 50 a 64
1798,Isernia,IS,86170,Donna,1951-05-21,Carmela Franco,Abituale,Molise,2,73,Oltre 64
1799,Bologna,BO,40100,Donna,1969-12-16,Alessandra Gatti,Occasionale,Emilia-Romagna,1,55,Da 50 a 64
1800,Agrigento,AG,92100,Donna,1967-07-05,Elisabetta Bellini,Abituale,Sicilia,3,57,Da 50 a 64
1801,Siracusa,SR,96100,Uomo,1989-03-01,Roberto Basile,Abituale,Sicilia,3,36,Da 30 a 39
1802,Livorno,LI,57100,Donna,1955-06-08,Chiara Mazza,Occasionale,Toscana,1,69,Oltre 64
1803,Potenza,PZ,85100,Uomo,1995-05-01,Franco Benedetti,Abituale,Basilicata,3,29,Da 18 a 29
1804,Cuneo,CN,12100,Uomo,1980-04-25,Francesco Ferrero,Abituale,Piemonte,1,45,Da 40 a 49
1805,Udine,UD,33100,Donna,1970-05-29,Stefania Sanna,Abituale,Friuli-Venezia Giulia,1,54,Da 50 a 64
1806,Piacenza,PC,29100,Donna,1968-11-20,Francesca Carbone,Occasionale,Emilia-Romagna,1,56,Da 50 a 64
1807,Pavia,PV,27100,Donna,1972-01-23,Stefania Donati,Abituale,Lombardia,1,53,Da 50 a 64
1808,Rimini,RN,47900,Uomo,1961-05-10,Vincenzo Martini,Abituale,Emilia-Romagna,1,63,Da 50 a 64
1809,Busto Arsizio,VA,21052,Uomo,1998-09-11,Andrea Gatti,Abituale,Lombardia,1,26,Da 18 a 29
1810,Bari,BA,70100,Uomo,1978-10-24,Enzo Barbieri,Abituale,Puglia,2,46,Da 40 a 49
1811,Cesena,FC,47521,Donna,1954-08-25,Ilaria D'Agostino,Occasionale,Emilia-Romagna,1,70,Oltre 64
1812,Alessandria,AL,15100,Uomo,1950-09-15,Roberto Sanna,Occasionale,Piemonte,1,74,Oltre 64
1813,Parma,PR,43100,Uomo,1953-08-23,Bruno Bellini,Abituale,Emilia-Romagna,1,71,Oltre 64
1814,Macerata,MC,62100,Uomo,1976-09-14,Michele Romano,Abituale,Marche,1,48,Da 40 a 49
1815,Torino,TO,10100,Uomo,1955-11-20,Daniele Bianchi,Abituale,Piemonte,1,69,Oltre 64
1816,Gorizia,GO,34170,Donna,1972-04-25,Patrizia Ruggiero,Occasionale,Friuli-Venezia Giulia,1,53,Da 50 a 64
1817,Rieti,RI,02100,Donna,1990-05-08,Federica Ferrara,Occasionale,Lazio,1,34,Da 30 a 39
1818,Caserta,CE,81100,Donna,1953-03-16,Concetta Ferraro,Occasionale,Campania,2,72,Oltre 64
1819,Taranto,TA,74100,Donna,1981-02-06,Roberta Romano,Abituale,Puglia,2,44,Da 40 a 49
1820,Nuoro,NU,08100,Uomo,1990-01-08,Giuseppe D'Agostino,Abituale,Sardegna,3,35,Da 30 a 39
1821,Bari,BA,70100,Uomo,1959-02-27,Marco Gatti,Abituale,Puglia,2,66,Oltre 64
1822,Enna,EN,94100,Uomo,1955-04-04,Fabio Valentini,Occasionale,Sicilia,3,70,Oltre 64
1823,Ancona,AN,60100,Donna,1950-12-08,Anna Donati,Abituale,Marche,1,74,Oltre 64
1824,Taranto,TA,74100,Uomo,1981-07-30,Marco Costa,Abituale,Puglia,2,43,Da 40 a 49
1825,Sondrio,SO,23100,Donna,1961-12-10,Elena Mariani,Abituale,Lombardia,1,63,Da 50 a 64
1826,Terni,TR,05100,Donna,1965-09-22,Valeria Ricci,Occasionale,Umbria,1,59,Da 50 a 64
1827,La Spezia,SP,19100,Uomo,1954-08-14,Luca De Santis,Abituale,Liguria,1,70,Oltre 64
1828,Pordenone,PN,33170,Uomo,1997-06-17,Bruno Marini,Abituale,Friuli-Venezia Giulia,1,27,Da 18 a 29
1829,Catania,CT,95100,Donna,1973-10-25,Caterina De Rosa,Occasionale,Sicilia,3,51,Da 50 a 64
1830,Piacenza,PC,29100,Uomo,1991-07-17,Salvatore Carbone,Occasionale,Emilia-Romagna,1,33,Da 30 a 39
1831,Trapani,TP,91100,Uomo,1970-12-21,Fabio Esposito,Abituale,Sicilia,3,54,Da 50 a 64
1832,Bergamo,BG,24100,Uomo,1956-11-05,Paolo Ferretti,Abituale,Lombardia,1,68,Oltre 64
1833,Pordenone,PN,33170,Uomo,1974-05-17,Davide Sanna,Abituale,Friuli-Venezia Giulia,1,50,Da 50 a 64
1834,Potenza,PZ,85100,Uomo,1981-05-06,Alessandro D'Agostino,Abituale,Basilicata,3,43,Da 40 a 49
1835,Nuoro,NU,08100,Donna,1993-07-03,Angela Rizzi,Abituale,Sardegna,3,31,Da 30 a 39
1836,Pistoia,PT,51100,Donna,1994-11-18,Teresa Longo,Abituale,Toscana,1,30,Da 30 a 39
1837,Bari,BA,70100,Uomo,1976-06-25,Pietro Farina,Occasionale,Puglia,2,48,Da 40 a 49
1838,Avellino,AV,83100,Donna,1969-07-11,Ilaria De Luca,Abituale,Campania,2,55,Da 50 a 64
1839,Belluno,BL,32100,Donna,1994-04-03,Teresa Guerra,Occasionale,Veneto,1,31,Da 30 a 39
1840,Massa,MS,54100,Uomo,1990-05-18,Nicola Sanna,Abituale,Toscana,1,34,Da 30 a 39
1841,Sassari,SS,07100,Donna,2000-12-13,Angela Monti,Abituale,Sardegna,3,24,Da 18 a 29
1842,Marsala,TP,91025,Donna,1993-08-11,Stefania Bellini,Abituale,Sicilia,3,31,Da 30 a 39
1843,Torre del Greco,NA,80059,Donna,1991-07-02,Monica Basile,Abituale,Campania,2,33,Da 30 a 39
1844,Massa,MS,54100,Uomo,1965-10-16,Pietro D'Amico,Occasionale,Toscana,1,59,Da 50 a 64
1845,Andria,BT,76123,Uomo,1962-09-12,Nicola Giordano,Abituale,Puglia,2,62,Da 50 a 64
1846,Barletta,BT,76121,Uomo,1999-05-08,Bruno Donati,Occasionale,Puglia,2,25,Da 18 a 29
1847,Siena,SI,53100,Uomo,1961-11-15,Carlo Silvestri,Occasionale,Toscana,1,63,Da 50 a 64
1848,Udine,UD,33100,Donna,1953-11-05,Sofia Silvestri,Occasionale,Friuli-Venezia Giulia,1,71,Oltre 64
1849,Agrigento,AG,92100,Donna,1992-10-19,Ilaria Sala,Abituale,Sicilia,3,32,Da 30 a 39
1850,Alessandria,AL,15100,Donna,1971-10-16,Giuseppina Basile,Abituale,Piemonte,1,53,Da 50 a 64
1851,Cremona,CR,26100,Uomo,1962-05-24,Giorgio Giuliani,Abituale,Lombardia,1,62,Da 50 a 64
1852,Novara,NO,28100,Donna,1981-08-29,Antonella Greco,Abituale,Piemonte,1,43,Da 40 a 49
1853,Modena,MO,41100,Uomo,1953-09-04,Luca Lombardo,Occasionale,Emilia-Romagna,1,71,Oltre 64
1854,Firenze,FI,50100,Donna,1980-04-24,Valentina Silvestri,Abituale,Toscana,1,45,Da 40 a 49
1855,Imperia,IM,18100,Uomo,1958-05-27,Francesco Greco,Occasionale,Liguria,1,66,Oltre 64
1856,Torre del Greco,NA,80059,Uomo,1960-01-03,Leonardo Bianco,Abituale,Campania,2,65,Oltre 64
1857,Venezia,VE,30100,Uomo,1980-09-11,Alberto Costa,Abituale,Veneto,1,44,Da 40 a 49
1858,Taranto,TA,74100,Donna,1997-01-27,Carmela Donati,Abituale,Puglia,2,28,Da 18 a 29
1859,Gorizia,GO,34170,Donna,1998-01-30,Patrizia Lombardi,Abituale,Friuli-Venezia Giulia,1,27,Da 18 a 29
1860,Grosseto,GR,58100,Donna,1991-04-29,Teresa Testa,Abituale,Toscana,1,33,Da 30 a 39
1861,Siracusa,SR,96100,Donna,1968-05-05,Lucia De Santis,Abituale,Sicilia,3,56,Da 50 a 64
1862,Ferrara,FE,44100,Donna,1988-01-11,Giovanna Lombardi,Abituale,Emilia-Romagna,1,37,Da 30 a 39
1863,Bolzano,BZ,39100,Uomo,1991-01-22,Fabio Bruno,Abituale,Trentino-Alto Adige,1,34,Da 30 a 39
1864,Rieti,RI,02100,Donna,1965-04-26,Sofia Giordano,Occasionale,Lazio,1,60,Da 50 a 64
1865,Busto Arsizio,VA,21052,Donna,1976-10-25,Stefania Bianco,Occasionale,Lombardia,1,48,Da 40 a 49
1866,Avellino,AV,83100,Uomo,1980-03-06,Riccardo Romano,Abituale,Campania,2,45,Da 40 a 49
1867,Prato,PO,59100,Donna,1959-05-04,Giorgia Martinelli,Abituale,Toscana,1,65,Oltre 64
1868,Fermo,FM,63900,Uomo,1974-09-05,Giorgio Grassi,Occasionale,Marche,1,50,Da 50 a 64
1869,Napoli,NA,80100,Uomo,1989-11-08,Domenico Gentile,Occasionale,Campania,2,35,Da 30 a 39
1870,Sesto San Giovanni,MI,20099,Donna,1998-10-12,Carmela Coppola,Abituale,Lombardia,1,26,Da 18 a 29
1871,Vicenza,VI,36100,Donna,1993-06-09,Angela Ferrero,Abituale,Veneto,1,31,Da 30 a 39
1872,Brindisi,BR,72100,Uomo,1998-05-01,Sergio Lombardi,Abituale,Puglia,2,26,Da 18 a 29
1873,Sesto San Giovanni,MI,20099,Donna,1999-10-12,Caterina Russo,Abituale,Lombardia,1,25,Da 18 a 29
1874,Biella,BI,13900,Uomo,1996-03-28,Maurizio Lombardo,Occasionale,Piemonte,1,29,Da 18 a 29
1875,Campobasso,CB,86100,Donna,1981-05-04,Roberta Caputo,Occasionale,Molise,2,43,Da 40 a 49
1876,Aosta,AO,11100,Donna,1959-12-05,Francesca Palumbo,Abituale,Valle d'Aosta,1,65,Oltre 64
1877,Savona,SV,17100,Donna,1950-04-28,Cristina Carli,Abituale,Liguria,1,74,Oltre 64
1878,Bolzano,BZ,39100,Uomo,1962-06-26,Giuseppe Barone,Occasionale,Trentino-Alto Adige,1,62,Da 50 a 64
1879,Cosenza,CS,87100,Uomo,1989-04-07,Franco Amato,Abituale,Calabria,3,36,Da 30 a 39
1880,Padova,PD,35100,Uomo,1952-11-11,Andrea Romano,Abituale,Veneto,1,72,Oltre 64
1881,Catanzaro,CZ,88100,Donna,1957-08-24,Maria Parisi,Occasionale,Calabria,3,67,Oltre 64
1882,Ancona,AN,60100,Donna,1963-08-26,Elisa Rinaldi,Abituale,Marche,1,61,Da 50 a 64
1883,Nuoro,NU,08100,Donna,1999-09-06,Valentina De Luca,Abituale,Sardegna,3,25,Da 18 a 29
1884,Nuoro,NU,08100,Uomo,1966-02-26,Domenico Martinelli,Abituale,Sardegna,3,59,Da 50 a 64
1885,Chieti,CH,66100,Uomo,1987-06-16,Antonio Amato,Occasionale,Abruzzo,2,37,Da 30 a 39
1886,Teramo,TE,64100,Donna,1980-09-21,Elisabetta Caputo,Abituale,Abruzzo,2,44,Da 40 a 49
1887,Bologna,BO,40100,Donna,1975-01-20,Emanuela Ferraro,Abituale,Emilia-Romagna,1,50,Da 50 a 64
1888,Pesaro,PU,61100,Uomo,1970-06-02,Stefano Pagano,Abituale,Marche,1,54,Da 50 a 64
1889,Palermo,PA,90100,Donna,1984-03-27,Laura Longo,Abituale,Sicilia,3,41,Da 40 a 49
1890,Bari,BA,70100,Uomo,1957-07-14,Nicola Lombardi,Occasionale,Puglia,2,67,Oltre 64
1891,Firenze,FI,50100,Uomo,1987-01-22,Francesco Ferrero,Abituale,Toscana,1,38,Da 30 a 39
1892,Chieti,CH,66100,Donna,1978-03-13,Margherita Martinelli,Occasionale,Abruzzo,2,47,Da 40 a 49
1893,Viterbo,VT,01100,Donna,1967-08-16,Chiara Rizzo,Occasionale,Lazio,1,57,Da 50 a 64
1894,Agrigento,AG,92100,Uomo,1994-03-08,Federico Mazza,Abituale,Sicilia,3,31,Da 30 a 39
1895,Como,CO,22100,Donna,1950-09-18,Margherita Longo,Occasionale,Lombardia,1,74,Oltre 64
1896,Novara,NO,28100,Donna,1991-03-08,Sofia Rizzi,Occasionale,Piemonte,1,34,Da 30 a 39
1897,Crotone,KR,88900,Donna,1962-09-07,Roberta Rizzi,Abituale,Calabria,3,62,Da 50 a 64
1898,Chieti,CH,66100,Uomo,1970-04-12,Pasquale Cattaneo,Abituale,Abruzzo,2,55,Da 50 a 64
1899,Biella,BI,13900,Uomo,1952-08-12,Luca Ferri,Abituale,Piemonte,1,72,Oltre 64
1900,Savona,SV,17100,Donna,1965-09-20,Giorgia Farina,Abituale,Liguria,1,59,Da 50 a 64
1901,Viterbo,VT,01100,Uomo,1983-07-10,Domenico Ferrero,Abituale,Lazio,1,41,Da 40 a 49
1902,Lodi,LO,26900,Uomo,1975-12-14,Massimo Rizzo,Abituale,Lombardia,1,49,Da 40 a 49
1903,Roma,RM,00100,Uomo,1958-11-18,Carlo Arena,Occasionale,Lazio,1,66,Oltre 64
1904,Viterbo,VT,01100,Uomo,1965-12-27,Franco Marini,Occasionale,Lazio,1,59,Da 50 a 64
1905,Massa,MS,54100,Donna,1977-10-15,Margherita Gatti,Abituale,Toscana,1,47,Da 40 a 49
1906,Trapani,TP,91100,Donna,1966-10-21,Grazia Gatti,Occasionale,Sicilia,3,58,Da 50 a 64
1907,Sesto San Giovanni,MI,20099,Uomo,2000-06-03,Carmelo Grasso,Occasionale,Lombardia,1,24,Da 18 a 29
1908,Chieti,CH,66100,Donna,1966-11-25,Valeria Gallo,Abituale,Abruzzo,2,58,Da 50 a 64
1909,Asti,AT,14100,Donna,1983-12-03,Francesca Caruso,Abituale,Piemonte,1,41,Da 40 a 49
1910,Imperia,IM,18100,Uomo,1952-06-14,Giovanni Donati,Abituale,Liguria,1,72,Oltre 64
1911,Reggio Calabria,RC,89100,Donna,1984-01-17,Maria Greco,Abituale,Calabria,3,41,Da 40 a 49
1912,Pescara,PE,65100,Uomo,1997-07-26,Maurizio Longo,Abituale,Abruzzo,2,27,Da 18 a 29
1913,Rimini,RN,47900,Uomo,1959-11-18,Sergio Fiore,Abituale,Emilia-Romagna,1,65,Oltre 64
1914,Catania,CT,95100,Donna,1999-03-17,Carmela Bianchi,Occasionale,Sicilia,3,26,Da 18 a 29
1915,Pescara,PE,65100,Donna,1966-07-09,Elisabetta Moretti,Occasionale,Abruzzo,2,58,Da 50 a 64
1916,Cosenza,CS,87100,Uomo,1996-12-23,Luca Testa,Occasionale,Calabria,3,28,Da 18 a 29
1917,Bolzano,BZ,39100,Donna,1985-06-09,Simona Bianco,Occasionale,Trentino-Alto Adige,1,39,Da 30 a 39
1918,Messina,ME,98100,Uomo,1997-01-31,Giuseppe Romeo,Occasionale,Sicilia,3,28,Da 18 a 29
1919,Chieti,CH,66100,Uomo,1981-05-23,Roberto Valentini,Abituale,Abruzzo,2,43,Da 40 a 49
1920,Ascoli Piceno,AP,63100,Uomo,1961-01-03,Riccardo De Luca,Abituale,Marche,1,64,Da 50 a 64
1921,Palermo,PA,90100,Uomo,1999-08-30,Domenico Caruso,Occasionale,Sicilia,3,25,Da 18 a 29
1922,Rimini,RN,47900,Donna,1953-02-08,Carmela Rinaldi,Occasionale,Emilia-Romagna,1,72,Oltre 64
1923,Enna,EN,94100,Uomo,1951-01-16,Massimo Ferretti,Abituale,Sicilia,3,74,Oltre 64
1924,Venezia,VE,30100,Donna,1958-08-18,Grazia Bianchi,Occasionale,Veneto,1,66,Oltre 64
1925,Savona,SV,17100,Donna,1988-01-22,Alessandra Ferretti,Abituale,Liguria,1,37,Da 30 a 39
1926,Potenza,PZ,85100,Donna,1951-07-21,Valeria Fabbri,Abituale,Basilicata,3,73,Oltre 64
1927,Parma,PR,43100,Donna,1998-02-16,Rosa Ferretti,Occasionale,Emilia-Romagna,1,27,Da 18 a 29
1928,Vibo Valentia,VV,89900,Uomo,1982-04-17,Federico De Santis,Abituale,Calabria,3,43,Da 40 a 49
1929,Perugia,PG,06100,Uomo,1957-06-12,Franco Basile,Occasionale,Umbria,1,67,Oltre 64
1930,Pordenone,PN,33170,Uomo,1977-03-12,Carlo Santoro,Abituale,Friuli-Venezia Giulia,1,48,Da 40 a 49
1931,Catanzaro,CZ,88100,Uomo,1976-05-25,Massimo Costa,Abituale,Calabria,3,48,Da 40 a 49
1932,Agrigento,AG,92100,Uomo,1995-12-08,Antonio Santoro,Abituale,Sicilia,3,29,Da 18 a 29
1933,Monza,MB,20900,Donna,1954-12-02,Carmela Rossetti,Occasionale,Lombardia,1,70,Oltre 64
1934,Caserta,CE,81100,Uomo,1981-05-03,Marco Mariani,Abituale,Campania,2,43,Da 40 a 49
1935,Isernia,IS,86170,Donna,1953-10-17,Rosa Parisi,Occasionale,Molise,2,71,Oltre 64
1936,Verbania,VB,28921,Uomo,1983-07-11,Carlo D'Agostino,Abituale,Piemonte,1,41,Da 40 a 49
1937,Latina,LT,04100,Donna,1957-02-17,Giuseppina Esposito,Abituale,Lazio,1,68,Oltre 64
1938,Andria,BT,76123,Donna,1958-02-07,Rosa Silvestri,Occasionale,Puglia,2,67,Oltre 64
1939,Padova,PD,35100,Uomo,1971-08-25,Dario Messina,Occasionale,Veneto,1,53,Da 50 a 64
1940,Rieti,RI,02100,Uomo,1961-09-16,Antonio Orlando,Abituale,Lazio,1,63,Da 50 a 64
1941,Udine,UD,33100,Uomo,1984-12-25,Giovanni Pellegrini,Abituale,Friuli-Venezia Giulia,1,40,Da 40 a 49
1942,Milano,MI,20100,Uomo,1977-03-07,Michele Sanna,Occasionale,Lombardia,1,48,Da 40 a 49
1943,Reggio Calabria,RC,89100,Donna,1961-01-24,Valeria Gatti,Abituale,Calabria,3,64,Da 50 a 64
1944,Sondrio,SO,23100,Uomo,1952-12-23,Luca De Angelis,Abituale,Lombardia,1,72,Oltre 64
1945,Monza,MB,20900,Donna,1976-06-07,Cristina Fabbri,Occasionale,Lombardia,1,48,Da 40 a 49
1946,Belluno,BL,32100,Uomo,1997-05-05,Emanuele Barone,Abituale,Veneto,1,27,Da 18 a 29
1947,Monza,MB,20900,Uomo,1993-03-10,Nicola Martinelli,Abituale,Lombardia,1,32,Da 30 a 39
1948,Ragusa,RG,97100,Uomo,1950-03-15,Alessandro Ferretti,Abituale,Sicilia,3,75,Oltre 64
1949,Asti,AT,14100,Uomo,1988-01-31,Pietro Carbone,Abituale,Piemonte,1,37,Da 30 a 39
1950,Novara,NO,28100,Donna,2000-05-14,Rita Guerra,Abituale,Piemonte,1,24,Da 18 a 29
1951,Viterbo,VT,01100,Uomo,1979-11-09,Andrea Romano,Occasionale,Lazio,1,45,Da 40 a 49
1952,Brindisi,BR,72100,Donna,1976-12-07,Rita Russo,Occasionale,Puglia,2,48,Da 40 a 49
1953,Biella,BI,13900,Donna,1978-11-22,Simona Coppola,Abituale,Piemonte,1,46,Da 40 a 49
1954,Lecce,LE,73100,Uomo,1983-05-27,Carlo Ferrara,Abituale,Puglia,2,41,Da 40 a 49
1955,Barletta,BT,76121,Uomo,1980-12-19,Sergio Mancini,Abituale,Puglia,2,44,Da 40 a 49
1956,Trento,TN,38100,Uomo,1991-02-23,Enzo Pagano,Abituale,Trentino-Alto Adige,1,34,Da 30 a 39
1957,Asti,AT,14100,Donna,1976-01-14,Valeria Ferretti,Abituale,Piemonte,1,49,Da 40 a 49
1958,Verona,VR,37100,Uomo,1991-06-17,Angelo De Rosa,Abituale,Veneto,1,33,Da 30 a 39
1959,Matera,MT,75100,Donna,1959-01-02,Federica Rizzo,Abituale,Basilicata,3,66,Oltre 64
1960,Bergamo,BG,24100,Donna,1994-06-24,Rita Cattaneo,Occasionale,Lombardia,1,30,Da 30 a 39
1961,Varese,VA,21100,Donna,1981-09-07,Sara Neri,Occasionale,Lombardia,1,43,Da 40 a 49
1962,Ragusa,RG,97100,Donna,1954-08-06,Sofia Ferretti,Occasionale,Sicilia,3,70,Oltre 64
1963,Grosseto,GR,58100,Uomo,1984-02-12,Francesco Mariani,Occasionale,Toscana,1,41,Da 40 a 49
1964,Lucca,LU,55100,Donna,1981-11-09,Simona Romeo,Abituale,Toscana,1,43,Da 40 a 49
1965,Alessandria,AL,15100,Uomo,1985-08-06,Nicola Leone,Abituale,Piemonte,1,39,Da 30 a 39
1966,Verona,VR,37100,Uomo,1972-04-10,Domenico Mancini,Abituale,Veneto,1,53,Da 50 a 64
1967,Sesto San Giovanni,MI,20099,Donna,1992-12-18,Giorgia Barbieri,Abituale,Lombardia,1,32,Da 30 a 39
1968,Belluno,BL,32100,Uomo,1967-05-14,Paolo Greco,Abituale,Veneto,1,57,Da 50 a 64
1969,Agrigento,AG,92100,Donna,1959-07-22,Claudia Ferrari,Abituale,Sicilia,3,65,Oltre 64
1970,Pescara,PE,65100,Uomo,1994-02-18,Daniele Russo,Occasionale,Abruzzo,2,31,Da 30 a 39
1971,Verona,VR,37100,Uomo,1986-02-06,Domenico Barbieri,Abituale,Veneto,1,39,Da 30 a 39
1972,Bolzano,BZ,39100,Donna,1989-03-13,Claudia Bernardi,Abituale,Trentino-Alto Adige,1,36,Da 30 a 39
1973,Genova,GE,16100,Donna,1976-01-22,Concetta Carli,Abituale,Liguria,1,49,Da 40 a 49
1974,Venezia,VE,30100,Donna,1950-02-09,Teresa Gallo,Occasionale,Veneto,1,75,Oltre 64
1975,Palermo,PA,90100,Donna,1972-12-17,Emanuela Neri,Abituale,Sicilia,3,52,Da 50 a 64
1976,Biella,BI,13900,Donna,1998-10-21,Francesca Longo,Abituale,Piemonte,1,26,Da 18 a 29
1977,Reggio Calabria,RC,89100,Donna,1991-03-06,Sofia Ferrero,Abituale,Calabria,3,34,Da 30 a 39
1978,Siena,SI,53100,Donna,1993-02-06,Giorgia De Luca,Abituale,Toscana,1,32,Da 30 a 39
1979,Trapani,TP,91100,Uomo,1970-07-07,Massimo Pagano,Abituale,Sicilia,3,54,Da 50 a 64
1980,Aosta,AO,11100,Uomo,1970-09-10,Giovanni Galli,Abituale,Valle d'Aosta,1,54,Da 50 a 64
1981,Belluno,BL,32100,Uomo,1983-06-30,Luca Carbone,Abituale,Veneto,1,41,Da 40 a 49
1982,Napoli,NA,80100,Donna,1982-10-07,Stefania De Rosa,Occasionale,Campania,2,42,Da 40 a 49
1983,Enna,EN,94100,Uomo,1985-03-09,Massimo Ferretti,Abituale,Sicilia,3,40,Da 40 a 49
1984,Viterbo,VT,01100,Donna,1997-01-18,Paola Marino,Abituale,Lazio,1,28,Da 18 a 29
1985,Pesaro,PU,61100,Uomo,1957-08-10,Luca Costa,Abituale,Marche,1,67,Oltre 64
1986,Lodi,LO,26900,Donna,1994-05-17,Concetta Carli,Abituale,Lombardia,1,30,Da 30 a 39
1987,Vicenza,VI,36100,Donna,2000-12-19,Sofia Palumbo,Abituale,Veneto,1,24,Da 18 a 29
1988,Forlì,FC,47121,Uomo,1977-03-14,Pasquale Rinaldi,Abituale,Emilia-Romagna,1,48,Da 40 a 49
1989,Verona,VR,37100,Donna,1998-12-23,Caterina Ferretti,Occasionale,Veneto,1,26,Da 18 a 29
1990,Belluno,BL,32100,Uomo,1983-08-21,Vincenzo Fiore,Abituale,Veneto,1,41,Da 40 a 49
1991,Salerno,SA,84100,Uomo,1997-02-14,Davide Vitale,Abituale,Campania,2,28,Da 18 a 29
1992,Modena,MO,41100,Donna,1951-01-30,Caterina Cattaneo,Abituale,Emilia-Romagna,1,74,Oltre 64
1993,Prato,PO,59100,Uomo,1963-09-04,Giuseppe Mancini,Abituale,Toscana,1,61,Da 50 a 64
1994,Sondrio,SO,23100,Donna,2000-03-10,Elisabetta Marini,Abituale,Lombardia,1,25,Da 18 a 29
1995,Lecco,LC,23900,Uomo,1993-04-20,Francesco Palumbo,Abituale,Lombardia,1,32,Da 30 a 39
1996,Nuoro,NU,08100,Uomo,1955-02-15,Emanuele Pellegrini,Occasionale,Sardegna,3,70,Oltre 64
1997,Bologna,BO,40100,Donna,1967-08-08,Anna Morelli,Abituale,Emilia-Romagna,1,57,Da 50 a 64
1998,Busto Arsizio,VA,21052,Uomo,1969-05-26,Alberto Donati,Abituale,Lombardia,1,55,Da 50 a 64
1999,Modena,MO,41100,Uomo,1983-06-15,Pietro Pagano,Abituale,Emilia-Romagna,1,41,Da 40 a 49
2000,Bari,BA,70100,Uomo,1962-11-02,Paolo Basile,Abituale,Puglia,2,62,Da 50 a 64
2001,Arezzo,AR,52100,Donna,1950-02-17,Federica De Rosa,Abituale,Toscana,1,75,Oltre 64
2002,Agrigento,AG,92100,Donna,1964-09-04,Chiara Ferretti,Occasionale,Sicilia,3,60,Da 50 a 64
2003,Mantova,MN,46100,Uomo,1986-07-28,Alessandro Galli,Abituale,Lombardia,1,38,Da 30 a 39
2004,Pordenone,PN,33170,Uomo,1966-09-15,Michele Parisi,Abituale,Friuli-Venezia Giulia,1,58,Da 50 a 64
2005,Parma,PR,43100,Donna,1969-10-02,Teresa Rizzo,Occasionale,Emilia-Romagna,1,55,Da 50 a 64
2006,Asti,AT,14100,Donna,1967-10-22,Rita Santoro,Occasionale,Piemonte,1,57,Da 50 a 64
2007,Cuneo,CN,12100,Donna,1992-03-05,Monica Barone,Abituale,Piemonte,1,33,Da 30 a 39
2008,Modena,MO,41100,Donna,1971-08-11,Rita Gentile,Abituale,Emilia-Romagna,1,53,Da 50 a 64
2009,Brescia,BS,25100,Uomo,1997-11-17,Maurizio D'Agostino,Occasionale,Lombardia,1,27,Da 18 a 29
2010,Torre del Greco,NA,80059,Donna,2000-09-14,Anna Carli,Abituale,Campania,2,24,Da 18 a 29
2011,Padova,PD,35100,Donna,1987-09-08,Laura Caputo,Occasionale,Veneto,1,37,Da 30 a 39
2012,Ferrara,FE,44100,Uomo,1967-08-08,Luigi Giuliani,Occasionale,Emilia-Romagna,1,57,Da 50 a 64
2013,Pordenone,PN,33170,Uomo,1957-02-26,Claudio Franco,Abituale,Friuli-Venezia Giulia,1,68,Oltre 64
2014,Alessandria,AL,15100,Uomo,1978-04-17,Luca Caputo,Abituale,Piemonte,1,47,Da 40 a 49
2015,Massa,MS,54100,Uomo,1965-07-19,Francesco Ferretti,Abituale,Toscana,1,59,Da 50 a 64
2016,Rimini,RN,47900,Uomo,1956-07-18,Andrea Martini,Occasionale,Emilia-Romagna,1,68,Oltre 64
2017,Forlì,FC,47121,Donna,1959-11-16,Simona De Angelis,Occasionale,Emilia-Romagna,1,65,Oltre 64
2018,Bologna,BO,40100,Donna,1958-12-18,Monica Rizzi,Abituale,Emilia-Romagna,1,66,Oltre 64
2019,Forlì,FC,47121,Uomo,1978-12-22,Pietro Rizzo,Abituale,Emilia-Romagna,1,46,Da 40 a 49
2020,Ascoli Piceno,AP,63100,Donna,1989-04-17,Elisa Bruno,Occasionale,Marche,1,36,Da 30 a 39
2021,Rieti,RI,02100,Donna,1965-07-07,Teresa Giordano,Abituale,Lazio,1,59,Da 50 a 64
2022,Caltanissetta,CL,93100,Donna,1985-02-02,Angela Rizzo,Abituale,Sicilia,3,40,Da 40 a 49
2023,Fermo,FM,63900,Donna,1980-10-02,Ilaria Piras,Abituale,Marche,1,44,Da 40 a 49
2024,Napoli,NA,80100,Uomo,1989-01-05,Antonio Rizzi,Occasionale,Campania,2,36,Da 30 a 39
2025,Catanzaro,CZ,88100,Donna,1951-01-10,Giovanna Basile,Abituale,Calabria,3,74,Oltre 64
2026,Siena,SI,53100,Uomo,1982-01-24,Giovanni Fontana,Occasionale,Toscana,1,43,Da 40 a 49
2027,Vercelli,VC,13100,Uomo,1975-10-15,Alberto Benedetti,Occasionale,Piemonte,1,49,Da 40 a 49
2028,Palermo,PA,90100,Donna,1969-08-26,Giorgia Rinaldi,Abituale,Sicilia,3,55,Da 50 a 64
2029,Catanzaro,CZ,88100,Donna,1964-07-15,Monica Farina,Occasionale,Calabria,3,60,Da 50 a 64
2030,Alessandria,AL,15100,Uomo,1989-09-23,Franco Rossetti,Abituale,Piemonte,1,35,Da 30 a 39
2031,Fermo,FM,63900,Donna,1963-11-20,Sofia Donati,Abituale,Marche,1,61,Da 50 a 64
2032,Enna,EN,94100,Uomo,1962-04-25,Roberto Ferrari,Occasionale,Sicilia,3,63,Da 50 a 64
2033,Prato,PO,59100,Uomo,1989-11-02,Leonardo Guerra,Abituale,Toscana,1,35,Da 30 a 39
2034,Vicenza,VI,36100,Donna,1981-12-07,Cristina Conte,Occasionale,Veneto,1,43,Da 40 a 49
2035,Lodi,LO,26900,Uomo,1976-09-27,Carlo Barone,Abituale,Lombardia,1,48,Da 40 a 49
2036,Aosta,AO,11100,Donna,1988-05-05,Patrizia Ferrari,Occasionale,Valle d'Aosta,1,36,Da 30 a 39
2037,Bolzano,BZ,39100,Uomo,1959-11-10,Alessandro Greco,Occasionale,Trentino-Alto Adige,1,65,Oltre 64
2038,Gorizia,GO,34170,Donna,1953-01-04,Ilaria Fiore,Occasionale,Friuli-Venezia Giulia,1,72,Oltre 64
2039,Giugliano in Campania,NA,80014,Donna,1964-05-01,Roberta De Santis,Abituale,Campania,2,60,Da 50 a 64
2040,Bologna,BO,40100,Uomo,1961-09-18,Pietro Martini,Occasionale,Emilia-Romagna,1,63,Da 50 a 64
2041,Gorizia,GO,34170,Uomo,1980-06-26,Riccardo Vitale,Abituale,Friuli-Venezia Giulia,1,44,Da 40 a 49
2042,Verbania,VB,28921,Uomo,1950-03-29,Enzo Santoro,Occasionale,Piemonte,1,75,Oltre 64
2043,Macerata,MC,62100,Donna,1955-05-05,Elisabetta Fabbri,Occasionale,Marche,1,69,Oltre 64
2044,Reggio Calabria,RC,89100,Uomo,1969-11-05,Daniele Orlando,Abituale,Calabria,3,55,Da 50 a 64
2045,Macerata,MC,62100,Uomo,1977-11-26,Marco Bianco,Abituale,Marche,1,47,Da 40 a 49
2046,Potenza,PZ,85100,Uomo,1990-05-11,Angelo Piras,Abituale,Basilicata,3,34,Da 30 a 39
2047,Livorno,LI,57100,Uomo,1953-11-25,Bruno D'Amico,Abituale,Toscana,1,71,Oltre 64
2048,Rimini,RN,47900,Uomo,1996-10-03,Luigi Carli,Abituale,Emilia-Romagna,1,28,Da 18 a 29
2049,Torre del Greco,NA,80059,Uomo,1983-11-27,Paolo De Santis,Abituale,Campania,2,41,Da 40 a 49
2050,Fermo,FM,63900,Uomo,1974-01-14,Claudio Testa,Occasionale,Marche,1,51,Da 50 a 64
2051,Avellino,AV,83100,Donna,1985-12-10,Carmela Costa,Abituale,Campania,2,39,Da 30 a 39
2052,Trieste,TS,34100,Donna,1954-10-22,Lucia Gatti,Abituale,Friuli-Venezia Giulia,1,70,Oltre 64
2053,Oristano,OR,09170,Uomo,1990-01-03,Carlo Bruno,Occasionale,Sardegna,3,35,Da 30 a 39
2054,Verona,VR,37100,Uomo,1974-10-10,Claudio Ferrari,Occasionale,Veneto,1,50,Da 50 a 64
2055,Cagliari,CA,09100,Uomo,1989-01-06,Emanuele Caputo,Occasionale,Sardegna,3,36,Da 30 a 39
2056,Messina,ME,98100,Donna,1962-02-18,Carmela Mazza,Abituale,Sicilia,3,63,Da 50 a 64
2057,Latina,LT,04100,Uomo,1995-08-01,Emanuele Romano,Occasionale,Lazio,1,29,Da 18 a 29
2058,Lodi,LO,26900,Uomo,1980-07-18,Paolo Franco,Abituale,Lombardia,1,44,Da 40 a 49
2059,Salerno,SA,84100,Uomo,1975-04-11,Luca Longo,Occasionale,Campania,2,50,Da 50 a 64
2060,Teramo,TE,64100,Donna,1993-12-07,Simona Ferrero,Abituale,Abruzzo,2,31,Da 30 a 39
2061,Belluno,BL,32100,Donna,1990-04-30,Elisa Farina,Abituale,Veneto,1,34,Da 30 a 39
2062,Nuoro,NU,08100,Uomo,1978-06-06,Leonardo Rizzo,Abituale,Sardegna,3,46,Da 40 a 49
2063,Siena,SI,53100,Donna,1982-06-07,Elena Rinaldi,Occasionale,Toscana,1,42,Da 40 a 49
2064,Ragusa,RG,97100,Uomo,1961-11-30,Sergio De Rosa,Occasionale,Sicilia,3,63,Da 50 a 64
2065,Siracusa,SR,96100,Donna,1963-12-26,Chiara Grasso,Occasionale,Sicilia,3,61,Da 50 a 64
2066,Brescia,BS,25100,Donna,1951-08-15,Monica Mazza,Occasionale,Lombardia,1,73,Oltre 64
2067,Teramo,TE,64100,Donna,1988-10-08,Giulia Monti,Abituale,Abruzzo,2,36,Da 30 a 39
2068,Aosta,AO,11100,Uomo,1984-02-13,Maurizio Pellegrini,Occasionale,Valle d'Aosta,1,41,Da 40 a 49
2069,Udine,UD,33100,Uomo,1977-11-08,Giovanni Franco,Occasionale,Friuli-Venezia Giulia,1,47,Da 40 a 49
2070,Grosseto,GR,58100,Uomo,1990-04-07,Sergio Pellegrini,Abituale,Toscana,1,35,Da 30 a 39
2071,Cagliari,CA,09100,Donna,1985-04-16,Sara Costa,Abituale,Sardegna,3,40,Da 40 a 49
2072,Como,CO,22100,Donna,1966-11-13,Lucia Ferrara,Abituale,Lombardia,1,58,Da 50 a 64
2073,Sesto San Giovanni,MI,20099,Donna,1955-11-14,Lucia Marino,Occasionale,Lombardia,1,69,Oltre 64
2074,Perugia,PG,06100,Uomo,1952-08-02,Daniele De Luca,Abituale,Umbria,1,72,Oltre 64
2075,Aosta,AO,11100,Uomo,1974-12-26,Enzo Sanna,Occasionale,Valle d'Aosta,1,50,Da 50 a 64
2076,Lodi,LO,26900,Donna,1970-10-09,Federica Arena,Abituale,Lombardia,1,54,Da 50 a 64
2077,Giugliano in Campania,NA,80014,Donna,1963-03-27,Rita Gatti,Abituale,Campania,2,62,Da 50 a 64
2078,L'Aquila,AQ,67100,Uomo,1971-05-18,Davide Barbieri,Abituale,Abruzzo,2,53,Da 50 a 64
2079,Terni,TR,05100,Donna,1971-03-29,Valeria Ferrara,Occasionale,Umbria,1,54,Da 50 a 64
2080,Biella,BI,13900,Donna,1954-01-05,Claudia Rizzo,Occasionale,Piemonte,1,71,Oltre 64
2081,Matera,MT,75100,Uomo,1992-11-16,Salvatore D'Amico,Abituale,Basilicata,3,32,Da 30 a 39
2082,Campobasso,CB,86100,Uomo,1954-09-25,Luigi Bruno,Abituale,Molise,2,70,Oltre 64
2083,Marsala,TP,91025,Uomo,1986-12-04,Pasquale Cattaneo,Occasionale,Sicilia,3,38,Da 30 a 39
2084,Verona,VR,37100,Uomo,1980-09-13,Angelo Greco,Abituale,Veneto,1,44,Da 40 a 49
2085,Macerata,MC,62100,Uomo,1967-12-12,Dario Ferrara,Abituale,Marche,1,57,Da 50 a 64
2086,Caltanissetta,CL,93100,Uomo,1988-11-20,Antonio Ferraro,Abituale,Sicilia,3,36,Da 30 a 39
2087,Marsala,TP,91025,Uomo,1956-01-04,Salvatore Conte,Occasionale,Sicilia,3,69,Oltre 64
2088,Rieti,RI,02100,Uomo,1999-12-13,Angelo Giordano,Occasionale,Lazio,1,25,Da 18 a 29
2089,Frosinone,FR,03100,Uomo,1970-07-04,Emanuele Sanna,Abituale,Lazio,1,54,Da 50 a 64
2090,Bolzano,BZ,39100,Uomo,1995-06-26,Alessandro Donati,Occasionale,Trentino-Alto Adige,1,29,Da 18 a 29
2091,Pesaro,PU,61100,Uomo,1962-07-10,Roberto Lombardo,Abituale,Marche,1,62,Da 50 a 64
2092,Teramo,TE,64100,Uomo,1978-07-18,Angelo Guerra,Abituale,Abruzzo,2,46,Da 40 a 49
2093,Forlì,FC,47121,Donna,1992-09-28,Elisabetta Bernardi,Abituale,Emilia-Romagna,1,32,Da 30 a 39
2094,Asti,AT,14100,Uomo,1970-08-29,Antonio Cattaneo,Abituale,Piemonte,1,54,Da 50 a 64
2095,Vercelli,VC,13100,Uomo,1963-09-24,Paolo Mancini,Abituale,Piemonte,1,61,Da 50 a 64
2096,Parma,PR,43100,Uomo,1993-08-19,Giorgio Sanna,Abituale,Emilia-Romagna,1,31,Da 30 a 39
2097,Caserta,CE,81100,Uomo,1978-09-22,Fabio Lombardi,Abituale,Campania,2,46,Da 40 a 49
2098,Palermo,PA,90100,Uomo,1973-11-05,Paolo Testa,Occasionale,Sicilia,3,51,Da 50 a 64
2099,Ravenna,RA,48100,Uomo,1974-05-13,Carmelo Amato,Abituale,Emilia-Romagna,1,50,Da 50 a 64
2100,Verona,VR,37100,Donna,1966-11-10,Monica Greco,Abituale,Veneto,1,58,Da 50 a 64
2101,Pavia,PV,27100,Donna,1957-07-01,Rosa Longo,Abituale,Lombardia,1,67,Oltre 64
2102,Ferrara,FE,44100,Donna,1993-09-30,Federica Basile,Abituale,Emilia-Romagna,1,31,Da 30 a 39
2103,Roma,RM,00100,Uomo,1997-12-11,Paolo Caruso,Abituale,Lazio,1,27,Da 18 a 29
2104,Padova,PD,35100,Donna,1987-12-22,Chiara Giordano,Occasionale,Veneto,1,37,Da 30 a 39
2105,Rovigo,RO,45100,Donna,1976-10-15,Concetta Caruso,Occasionale,Veneto,1,48,Da 40 a 49
2106,Gela,CL,93012,Uomo,1995-11-23,Leonardo Parisi,Abituale,Sicilia,3,29,Da 18 a 29
2107,Piacenza,PC,29100,Uomo,1981-02-10,Michele Grasso,Abituale,Emilia-Romagna,1,44,Da 40 a 49
2108,Novara,NO,28100,Donna,1955-10-19,Paola D'Angelo,Abituale,Piemonte,1,69,Oltre 64
2109,Venezia,VE,30100,Uomo,1966-06-05,Luca Galli,Occasionale,Veneto,1,58,Da 50 a 64
2110,Enna,EN,94100,Donna,1998-07-15,Antonella Gentile,Abituale,Sicilia,3,26,Da 18 a 29
2111,Ferrara,FE,44100,Donna,1976-09-11,Concetta Fabbri,Occasionale,Emilia-Romagna,1,48,Da 40 a 49
2112,Enna,EN,94100,Donna,1955-08-09,Paola Neri,Occasionale,Sicilia,3,69,Oltre 64
2113,Bari,BA,70100,Donna,1979-05-17,Valeria Basile,Occasionale,Puglia,2,45,Da 40 a 49
2114,Cagliari,CA,09100,Uomo,1996-11-23,Domenico Ferrero,Abituale,Sardegna,3,28,Da 18 a 29
2115,Rimini,RN,47900,Uomo,1988-10-19,Alberto Esposito,Abituale,Emilia-Romagna,1,36,Da 30 a 39
2116,Agrigento,AG,92100,Donna,1954-01-10,Giorgia Rossetti,Abituale,Sicilia,3,71,Oltre 64
2117,Perugia,PG,06100,Donna,1998-03-08,Margherita Greco,Abituale,Umbria,1,27,Da 18 a 29
2118,Trapani,TP,91100,Donna,1955-01-09,Silvia Bruno,Occasionale,Sicilia,3,70,Oltre 64
2119,Lecce,LE,73100,Uomo,1986-12-10,Maurizio Martinelli,Abituale,Puglia,2,38,Da 30 a 39
2120,Taranto,TA,74100,Uomo,1961-01-27,Dario D'Angelo,Abituale,Puglia,2,64,Da 50 a 64
2121,Nuoro,NU,08100,Donna,1975-07-30,Valentina Serra,Abituale,Sardegna,3,49,Da 40 a 49
2122,Catania,CT,95100,Uomo,1992-04-10,Pietro Carbone,Occasionale,Sicilia,3,33,Da 30 a 39
2123,Reggio Emilia,RE,42100,Uomo,1999-04-03,Salvatore Bruno,Abituale,Emilia-Romagna,1,26,Da 18 a 29
2124,Arezzo,AR,52100,Donna,1951-10-05,Concetta Romeo,Abituale,Toscana,1,73,Oltre 64
2125,Giugliano in Campania,NA,80014,Uomo,1982-09-03,Franco Parisi,Abituale,Campania,2,42,Da 40 a 49
2126,Imperia,IM,18100,Uomo,1974-10-11,Salvatore Longo,Abituale,Liguria,1,50,Da 50 a 64
2127,Genova,GE,16100,Uomo,1996-02-23,Luigi Conte,Occasionale,Liguria,1,29,Da 18 a 29
2128,Udine,UD,33100,Donna,1956-09-08,Stefania Grassi,Abituale,Friuli-Venezia Giulia,1,68,Oltre 64
2129,Foggia,FG,71100,Donna,1986-02-24,Paola Giuliani,Abituale,Puglia,2,39,Da 30 a 39
2130,Viterbo,VT,01100,Donna,1968-08-05,Lucia Gatti,Occasionale,Lazio,1,56,Da 50 a 64
2131,Napoli,NA,80100,Donna,1970-11-08,Stefania Ferretti,Abituale,Campania,2,54,Da 50 a 64
2132,Reggio Emilia,RE,42100,Donna,1984-03-22,Emanuela Rossetti,Abituale,Emilia-Romagna,1,41,Da 40 a 49
2133,Napoli,NA,80100,Uomo,1960-04-19,Pietro Galli,Occasionale,Campania,2,65,Oltre 64
2134,Sassari,SS,07100,Donna,1977-05-07,Carmela Ferrari,Abituale,Sardegna,3,47,Da 40 a 49
2135,Fermo,FM,63900,Donna,1973-02-17,Lucia Rossi,Abituale,Marche,1,52,Da 50 a 64
2136,Massa,MS,54100,Uomo,1998-08-03,Alberto Rinaldi,Occasionale,Toscana,1,26,Da 18 a 29
2137,Bergamo,BG,24100,Donna,1994-09-26,Monica Fabbri,Abituale,Lombardia,1,30,Da 30 a 39
2138,Aosta,AO,11100,Uomo,1963-01-09,Paolo Esposito,Abituale,Valle d'Aosta,1,62,Da 50 a 64
2139,Ferrara,FE,44100,Donna,1974-04-27,Caterina D'Angelo,Abituale,Emilia-Romagna,1,51,Da 50 a 64
2140,Messina,ME,98100,Uomo,1952-05-29,Leonardo Bruno,Occasionale,Sicilia,3,72,Oltre 64
2141,Viterbo,VT,01100,Uomo,1996-01-03,Francesco De Santis,Occasionale,Lazio,1,29,Da 18 a 29
2142,L'Aquila,AQ,67100,Uomo,1962-02-09,Massimo Rinaldi,Occasionale,Abruzzo,2,63,Da 50 a 64
2143,Alessandria,AL,15100,Donna,1972-02-01,Rita Romano,Abituale,Piemonte,1,53,Da 50 a 64
2144,Verona,VR,37100,Uomo,1973-04-25,Pasquale Leone,Abituale,Veneto,1,52,Da 50 a 64
2145,Agrigento,AG,92100,Donna,1988-03-03,Patrizia Rizzo,Abituale,Sicilia,3,37,Da 30 a 39
2146,Cosenza,CS,87100,Donna,1969-05-24,Lucia Longo,Occasionale,Calabria,3,55,Da 50 a 64
2147,Vicenza,VI,36100,Uomo,1982-03-26,Sergio Conte,Abituale,Veneto,1,43,Da 40 a 49
2148,Lecce,LE,73100,Donna,1988-07-05,Chiara Colombo,Abituale,Puglia,2,36,Da 30 a 39
2149,Potenza,PZ,85100,Uomo,1964-02-23,Giorgio Rinaldi,Abituale,Basilicata,3,61,Da 50 a 64
2150,Asti,AT,14100,Uomo,1967-12-15,Giorgio Gatti,Abituale,Piemonte,1,57,Da 50 a 64
2151,Monza,MB,20900,Uomo,1958-04-02,Alessandro Rossetti,Occasionale,Lombardia,1,67,Oltre 64
2152,Agrigento,AG,92100,Uomo,1979-06-30,Dario Monti,Abituale,Sicilia,3,45,Da 40 a 49
2153,Pesaro,PU,61100,Donna,1951-10-01,Grazia Gallo,Occasionale,Marche,1,73,Oltre 64
2154,Gela,CL,93012,Uomo,1960-11-02,Dario Mazza,Occasionale,Sicilia,3,64,Da 50 a 64
2155,Isernia,IS,86170,Uomo,1962-09-03,Antonio Romano,Occasionale,Molise,2,62,Da 50 a 64
2156,Foggia,FG,71100,Uomo,1985-07-08,Paolo Ferretti,Occasionale,Puglia,2,39,Da 30 a 39
2157,Isernia,IS,86170,Donna,1955-06-17,Rita Mancini,Occasionale,Molise,2,69,Oltre 64
2158,Vicenza,VI,36100,Donna,1998-08-21,Alessandra Grasso,Abituale,Veneto,1,26,Da 18 a 29
2159,Grosseto,GR,58100,Uomo,1995-08-30,Riccardo D'Agostino,Abituale,Toscana,1,29,Da 18 a 29
2160,Asti,AT,14100,Uomo,1981-07-05,Carmelo Orlando,Abituale,Piemonte,1,43,Da 40 a 49
2161,Trento,TN,38100,Donna,1965-12-02,Elisabetta Silvestri,Abituale,Trentino-Alto Adige,1,59,Da 50 a 64
2162,Messina,ME,98100,Donna,1996-11-02,Silvia Messina,Abituale,Sicilia,3,28,Da 18 a 29
2163,Venezia,VE,30100,Uomo,1991-11-13,Marco Ferrari,Occasionale,Veneto,1,33,Da 30 a 39
2164,Nuoro,NU,08100,Uomo,1996-02-20,Angelo Bianco,Abituale,Sardegna,3,29,Da 18 a 29
2165,Belluno,BL,32100,Donna,1993-10-01,Antonella Romano,Abituale,Veneto,1,31,Da 30 a 39
2166,Cagliari,CA,09100,Donna,1967-04-03,Margherita Ferraro,Occasionale,Sardegna,3,58,Da 50 a 64
2167,Gorizia,GO,34170,Donna,1963-01-21,Ilaria Giuliani,Abituale,Friuli-Venezia Giulia,1,62,Da 50 a 64
2168,La Spezia,SP,19100,Donna,1999-06-14,Patrizia Ferrari,Abituale,Liguria,1,25,Da 18 a 29
2169,Pordenone,PN,33170,Donna,1962-09-09,Elisabetta Colombo,Occasionale,Friuli-Venezia Giulia,1,62,Da 50 a 64
2170,Treviso,TV,31100,Donna,1953-06-08,Teresa Giordano,Abituale,Veneto,1,71,Oltre 64
2171,Novara,NO,28100,Donna,1969-05-23,Giuseppina De Santis,Abituale,Piemonte,1,55,Da 50 a 64
2172,Aosta,AO,11100,Donna,1990-03-07,Stefania Pagano,Occasionale,Valle d'Aosta,1,35,Da 30 a 39
2173,Cosenza,CS,87100,Uomo,1963-02-24,Davide Ferrara,Abituale,Calabria,3,62,Da 50 a 64
2174,Marsala,TP,91025,Uomo,1995-06-02,Luigi De Rosa,Occasionale,Sicilia,3,29,Da 18 a 29
2175,Monza,MB,20900,Uomo,1993-04-05,Nicola Cattaneo,Abituale,Lombardia,1,32,Da 30 a 39
2176,Brindisi,BR,72100,Uomo,1992-09-03,Andrea Moretti,Abituale,Puglia,2,32,Da 30 a 39
2177,Salerno,SA,84100,Uomo,1957-09-17,Antonio Longo,Abituale,Campania,2,67,Oltre 64
2178,Teramo,TE,64100,Uomo,1993-04-22,Angelo Villa,Occasionale,Abruzzo,2,32,Da 30 a 39
2179,Matera,MT,75100,Uomo,1975-04-04,Giuseppe Mazza,Abituale,Basilicata,3,50,Da 50 a 64
2180,Massa,MS,54100,Uomo,1969-06-14,Dario Neri,Occasionale,Toscana,1,55,Da 50 a 64
2181,Verbania,VB,28921,Donna,1984-03-18,Valeria Bernardi,Occasionale,Piemonte,1,41,Da 40 a 49
2182,Catania,CT,95100,Uomo,1986-11-01,Carlo Colombo,Abituale,Sicilia,3,38,Da 30 a 39
2183,Brescia,BS,25100,Donna,1957-03-08,Valentina Grasso,Occasionale,Lombardia,1,68,Oltre 64
2184,Trieste,TS,34100,Uomo,1966-03-15,Vincenzo Benedetti,Abituale,Friuli-Venezia Giulia,1,59,Da 50 a 64
2185,Chieti,CH,66100,Uomo,1963-01-22,Luigi Romeo,Abituale,Abruzzo,2,62,Da 50 a 64
2186,Monza,MB,20900,Donna,1973-11-26,Angela Carli,Abituale,Lombardia,1,51,Da 50 a 64
2187,Catanzaro,CZ,88100,Donna,1981-03-25,Paola Messina,Abituale,Calabria,3,44,Da 40 a 49
2188,Marsala,TP,91025,Donna,1998-04-18,Giorgia Bellini,Abituale,Sicilia,3,27,Da 18 a 29
2189,Sesto San Giovanni,MI,20099,Uomo,1994-07-02,Carlo Villa,Occasionale,Lombardia,1,30,Da 30 a 39
2190,Palermo,PA,90100,Donna,1963-05-03,Silvia Bernardi,Abituale,Sicilia,3,61,Da 50 a 64
2191,Marsala,TP,91025,Donna,1978-04-11,Valeria Sorrentino,Abituale,Sicilia,3,47,Da 40 a 49
2192,Messina,ME,98100,Donna,1952-09-25,Monica Ferretti,Abituale,Sicilia,3,72,Oltre 64
2193,Enna,EN,94100,Donna,1982-08-14,Ilaria Leone,Occasionale,Sicilia,3,42,Da 40 a 49
2194,La Spezia,SP,19100,Donna,1991-08-28,Angela Pellegrini,Abituale,Liguria,1,33,Da 30 a 39
2195,Vicenza,VI,36100,Uomo,1999-08-11,Vincenzo D'Amico,Abituale,Veneto,1,25,Da 18 a 29
2196,Cagliari,CA,09100,Uomo,1970-10-04,Dario Ferrara,Abituale,Sardegna,3,54,Da 50 a 64
2197,Terni,TR,05100,Donna,1993-03-16,Giulia D'Agostino,Abituale,Umbria,1,32,Da 30 a 39
2198,Salerno,SA,84100,Uomo,1999-03-19,Domenico Neri,Abituale,Campania,2,26,Da 18 a 29
2199,Treviso,TV,31100,Donna,1982-01-21,Giovanna Ferretti,Abituale,Veneto,1,43,Da 40 a 49
2200,Messina,ME,98100,Donna,1951-01-22,Teresa Caputo,Occasionale,Sicilia,3,74,Oltre 64
2201,Brescia,BS,25100,Uomo,1983-09-25,Daniele Sorrentino,Occasionale,Lombardia,1,41,Da 40 a 49
2202,Alessandria,AL,15100,Donna,1963-05-09,Elena D'Agostino,Occasionale,Piemonte,1,61,Da 50 a 64
2203,Venezia,VE,30100,Uomo,1955-08-05,Salvatore Ricci,Abituale,Veneto,1,69,Oltre 64
2204,Milano,MI,20100,Donna,1952-08-21,Concetta Esposito,Occasionale,Lombardia,1,72,Oltre 64
2205,Grosseto,GR,58100,Uomo,1991-05-25,Riccardo Gatti,Occasionale,Toscana,1,33,Da 30 a 39
2206,Venezia,VE,30100,Donna,1995-08-25,Carmela Ferretti,Occasionale,Veneto,1,29,Da 18 a 29
2207,Forlì,FC,47121,Uomo,1970-12-01,Pasquale D'Amico,Abituale,Emilia-Romagna,1,54,Da 50 a 64
2208,Viterbo,VT,01100,Uomo,1957-08-02,Carlo Basile,Abituale,Lazio,1,67,Oltre 64
2209,Sassari,SS,07100,Uomo,1997-12-04,Carmelo De Luca,Abituale,Sardegna,3,27,Da 18 a 29
2210,Enna,EN,94100,Donna,1993-06-22,Sofia Parisi,Abituale,Sicilia,3,31,Da 30 a 39
2211,Savona,SV,17100,Donna,1963-08-30,Carmela Valentini,Abituale,Liguria,1,61,Da 50 a 64
2212,Reggio Calabria,RC,89100,Donna,1999-08-02,Alessandra Arena,Abituale,Calabria,3,25,Da 18 a 29
2213,Giugliano in Campania,NA,80014,Donna,1975-09-26,Monica Basile,Abituale,Campania,2,49,Da 40 a 49
2214,Foggia,FG,71100,Donna,1982-08-21,Elisabetta Russo,Abituale,Puglia,2,42,Da 40 a 49
2215,Bergamo,BG,24100,Uomo,1997-11-26,Daniele Piras,Abituale,Lombardia,1,27,Da 18 a 29
2216,Vibo Valentia,VV,89900,Uomo,1963-08-23,Emanuele Martini,Occasionale,Calabria,3,61,Da 50 a 64
2217,Caserta,CE,81100,Donna,1968-08-30,Margherita Sanna,Abituale,Campania,2,56,Da 50 a 64
2218,Rimini,RN,47900,Donna,1950-12-16,Caterina Grassi,Abituale,Emilia-Romagna,1,74,Oltre 64
2219,Mantova,MN,46100,Uomo,1995-06-05,Roberto Barbieri,Occasionale,Lombardia,1,29,Da 18 a 29
2220,Verona,VR,37100,Donna,1951-06-17,Silvia Franco,Abituale,Veneto,1,73,Oltre 64
2221,Siracusa,SR,96100,Donna,1996-12-09,Rita Bianchi,Abituale,Sicilia,3,28,Da 18 a 29
2222,Barletta,BT,76121,Uomo,1970-10-06,Franco Arena,Abituale,Puglia,2,54,Da 50 a 64
2223,Salerno,SA,84100,Uomo,2000-02-09,Massimo De Angelis,Abituale,Campania,2,25,Da 18 a 29
2224,Sesto San Giovanni,MI,20099,Donna,1982-04-23,Lucia Monti,Abituale,Lombardia,1,43,Da 40 a 49
2225,Arezzo,AR,52100,Donna,1971-01-29,Chiara Gentile,Occasionale,Toscana,1,54,Da 50 a 64
2226,Biella,BI,13900,Uomo,1995-05-30,Mario Bruno,Occasionale,Piemonte,1,29,Da 18 a 29
2227,Milano,MI,20100,Donna,1995-06-04,Stefania Giuliani,Occasionale,Lombardia,1,29,Da 18 a 29
2228,Potenza,PZ,85100,Donna,1975-04-20,Elisa Conti,Abituale,Basilicata,3,50,Da 50 a 64
2229,Bologna,BO,40100,Uomo,1972-08-12,Massimo D'Angelo,Occasionale,Emilia-Romagna,1,52,Da 50 a 64
2230,Cosenza,CS,87100,Donna,1998-05-20,Carmela Testa,Occasionale,Calabria,3,26,Da 18 a 29
2231,Rovigo,RO,45100,Donna,1953-01-26,Alessandra Romeo,Abituale,Veneto,1,72,Oltre 64
2232,Bolzano,BZ,39100,Donna,1988-12-16,Patrizia Caputo,Abituale,Trentino-Alto Adige,1,36,Da 30 a 39
2233,Barletta,BT,76121,Donna,1992-02-06,Patrizia Greco,Abituale,Puglia,2,33,Da 30 a 39
2234,Barletta,BT,76121,Uomo,1950-12-18,Michele Rinaldi,Abituale,Puglia,2,74,Oltre 64
2235,Pistoia,PT,51100,Uomo,1978-05-26,Domenico Barbieri,Occasionale,Toscana,1,46,Da 40 a 49
2236,Varese,VA,21100,Uomo,1974-11-10,Angelo Testa,Occasionale,Lombardia,1,50,Da 50 a 64
2237,Cesena,FC,47521,Uomo,1950-10-23,Dario Lombardo,Occasionale,Emilia-Romagna,1,74,Oltre 64
2238,Piacenza,PC,29100,Donna,1958-02-06,Emanuela Barone,Abituale,Emilia-Romagna,1,67,Oltre 64
2239,Ascoli Piceno,AP,63100,Donna,1992-11-13,Giorgia Esposito,Abituale,Marche,1,32,Da 30 a 39
2240,Reggio Calabria,RC,89100,Uomo,1960-09-06,Paolo Silvestri,Abituale,Calabria,3,64,Da 50 a 64
2241,Lucca,LU,55100,Uomo,1981-03-03,Michele Fiore,Abituale,Toscana,1,44,Da 40 a 49
2242,Messina,ME,98100,Uomo,1966-01-10,Domenico Mancini,Abituale,Sicilia,3,59,Da 50 a 64
2243,Ascoli Piceno,AP,63100,Uomo,1956-03-23,Davide Esposito,Occasionale,Marche,1,69,Oltre 64
2244,Oristano,OR,09170,Uomo,1992-09-09,Emanuele Galli,Occasionale,Sardegna,3,32,Da 30 a 39
2245,Perugia,PG,06100,Uomo,1980-04-08,Massimo Cattaneo,Abituale,Umbria,1,45,Da 40 a 49
2246,Parma,PR,43100,Donna,1992-03-05,Sara Giuliani,Abituale,Emilia-Romagna,1,33,Da 30 a 39
2247,Oristano,OR,09170,Donna,1954-10-24,Patrizia Bellini,Abituale,Sardegna,3,70,Oltre 64
2248,Lecce,LE,73100,Donna,1974-11-26,Stefania Pagano,Abituale,Puglia,2,50,Da 50 a 64
2249,Siracusa,SR,96100,Donna,1967-03-19,Ilaria Caputo,Occasionale,Sicilia,3,58,Da 50 a 64
2250,Pescara,PE,65100,Uomo,1989-03-30,Pietro Palumbo,Abituale,Abruzzo,2,36,Da 30 a 39
2251,Pistoia,PT,51100,Uomo,1988-02-11,Roberto Guerra,Abituale,Toscana,1,37,Da 30 a 39
2252,Bari,BA,70100,Uomo,1986-04-09,Paolo Ferri,Abituale,Puglia,2,39,Da 30 a 39
2253,Grosseto,GR,58100,Uomo,1993-05-30,Marco Sanna,Abituale,Toscana,1,31,Da 30 a 39
2254,Siena,SI,53100,Donna,1959-09-02,Rita Mancini,Occasionale,Toscana,1,65,Oltre 64
2255,Nuoro,NU,08100,Uomo,1993-07-27,Salvatore Colombo,Abituale,Sardegna,3,31,Da 30 a 39
2256,Pesaro,PU,61100,Donna,1966-12-25,Antonella Santoro,Abituale,Marche,1,58,Da 50 a 64
2257,Torre del Greco,NA,80059,Uomo,1995-02-09,Fabio Lombardo,Abituale,Campania,2,30,Da 30 a 39
2258,Palermo,PA,90100,Donna,1968-11-24,Stefania Valentini,Abituale,Sicilia,3,56,Da 50 a 64
2259,Foggia,FG,71100,Donna,1966-09-10,Rita De Santis,Abituale,Puglia,2,58,Da 50 a 64
2260,Napoli,NA,80100,Donna,1963-10-25,Valeria De Santis,Abituale,Campania,2,61,Da 50 a 64
2261,Udine,UD,33100,Uomo,1980-01-24,Claudio Ferretti,Abituale,Friuli-Venezia Giulia,1,45,Da 40 a 49
2262,Prato,PO,59100,Uomo,1986-02-10,Stefano Monti,Occasionale,Toscana,1,39,Da 30 a 39
2263,Varese,VA,21100,Donna,1976-07-15,Cristina Galli,Abituale,Lombardia,1,48,Da 40 a 49
2264,Monza,MB,20900,Uomo,1951-06-30,Giuseppe Serra,Abituale,Lombardia,1,73,Oltre 64
2265,Foggia,FG,71100,Uomo,1961-07-07,Maurizio Esposito,Abituale,Puglia,2,63,Da 50 a 64
2266,Reggio Calabria,RC,89100,Donna,1977-08-08,Alessandra Franco,Abituale,Calabria,3,47,Da 40 a 49
2267,Lecce,LE,73100,Uomo,1993-05-14,Roberto Barone,Abituale,Puglia,2,31,Da 30 a 39
2268,Modena,MO,41100,Donna,1975-01-21,Alessandra Amato,Occasionale,Emilia-Romagna,1,50,Da 50 a 64
2269,Bologna,BO,40100,Uomo,1992-03-10,Mario Leone,Abituale,Emilia-Romagna,1,33,Da 30 a 39
2270,Torre del Greco,NA,80059,Uomo,1951-10-02,Mario Rizzi,Occasionale,Campania,2,73,Oltre 64
2271,Viterbo,VT,01100,Uomo,1952-05-20,Roberto Pellegrino,Occasionale,Lazio,1,72,Oltre 64
2272,Sondrio,SO,23100,Donna,1963-10-11,Cristina Palumbo,Occasionale,Lombardia,1,61,Da 50 a 64
2273,Monza,MB,20900,Uomo,1983-01-25,Giovanni Barone,Abituale,Lombardia,1,42,Da 40 a 49
2274,Novara,NO,28100,Uomo,1956-11-21,Michele Testa,Occasionale,Piemonte,1,68,Oltre 64
2275,Rovigo,RO,45100,Uomo,1990-10-26,Leonardo Basile,Abituale,Veneto,1,34,Da 30 a 39
2276,Belluno,BL,32100,Donna,1959-02-02,Sara Parisi,Occasionale,Veneto,1,66,Oltre 64
2277,Terni,TR,05100,Donna,1981-10-26,Sara D'Angelo,Occasionale,Umbria,1,43,Da 40 a 49
2278,Alessandria,AL,15100,Donna,1982-09-12,Grazia Carli,Occasionale,Piemonte,1,42,Da 40 a 49
2279,Lecce,LE,73100,Donna,1970-01-02,Roberta Parisi,Abituale,Puglia,2,55,Da 50 a 64
2280,Taranto,TA,74100,Donna,1962-09-07,Laura Messina,Abituale,Puglia,2,62,Da 50 a 64
2281,Bergamo,BG,24100,Uomo,1956-07-05,Marco Parisi,Abituale,Lombardia,1,68,Oltre 64
2282,Palermo,PA,90100,Uomo,1989-07-19,Massimo Ferrari,Abituale,Sicilia,3,35,Da 30 a 39
2283,Salerno,SA,84100,Uomo,1990-06-24,Riccardo De Rosa,Occasionale,Campania,2,34,Da 30 a 39
2284,Rovigo,RO,45100,Uomo,1984-09-29,Leonardo Romeo,Occasionale,Veneto,1,40,Da 40 a 49
2285,Rimini,RN,47900,Uomo,1973-02-28,Massimo Galli,Abituale,Emilia-Romagna,1,52,Da 50 a 64
2286,Brindisi,BR,72100,Uomo,1995-04-30,Stefano Mazza,Abituale,Puglia,2,29,Da 18 a 29
2287,L'Aquila,AQ,67100,Donna,1970-12-02,Stefania De Angelis,Abituale,Abruzzo,2,54,Da 50 a 64
2288,L'Aquila,AQ,67100,Uomo,1955-06-13,Francesco Guerra,Occasionale,Abruzzo,2,69,Oltre 64
2289,Bari,BA,70100,Donna,1994-12-08,Maria Messina,Abituale,Puglia,2,30,Da 30 a 39
2290,Padova,PD,35100,Donna,1994-10-15,Grazia Longo,Abituale,Veneto,1,30,Da 30 a 39
2291,Viterbo,VT,01100,Uomo,1970-07-29,Giorgio Silvestri,Occasionale,Lazio,1,54,Da 50 a 64
2292,Venezia,VE,30100,Donna,1954-01-14,Valeria Villa,Abituale,Veneto,1,71,Oltre 64
2293,Pisa,PI,56100,Donna,1999-03-30,Elena Ricci,Abituale,Toscana,1,26,Da 18 a 29
2294,Andria,BT,76123,Uomo,1979-12-01,Fabio Carli,Occasionale,Puglia,2,45,Da 40 a 49
2295,Crotone,KR,88900,Donna,1977-09-30,Alessandra Martinelli,Abituale,Calabria,3,47,Da 40 a 49
2296,Gorizia,GO,34170,Uomo,1997-04-19,Carmelo Palumbo,Abituale,Friuli-Venezia Giulia,1,28,Da 18 a 29
2297,Pavia,PV,27100,Uomo,1968-01-21,Pasquale Caruso,Occasionale,Lombardia,1,57,Da 50 a 64
2298,Oristano,OR,09170,Uomo,1990-03-30,Massimo Marchetti,Abituale,Sardegna,3,35,Da 30 a 39
2299,Pisa,PI,56100,Donna,1956-02-27,Ilaria Russo,Occasionale,Toscana,1,69,Oltre 64
2300,Monza,MB,20900,Uomo,1966-04-15,Alessandro Piras,Abituale,Lombardia,1,59,Da 50 a 64
2301,Treviso,TV,31100,Uomo,1979-08-31,Alberto D'Amico,Abituale,Veneto,1,45,Da 40 a 49
2302,La Spezia,SP,19100,Donna,1993-03-12,Silvia Basile,Abituale,Liguria,1,32,Da 30 a 39
2303,Ascoli Piceno,AP,63100,Donna,1956-05-02,Elena Neri,Abituale,Marche,1,68,Oltre 64
2304,Palermo,PA,90100,Uomo,1971-01-22,Carmelo Basile,Abituale,Sicilia,3,54,Da 50 a 64
2305,Bergamo,BG,24100,Uomo,1960-12-17,Pietro Basile,Abituale,Lombardia,1,64,Da 50 a 64
2306,Sesto San Giovanni,MI,20099,Donna,1990-04-27,Teresa Testa,Abituale,Lombardia,1,35,Da 30 a 39
2307,Andria,BT,76123,Donna,1950-12-09,Anna Basile,Abituale,Puglia,2,74,Oltre 64
2308,Torino,TO,10100,Uomo,1969-08-25,Alessandro Testa,Abituale,Piemonte,1,55,Da 50 a 64
2309,Chieti,CH,66100,Uomo,1965-12-14,Daniele Longo,Occasionale,Abruzzo,2,59,Da 50 a 64
2310,Aosta,AO,11100,Uomo,1990-08-08,Vincenzo Pellegrini,Occasionale,Valle d'Aosta,1,34,Da 30 a 39
2311,Imperia,IM,18100,Uomo,1957-10-26,Roberto Coppola,Occasionale,Liguria,1,67,Oltre 64
2312,Sesto San Giovanni,MI,20099,Uomo,1988-02-12,Roberto Caputo,Abituale,Lombardia,1,37,Da 30 a 39
2313,Teramo,TE,64100,Uomo,1978-05-14,Federico Romano,Abituale,Abruzzo,2,46,Da 40 a 49
2314,Caltanissetta,CL,93100,Uomo,1957-04-24,Massimo Ferri,Abituale,Sicilia,3,68,Oltre 64
2315,Latina,LT,04100,Uomo,1986-04-09,Stefano Carbone,Abituale,Lazio,1,39,Da 30 a 39
2316,Terni,TR,05100,Donna,1972-11-24,Anna De Angelis,Occasionale,Umbria,1,52,Da 50 a 64
2317,Agrigento,AG,92100,Uomo,1966-09-10,Luca Valentini,Occasionale,Sicilia,3,58,Da 50 a 64
2318,Caltanissetta,CL,93100,Uomo,1978-07-12,Massimo D'Agostino,Abituale,Sicilia,3,46,Da 40 a 49
2319,Messina,ME,98100,Donna,1976-01-13,Angela Sala,Occasionale,Sicilia,3,49,Da 40 a 49
2320,Milano,MI,20100,Uomo,1954-05-20,Stefano Martinelli,Abituale,Lombardia,1,70,Oltre 64
2321,Belluno,BL,32100,Donna,1992-03-05,Sofia Grassi,Abituale,Veneto,1,33,Da 30 a 39
2322,Bergamo,BG,24100,Donna,1987-03-24,Anna Ferri,Abituale,Lombardia,1,38,Da 30 a 39
2323,Matera,MT,75100,Uomo,1994-05-21,Francesco Fabbri,Abituale,Basilicata,3,30,Da 30 a 39
2324,Macerata,MC,62100,Donna,1978-02-25,Anna Bianchi,Abituale,Marche,1,47,Da 40 a 49
2325,Cremona,CR,26100,Donna,1969-03-02,Chiara Morelli,Abituale,Lombardia,1,56,Da 50 a 64
2326,Teramo,TE,64100,Uomo,1995-11-17,Franco Caruso,Abituale,Abruzzo,2,29,Da 18 a 29
2327,Reggio Emilia,RE,42100,Donna,1957-08-29,Giuseppina Palumbo,Occasionale,Emilia-Romagna,1,67,Oltre 64
2328,Crotone,KR,88900,Uomo,1972-04-27,Andrea Piras,Abituale,Calabria,3,53,Da 50 a 64
2329,Mantova,MN,46100,Donna,1953-12-13,Giovanna Rossi,Abituale,Lombardia,1,71,Oltre 64
2330,Arezzo,AR,52100,Donna,1972-10-17,Rosa Ruggiero,Occasionale,Toscana,1,52,Da 50 a 64
2331,Vicenza,VI,36100,Donna,1960-06-18,Giorgia Fiore,Abituale,Veneto,1,64,Da 50 a 64
2332,Siena,SI,53100,Donna,1952-09-22,Giovanna Cattaneo,Occasionale,Toscana,1,72,Oltre 64
2333,Latina,LT,04100,Uomo,1989-12-01,Sergio De Santis,Occasionale,Lazio,1,35,Da 30 a 39
2334,Sassari,SS,07100,Donna,1980-03-15,Giovanna Ferri,Occasionale,Sardegna,3,45,Da 40 a 49
2335,Catanzaro,CZ,88100,Donna,1996-10-21,Maria Russo,Abituale,Calabria,3,28,Da 18 a 29
2336,Bari,BA,70100,Uomo,1955-04-18,Pasquale Romeo,Abituale,Puglia,2,70,Oltre 64
2337,Venezia,VE,30100,Uomo,1982-10-14,Pasquale Pellegrini,Abituale,Veneto,1,42,Da 40 a 49
2338,Bergamo,BG,24100,Donna,1981-03-12,Teresa Coppola,Abituale,Lombardia,1,44,Da 40 a 49
2339,Caserta,CE,81100,Donna,1957-10-02,Anna Rossetti,Occasionale,Campania,2,67,Oltre 64
2340,Potenza,PZ,85100,Uomo,1980-07-26,Leonardo Gatti,Occasionale,Basilicata,3,44,Da 40 a 49
2341,Roma,RM,00100,Uomo,1971-09-18,Luca Martini,Abituale,Lazio,1,53,Da 50 a 64
2342,Modena,MO,41100,Uomo,1991-06-09,Giovanni Donati,Occasionale,Emilia-Romagna,1,33,Da 30 a 39
2343,Bergamo,BG,24100,Uomo,1961-10-03,Marco Messina,Abituale,Lombardia,1,63,Da 50 a 64
2344,Lodi,LO,26900,Uomo,1958-08-11,Federico Fabbri,Abituale,Lombardia,1,66,Oltre 64
2345,Sondrio,SO,23100,Donna,1954-06-04,Grazia Galli,Abituale,Lombardia,1,70,Oltre 64
2346,Siena,SI,53100,Uomo,1973-08-09,Vincenzo De Angelis,Abituale,Toscana,1,51,Da 50 a 64
2347,Enna,EN,94100,Donna,2000-11-09,Giulia Mariani,Abituale,Sicilia,3,24,Da 18 a 29
2348,Asti,AT,14100,Donna,1967-05-14,Simona Leone,Occasionale,Piemonte,1,57,Da 50 a 64
2349,Campobasso,CB,86100,Uomo,1973-03-27,Paolo Silvestri,Abituale,Molise,2,52,Da 50 a 64
2350,Novara,NO,28100,Donna,1988-04-14,Francesca De Santis,Abituale,Piemonte,1,37,Da 30 a 39
2351,Verona,VR,37100,Donna,1964-11-30,Teresa Caruso,Occasionale,Veneto,1,60,Da 50 a 64
2352,Crotone,KR,88900,Donna,1971-06-08,Antonella Gallo,Abituale,Calabria,3,53,Da 50 a 64
2353,Ferrara,FE,44100,Donna,1962-04-27,Concetta Basile,Abituale,Emilia-Romagna,1,63,Da 50 a 64
2354,Padova,PD,35100,Uomo,1952-07-24,Angelo Sorrentino,Abituale,Veneto,1,72,Oltre 64
2355,Vicenza,VI,36100,Uomo,1966-06-29,Vincenzo Amato,Abituale,Veneto,1,58,Da 50 a 64
2356,Chieti,CH,66100,Uomo,1992-04-23,Davide Monti,Abituale,Abruzzo,2,33,Da 30 a 39
2357,Prato,PO,59100,Uomo,1960-11-07,Claudio Vitale,Abituale,Toscana,1,64,Da 50 a 64
2358,Oristano,OR,09170,Donna,1972-05-04,Giulia Romano,Abituale,Sardegna,3,52,Da 50 a 64
2359,Mantova,MN,46100,Uomo,1975-10-24,Pasquale Serra,Occasionale,Lombardia,1,49,Da 40 a 49
2360,Latina,LT,04100,Uomo,2000-04-26,Giorgio Basile,Occasionale,Lazio,1,25,Da 18 a 29
2361,Busto Arsizio,VA,21052,Uomo,1960-06-08,Francesco Longo,Abituale,Lombardia,1,64,Da 50 a 64
2362,Nuoro,NU,08100,Donna,1987-06-29,Claudia Arena,Abituale,Sardegna,3,37,Da 30 a 39
2363,Savona,SV,17100,Donna,1952-08-13,Ilaria Galli,Abituale,Liguria,1,72,Oltre 64
2364,Trento,TN,38100,Uomo,1991-08-26,Vincenzo Villa,Occasionale,Trentino-Alto Adige,1,33,Da 30 a 39
2365,Cosenza,CS,87100,Uomo,1961-11-09,Luigi Gentile,Occasionale,Calabria,3,63,Da 50 a 64
2366,Bergamo,BG,24100,Uomo,1965-03-24,Paolo Romeo,Abituale,Lombardia,1,60,Da 50 a 64
2367,Ferrara,FE,44100,Donna,1985-03-25,Rosa Colombo,Abituale,Emilia-Romagna,1,40,Da 40 a 49
2368,Cesena,FC,47521,Donna,1967-01-13,Teresa Caruso,Abituale,Emilia-Romagna,1,58,Da 50 a 64
2369,Teramo,TE,64100,Donna,1972-07-01,Margherita Benedetti,Abituale,Abruzzo,2,52,Da 50 a 64
2370,Aosta,AO,11100,Uomo,1998-09-15,Fabio Fabbri,Occasionale,Valle d'Aosta,1,26,Da 18 a 29
2371,Napoli,NA,80100,Donna,1986-12-07,Sofia Donati,Abituale,Campania,2,38,Da 30 a 39
2372,Prato,PO,59100,Uomo,1950-12-28,Federico Costa,Abituale,Toscana,1,74,Oltre 64
2373,Crotone,KR,88900,Uomo,1990-05-30,Pietro Cattaneo,Abituale,Calabria,3,34,Da 30 a 39
2374,Cosenza,CS,87100,Donna,1952-09-30,Valeria Martini,Occasionale,Calabria,3,72,Oltre 64
2375,Alessandria,AL,15100,Uomo,1963-02-09,Giovanni Conte,Abituale,Piemonte,1,62,Da 50 a 64
2376,Frosinone,FR,03100,Donna,1960-11-22,Elisa Piras,Occasionale,Lazio,1,64,Da 50 a 64
2377,Giugliano in Campania,NA,80014,Donna,2000-05-09,Alessandra Ferri,Abituale,Campania,2,24,Da 18 a 29
2378,Piacenza,PC,29100,Donna,1989-09-06,Ilaria Ferrari,Occasionale,Emilia-Romagna,1,35,Da 30 a 39
2379,Frosinone,FR,03100,Uomo,1996-01-17,Pietro Conti,Occasionale,Lazio,1,29,Da 18 a 29
2380,Vercelli,VC,13100,Donna,1950-08-09,Concetta Orlando,Abituale,Piemonte,1,74,Oltre 64
2381,Fermo,FM,63900,Donna,1989-05-06,Giuseppina Greco,Abituale,Marche,1,35,Da 30 a 39
2382,Milano,MI,20100,Uomo,1952-01-16,Salvatore Marchetti,Abituale,Lombardia,1,73,Oltre 64
2383,Siracusa,SR,96100,Donna,1950-10-01,Antonella Coppola,Abituale,Sicilia,3,74,Oltre 64
2384,Pisa,PI,56100,Uomo,1995-03-23,Nicola Rinaldi,Occasionale,Toscana,1,30,Da 30 a 39
2385,Andria,BT,76123,Uomo,1993-10-24,Alberto Villa,Abituale,Puglia,2,31,Da 30 a 39
2386,Belluno,BL,32100,Uomo,1969-08-17,Alberto Morelli,Abituale,Veneto,1,55,Da 50 a 64
2387,Enna,EN,94100,Uomo,1965-06-09,Pasquale Barbieri,Abituale,Sicilia,3,59,Da 50 a 64
2388,Genova,GE,16100,Donna,1985-05-18,Roberta Bianchi,Abituale,Liguria,1,39,Da 30 a 39
2389,Andria,BT,76123,Donna,1982-10-14,Sara Gentile,Abituale,Puglia,2,42,Da 40 a 49
2390,Treviso,TV,31100,Donna,1985-08-16,Antonella Bruno,Abituale,Veneto,1,39,Da 30 a 39
2391,Matera,MT,75100,Donna,1951-03-23,Emanuela Fontana,Occasionale,Basilicata,3,74,Oltre 64
2392,Asti,AT,14100,Donna,1993-02-08,Rosa Messina,Occasionale,Piemonte,1,32,Da 30 a 39
2393,Lecce,LE,73100,Donna,1955-03-26,Cristina Fiore,Occasionale,Puglia,2,70,Oltre 64
2394,Andria,BT,76123,Uomo,1954-09-24,Claudio Valentini,Abituale,Puglia,2,70,Oltre 64
2395,Catanzaro,CZ,88100,Uomo,1983-02-23,Angelo Farina,Occasionale,Calabria,3,42,Da 40 a 49
2396,Reggio Emilia,RE,42100,Donna,1982-12-06,Ilaria Martini,Abituale,Emilia-Romagna,1,42,Da 40 a 49
2397,Alessandria,AL,15100,Uomo,1964-08-11,Enzo Ferrari,Occasionale,Piemonte,1,60,Da 50 a 64
2398,Brescia,BS,25100,Donna,1988-12-19,Chiara Ferrari,Occasionale,Lombardia,1,36,Da 30 a 39
2399,L'Aquila,AQ,67100,Donna,1982-10-21,Valentina Pagano,Abituale,Abruzzo,2,42,Da 40 a 49
2400,Giugliano in Campania,NA,80014,Uomo,1977-05-07,Enzo Palumbo,Abituale,Campania,2,47,Da 40 a 49
2401,Piacenza,PC,29100,Uomo,1985-09-20,Pasquale Franco,Abituale,Emilia-Romagna,1,39,Da 30 a 39
2402,Roma,RM,00100,Donna,1988-10-24,Roberta Caruso,Abituale,Lazio,1,36,Da 30 a 39
2403,Aosta,AO,11100,Uomo,1971-06-01,Stefano Romano,Abituale,Valle d'Aosta,1,53,Da 50 a 64
2404,Gela,CL,93012,Uomo,1986-11-07,Daniele Fontana,Abituale,Sicilia,3,38,Da 30 a 39
2405,Andria,BT,76123,Donna,1955-01-03,Antonella Messina,Occasionale,Puglia,2,70,Oltre 64
2406,Barletta,BT,76121,Uomo,1982-01-01,Enzo D'Agostino,Occasionale,Puglia,2,43,Da 40 a 49
2407,Agrigento,AG,92100,Uomo,1959-05-15,Pasquale Caruso,Occasionale,Sicilia,3,65,Oltre 64
2408,Lucca,LU,55100,Uomo,1955-07-23,Federico Rossi,Abituale,Toscana,1,69,Oltre 64
2409,Aosta,AO,11100,Uomo,1967-12-02,Roberto Amato,Abituale,Valle d'Aosta,1,57,Da 50 a 64
2410,Massa,MS,54100,Donna,1971-03-17,Chiara Gatti,Abituale,Toscana,1,54,Da 50 a 64
2411,Siracusa,SR,96100,Uomo,1968-10-18,Dario Sanna,Abituale,Sicilia,3,56,Da 50 a 64
2412,Udine,UD,33100,Donna,1978-01-03,Simona Ferrari,Abituale,Friuli-Venezia Giulia,1,47,Da 40 a 49
2413,Frosinone,FR,03100,Uomo,1965-06-03,Fabio Rizzo,Abituale,Lazio,1,59,Da 50 a 64
2414,Ragusa,RG,97100,Donna,1979-03-06,Anna Bianchi,Occasionale,Sicilia,3,46,Da 40 a 49
2415,Campobasso,CB,86100,Donna,1955-11-21,Elena Ferretti,Abituale,Molise,2,69,Oltre 64
2416,Forlì,FC,47121,Donna,1989-06-22,Federica Neri,Abituale,Emilia-Romagna,1,35,Da 30 a 39
2417,Torre del Greco,NA,80059,Donna,1999-02-01,Francesca Monti,Occasionale,Campania,2,26,Da 18 a 29
2418,Ravenna,RA,48100,Donna,1981-04-10,Valentina Basile,Occasionale,Emilia-Romagna,1,44,Da 40 a 49
2419,Vicenza,VI,36100,Uomo,1966-04-06,Giovanni Amato,Abituale,Veneto,1,59,Da 50 a 64
2420,Potenza,PZ,85100,Uomo,1995-10-29,Dario Galli,Occasionale,Basilicata,3,29,Da 18 a 29
2421,Venezia,VE,30100,Uomo,1978-11-01,Dario Greco,Occasionale,Veneto,1,46,Da 40 a 49
2422,Modena,MO,41100,Uomo,1992-12-22,Carlo Fiore,Abituale,Emilia-Romagna,1,32,Da 30 a 39
2423,Barletta,BT,76121,Donna,1973-06-02,Paola Esposito,Occasionale,Puglia,2,51,Da 50 a 64
2424,Padova,PD,35100,Uomo,1989-11-04,Emanuele Bernardi,Abituale,Veneto,1,35,Da 30 a 39
2425,Matera,MT,75100,Donna,1958-10-20,Francesca Pagano,Occasionale,Basilicata,3,66,Oltre 64
2426,Siracusa,SR,96100,Uomo,1961-07-28,Bruno Coppola,Abituale,Sicilia,3,63,Da 50 a 64
2427,Belluno,BL,32100,Donna,1997-02-13,Chiara Conti,Occasionale,Veneto,1,28,Da 18 a 29
2428,Enna,EN,94100,Uomo,1989-06-28,Giorgio Basile,Abituale,Sicilia,3,35,Da 30 a 39
2429,Parma,PR,43100,Uomo,1963-02-12,Andrea Barone,Occasionale,Emilia-Romagna,1,62,Da 50 a 64
2430,Taranto,TA,74100,Donna,1968-04-23,Cristina Arena,Abituale,Puglia,2,57,Da 50 a 64
2431,Salerno,SA,84100,Donna,1985-12-01,Anna Pagano,Abituale,Campania,2,39,Da 30 a 39
2432,Giugliano in Campania,NA,80014,Uomo,1976-07-25,Nicola Ferrero,Abituale,Campania,2,48,Da 40 a 49
2433,Pescara,PE,65100,Uomo,1963-03-06,Angelo Ferraro,Abituale,Abruzzo,2,62,Da 50 a 64
2434,Treviso,TV,31100,Uomo,1990-04-03,Sergio D'Angelo,Occasionale,Veneto,1,35,Da 30 a 39
2435,Vercelli,VC,13100,Uomo,1966-06-02,Fabio Rizzo,Occasionale,Piemonte,1,58,Da 50 a 64
2436,Savona,SV,17100,Uomo,1996-01-28,Daniele Ferretti,Abituale,Liguria,1,29,Da 18 a 29
2437,Imperia,IM,18100,Donna,1962-05-05,Sofia Monti,Occasionale,Liguria,1,62,Da 50 a 64
2438,Sondrio,SO,23100,Uomo,1950-05-05,Andrea Palumbo,Abituale,Lombardia,1,74,Oltre 64
2439,Bari,BA,70100,Uomo,1997-12-24,Luca Barbieri,Abituale,Puglia,2,27,Da 18 a 29
2440,Bergamo,BG,24100,Uomo,1995-11-13,Carlo Gentile,Abituale,Lombardia,1,29,Da 18 a 29
2441,Oristano,OR,09170,Uomo,1992-10-09,Andrea Rizzi,Occasionale,Sardegna,3,32,Da 30 a 39
2442,Vercelli,VC,13100,Uomo,1973-04-12,Davide D'Agostino,Abituale,Piemonte,1,52,Da 50 a 64
2443,Viterbo,VT,01100,Uomo,1993-06-21,Sergio Gatti,Occasionale,Lazio,1,31,Da 30 a 39
2444,Caserta,CE,81100,Uomo,1978-09-05,Maurizio Russo,Abituale,Campania,2,46,Da 40 a 49
2445,Modena,MO,41100,Donna,1965-09-07,Rita Monti,Occasionale,Emilia-Romagna,1,59,Da 50 a 64
2446,Reggio Emilia,RE,42100,Uomo,1998-03-31,Dario Giuliani,Occasionale,Emilia-Romagna,1,27,Da 18 a 29
2447,Gorizia,GO,34170,Uomo,1955-01-19,Giorgio Farina,Abituale,Friuli-Venezia Giulia,1,70,Oltre 64
2448,Catanzaro,CZ,88100,Donna,1989-01-23,Rita Lombardo,Occasionale,Calabria,3,36,Da 30 a 39
2449,Sondrio,SO,23100,Donna,1956-11-29,Monica Russo,Abituale,Lombardia,1,68,Oltre 64
2450,Imperia,IM,18100,Uomo,1984-08-04,Vincenzo Martini,Occasionale,Liguria,1,40,Da 40 a 49
2451,Belluno,BL,32100,Donna,1970-12-21,Teresa Silvestri,Abituale,Veneto,1,54,Da 50 a 64
2452,Pisa,PI,56100,Donna,1964-01-01,Lucia Monti,Occasionale,Toscana,1,61,Da 50 a 64
2453,Pordenone,PN,33170,Uomo,1987-08-03,Massimo Russo,Abituale,Friuli-Venezia Giulia,1,37,Da 30 a 39
2454,Ragusa,RG,97100,Donna,1962-04-12,Antonella Orlando,Abituale,Sicilia,3,63,Da 50 a 64
2455,Nuoro,NU,08100,Uomo,1978-04-03,Michele Esposito,Occasionale,Sardegna,3,47,Da 40 a 49
2456,Enna,EN,94100,Donna,1976-09-03,Concetta Coppola,Abituale,Sicilia,3,48,Da 40 a 49
2457,Firenze,FI,50100,Donna,1960-07-29,Sara Rossetti,Abituale,Toscana,1,64,Da 50 a 64
2458,Crotone,KR,88900,Uomo,1995-11-03,Federico Caruso,Abituale,Calabria,3,29,Da 18 a 29
2459,Massa,MS,54100,Uomo,1963-06-19,Bruno Romano,Abituale,Toscana,1,61,Da 50 a 64
2460,Chieti,CH,66100,Donna,1975-04-25,Carmela Bernardi,Occasionale,Abruzzo,2,50,Da 50 a 64
2461,Sassari,SS,07100,Donna,1983-06-25,Emanuela Lombardi,Occasionale,Sardegna,3,41,Da 40 a 49
2462,Varese,VA,21100,Donna,1956-02-07,Elena Carli,Abituale,Lombardia,1,69,Oltre 64
2463,Bologna,BO,40100,Uomo,1975-04-27,Maurizio Fabbri,Abituale,Emilia-Romagna,1,50,Da 50 a 64
2464,Lecco,LC,23900,Uomo,1979-06-25,Stefano Valentini,Abituale,Lombardia,1,45,Da 40 a 49
2465,Fermo,FM,63900,Uomo,1974-06-22,Marco Grasso,Abituale,Marche,1,50,Da 50 a 64
2466,Barletta,BT,76121,Donna,1978-06-11,Concetta Mariani,Abituale,Puglia,2,46,Da 40 a 49
2467,Avellino,AV,83100,Uomo,1978-10-01,Alberto Romeo,Abituale,Campania,2,46,Da 40 a 49
2468,Pescara,PE,65100,Donna,1970-04-19,Giuseppina Mancini,Abituale,Abruzzo,2,55,Da 50 a 64
2469,Ferrara,FE,44100,Uomo,1975-10-17,Luca Giuliani,Abituale,Emilia-Romagna,1,49,Da 40 a 49
2470,Avellino,AV,83100,Uomo,1999-08-04,Carmelo Carbone,Abituale,Campania,2,25,Da 18 a 29
2471,Gela,CL,93012,Uomo,1986-12-05,Antonio Serra,Occasionale,Sicilia,3,38,Da 30 a 39
2472,Lecco,LC,23900,Donna,1951-09-06,Emanuela Caputo,Abituale,Lombardia,1,73,Oltre 64
2473,Latina,LT,04100,Uomo,1958-01-14,Angelo Morelli,Abituale,Lazio,1,67,Oltre 64
2474,Alessandria,AL,15100,Uomo,1965-07-05,Luigi Ferraro,Abituale,Piemonte,1,59,Da 50 a 64
2475,Torino,TO,10100,Donna,1972-04-19,Ilaria Serra,Occasionale,Piemonte,1,53,Da 50 a 64
2476,Modena,MO,41100,Donna,1997-04-27,Patrizia Grasso,Abituale,Emilia-Romagna,1,28,Da 18 a 29
2477,Catanzaro,CZ,88100,Uomo,1969-05-12,Luigi Marino,Occasionale,Calabria,3,55,Da 50 a 64
2478,Busto Arsizio,VA,21052,Donna,1972-12-17,Anna Bellini,Abituale,Lombardia,1,52,Da 50 a 64
2479,Lucca,LU,55100,Donna,1957-08-01,Sara Colombo,Abituale,Toscana,1,67,Oltre 64
2480,Como,CO,22100,Uomo,1956-03-25,Enzo Carli,Abituale,Lombardia,1,69,Oltre 64
2481,Rieti,RI,02100,Uomo,1971-05-30,Domenico Rizzo,Occasionale,Lazio,1,53,Da 50 a 64
2482,Busto Arsizio,VA,21052,Uomo,1964-01-25,Luca Martini,Occasionale,Lombardia,1,61,Da 50 a 64
2483,Messina,ME,98100,Donna,1979-09-19,Federica Basile,Occasionale,Sicilia,3,45,Da 40 a 49
2484,Milano,MI,20100,Uomo,1991-03-30,Mario Valentini,Abituale,Lombardia,1,34,Da 30 a 39
2485,Busto Arsizio,VA,21052,Uomo,1991-06-11,Sergio Mariani,Abituale,Lombardia,1,33,Da 30 a 39
2486,Sondrio,SO,23100,Uomo,1989-02-01,Roberto Villa,Occasionale,Lombardia,1,36,Da 30 a 39
2487,Viterbo,VT,01100,Uomo,1984-08-02,Maurizio Basile,Abituale,Lazio,1,40,Da 40 a 49
2488,Livorno,LI,57100,Donna,1952-09-18,Grazia Villa,Abituale,Toscana,1,72,Oltre 64
2489,Trento,TN,38100,Uomo,1961-01-08,Davide Marino,Occasionale,Trentino-Alto Adige,1,64,Da 50 a 64
2490,Catania,CT,95100,Uomo,1983-11-17,Marco Villa,Occasionale,Sicilia,3,41,Da 40 a 49
2491,Avellino,AV,83100,Donna,1975-07-17,Simona Carli,Occasionale,Campania,2,49,Da 40 a 49
2492,Reggio Emilia,RE,42100,Donna,1985-07-31,Roberta Orlando,Abituale,Emilia-Romagna,1,39,Da 30 a 39
2493,Como,CO,22100,Donna,1967-07-22,Elena Lombardi,Abituale,Lombardia,1,57,Da 50 a 64
2494,Novara,NO,28100,Donna,1974-11-05,Paola Sala,Abituale,Piemonte,1,50,Da 50 a 64
2495,Messina,ME,98100,Donna,1993-02-02,Margherita Sorrentino,Abituale,Sicilia,3,32,Da 30 a 39
2496,Prato,PO,59100,Donna,1964-10-20,Paola Arena,Abituale,Toscana,1,60,Da 50 a 64
2497,Chieti,CH,66100,Donna,1989-07-20,Giulia Arena,Abituale,Abruzzo,2,35,Da 30 a 39
2498,Lecce,LE,73100,Donna,1965-03-24,Claudia Rizzi,Abituale,Puglia,2,60,Da 50 a 64
2499,Livorno,LI,57100,Donna,1952-06-21,Giuseppina Fiore,Abituale,Toscana,1,72,Oltre 64
2500,Novara,NO,28100,Uomo,1978-02-22,Maurizio D'Angelo,Occasionale,Piemonte,1,47,Da 40 a 49
2501,Siena,SI,53100,Uomo,1993-06-07,Salvatore De Luca,Abituale,Toscana,1,31,Da 30 a 39
2502,Sesto San Giovanni,MI,20099,Donna,1975-02-19,Emanuela Conte,Abituale,Lombardia,1,50,Da 50 a 64
2503,Parma,PR,43100,Uomo,1992-11-03,Andrea Barbieri,Abituale,Emilia-Romagna,1,32,Da 30 a 39
2504,Cuneo,CN,12100,Uomo,1962-06-29,Luca Bellini,Abituale,Piemonte,1,62,Da 50 a 64
2505,Giugliano in Campania,NA,80014,Donna,1966-07-15,Emanuela Giordano,Occasionale,Campania,2,58,Da 50 a 64
2506,Aosta,AO,11100,Uomo,1965-01-06,Emanuele De Santis,Occasionale,Valle d'Aosta,1,60,Da 50 a 64
2507,Venezia,VE,30100,Uomo,1984-02-08,Enzo Sala,Abituale,Veneto,1,41,Da 40 a 49
2508,Pesaro,PU,61100,Uomo,1969-01-09,Maurizio Bruno,Abituale,Marche,1,56,Da 50 a 64
2509,Trapani,TP,91100,Uomo,1980-07-03,Giuseppe Ferretti,Abituale,Sicilia,3,44,Da 40 a 49
2510,Firenze,FI,50100,Donna,1980-07-05,Carmela Bianco,Abituale,Toscana,1,44,Da 40 a 49
2511,Verona,VR,37100,Uomo,1993-11-01,Maurizio Santoro,Abituale,Veneto,1,31,Da 30 a 39
2512,Siracusa,SR,96100,Uomo,1972-06-07,Alessandro Pagano,Abituale,Sicilia,3,52,Da 50 a 64
2513,Potenza,PZ,85100,Donna,1953-12-20,Elisabetta Rossi,Abituale,Basilicata,3,71,Oltre 64
2514,Catania,CT,95100,Uomo,1957-09-24,Pasquale Ricci,Abituale,Sicilia,3,67,Oltre 64
2515,Caltanissetta,CL,93100,Uomo,1953-06-08,Fabio Mancini,Abituale,Sicilia,3,71,Oltre 64
2516,Giugliano in Campania,NA,80014,Uomo,1967-10-28,Riccardo Villa,Occasionale,Campania,2,57,Da 50 a 64
2517,Vercelli,VC,13100,Donna,1982-10-27,Rosa Bruno,Occasionale,Piemonte,1,42,Da 40 a 49
2518,Pordenone,PN,33170,Uomo,1979-04-30,Leonardo Bellini,Occasionale,Friuli-Venezia Giulia,1,45,Da 40 a 49
2519,Mantova,MN,46100,Donna,1991-07-26,Alessandra Morelli,Abituale,Lombardia,1,33,Da 30 a 39
2520,Forlì,FC,47121,Donna,1967-08-23,Federica Orlando,Abituale,Emilia-Romagna,1,57,Da 50 a 64
2521,Cuneo,CN,12100,Uomo,1964-05-05,Domenico Sanna,Abituale,Piemonte,1,60,Da 50 a 64
2522,Rovigo,RO,45100,Uomo,1952-11-16,Stefano Serra,Abituale,Veneto,1,72,Oltre 64
2523,Sondrio,SO,23100,Uomo,1973-12-18,Davide Caputo,Occasionale,Lombardia,1,51,Da 50 a 64
2524,Pescara,PE,65100,Uomo,1974-09-23,Alessandro Ferretti,Abituale,Abruzzo,2,50,Da 50 a 64
2525,Siracusa,SR,96100,Uomo,1970-03-21,Giorgio Ruggiero,Abituale,Sicilia,3,55,Da 50 a 64
2526,Reggio Emilia,RE,42100,Uomo,1958-05-07,Luigi Testa,Abituale,Emilia-Romagna,1,66,Oltre 64
2527,Caserta,CE,81100,Donna,1952-02-02,Elena Rinaldi,Occasionale,Campania,2,73,Oltre 64
2528,Bologna,BO,40100,Uomo,1995-01-14,Pasquale Coppola,Occasionale,Emilia-Romagna,1,30,Da 30 a 39
2529,Savona,SV,17100,Uomo,1981-10-28,Emanuele Palumbo,Abituale,Liguria,1,43,Da 40 a 49
2530,Terni,TR,05100,Uomo,1991-12-31,Michele Neri,Abituale,Umbria,1,33,Da 30 a 39
2531,Ascoli Piceno,AP,63100,Uomo,1987-12-13,Luigi De Rosa,Abituale,Marche,1,37,Da 30 a 39
2532,Pistoia,PT,51100,Uomo,1985-10-02,Davide Romano,Abituale,Toscana,1,39,Da 30 a 39
2533,L'Aquila,AQ,67100,Donna,1978-05-24,Anna Conte,Occasionale,Abruzzo,2,46,Da 40 a 49
2534,Novara,NO,28100,Uomo,1950-12-13,Fabio Romano,Occasionale,Piemonte,1,74,Oltre 64
2535,Sesto San Giovanni,MI,20099,Uomo,1965-10-07,Sergio Basile,Abituale,Lombardia,1,59,Da 50 a 64
2536,Viterbo,VT,01100,Uomo,1981-09-13,Dario Esposito,Occasionale,Lazio,1,43,Da 40 a 49
2537,Forlì,FC,47121,Uomo,1997-08-02,Franco Rizzi,Abituale,Emilia-Romagna,1,27,Da 18 a 29
2538,Udine,UD,33100,Donna,1961-04-29,Cristina Giuliani,Abituale,Friuli-Venezia Giulia,1,63,Da 50 a 64
2539,Savona,SV,17100,Uomo,1997-11-22,Enzo De Rosa,Abituale,Liguria,1,27,Da 18 a 29
2540,Caserta,CE,81100,Uomo,1958-12-26,Sergio Fontana,Abituale,Campania,2,66,Oltre 64
2541,Brescia,BS,25100,Uomo,1957-05-17,Vincenzo Lombardi,Abituale,Lombardia,1,67,Oltre 64
2542,Imperia,IM,18100,Donna,1965-02-02,Concetta Lombardi,Abituale,Liguria,1,60,Da 50 a 64
2543,Pistoia,PT,51100,Donna,1982-10-05,Lucia Mancini,Occasionale,Toscana,1,42,Da 40 a 49
2544,Bergamo,BG,24100,Donna,1997-01-10,Francesca Messina,Occasionale,Lombardia,1,28,Da 18 a 29
2545,Massa,MS,54100,Donna,1965-09-25,Silvia Coppola,Abituale,Toscana,1,59,Da 50 a 64
2546,Cremona,CR,26100,Donna,1996-02-15,Cristina Fabbri,Occasionale,Lombardia,1,29,Da 18 a 29
2547,Nuoro,NU,08100,Donna,1979-12-03,Laura Romano,Abituale,Sardegna,3,45,Da 40 a 49
2548,Trento,TN,38100,Uomo,1962-05-15,Angelo Rinaldi,Occasionale,Trentino-Alto Adige,1,62,Da 50 a 64
2549,Busto Arsizio,VA,21052,Donna,1990-11-03,Roberta Ferri,Abituale,Lombardia,1,34,Da 30 a 39
2550,Venezia,VE,30100,Donna,1996-08-12,Giovanna Rizzi,Abituale,Veneto,1,28,Da 18 a 29
2551,Livorno,LI,57100,Uomo,1980-06-30,Alessandro Benedetti,Occasionale,Toscana,1,44,Da 40 a 49
2552,Torre del Greco,NA,80059,Uomo,1989-12-09,Luigi Parisi,Abituale,Campania,2,35,Da 30 a 39
2553,Parma,PR,43100,Donna,1967-08-11,Emanuela Gatti,Occasionale,Emilia-Romagna,1,57,Da 50 a 64
2554,Caltanissetta,CL,93100,Donna,1988-08-13,Emanuela Palumbo,Occasionale,Sicilia,3,36,Da 30 a 39
2555,Pordenone,PN,33170,Donna,1993-09-11,Francesca Morelli,Occasionale,Friuli-Venezia Giulia,1,31,Da 30 a 39
2556,Bari,BA,70100,Uomo,1957-12-01,Pasquale Marino,Abituale,Puglia,2,67,Oltre 64
2557,Gorizia,GO,34170,Donna,1957-09-22,Patrizia Santoro,Abituale,Friuli-Venezia Giulia,1,67,Oltre 64
2558,Catanzaro,CZ,88100,Uomo,1988-07-20,Enzo Rossi,Occasionale,Calabria,3,36,Da 30 a 39
2559,Livorno,LI,57100,Uomo,1960-02-25,Angelo Grassi,Abituale,Toscana,1,65,Oltre 64
2560,Arezzo,AR,52100,Donna,1991-02-24,Giulia Russo,Abituale,Toscana,1,34,Da 30 a 39
2561,Alessandria,AL,15100,Donna,1974-02-04,Emanuela Carli,Abituale,Piemonte,1,51,Da 50 a 64
2562,Isernia,IS,86170,Donna,1970-07-29,Chiara Romano,Abituale,Molise,2,54,Da 50 a 64
2563,Salerno,SA,84100,Donna,1990-04-28,Elisa Franco,Abituale,Campania,2,34,Da 30 a 39
2564,Marsala,TP,91025,Donna,1979-09-29,Alessandra Testa,Occasionale,Sicilia,3,45,Da 40 a 49
2565,Roma,RM,00100,Donna,1984-07-27,Cristina D'Amico,Occasionale,Lazio,1,40,Da 40 a 49
2566,Belluno,BL,32100,Uomo,1954-01-05,Andrea Pellegrino,Abituale,Veneto,1,71,Oltre 64
2567,Trieste,TS,34100,Donna,1975-10-23,Alessandra Rossetti,Occasionale,Friuli-Venezia Giulia,1,49,Da 40 a 49
2568,Siena,SI,53100,Donna,2000-08-17,Caterina Rossi,Abituale,Toscana,1,24,Da 18 a 29
2569,Belluno,BL,32100,Donna,1968-08-25,Maria Giordano,Abituale,Veneto,1,56,Da 50 a 64
2570,Chieti,CH,66100,Uomo,1984-04-03,Pasquale Ruggiero,Abituale,Abruzzo,2,41,Da 40 a 49
2571,Aosta,AO,11100,Uomo,1995-12-06,Giorgio Mariani,Abituale,Valle d'Aosta,1,29,Da 18 a 29
2572,Livorno,LI,57100,Donna,1998-12-13,Elisa Lombardi,Abituale,Toscana,1,26,Da 18 a 29
2573,Bolzano,BZ,39100,Donna,1982-08-08,Cristina Grasso,Abituale,Trentino-Alto Adige,1,42,Da 40 a 49
2574,Reggio Calabria,RC,89100,Uomo,1956-07-07,Alessandro Marini,Abituale,Calabria,3,68,Oltre 64
2575,Ascoli Piceno,AP,63100,Uomo,1960-12-06,Franco Gatti,Abituale,Marche,1,64,Da 50 a 64
2576,Bolzano,BZ,39100,Uomo,1976-12-11,Michele Colombo,Occasionale,Trentino-Alto Adige,1,48,Da 40 a 49
2577,Livorno,LI,57100,Donna,1996-12-21,Antonella Mancini,Occasionale,Toscana,1,28,Da 18 a 29
2578,Salerno,SA,84100,Donna,1988-03-30,Giovanna Sanna,Occasionale,Campania,2,37,Da 30 a 39
2579,Siracusa,SR,96100,Donna,1965-01-04,Elena Leone,Abituale,Sicilia,3,60,Da 50 a 64
2580,Campobasso,CB,86100,Donna,1998-07-31,Elisa Basile,Abituale,Molise,2,26,Da 18 a 29
2581,Modena,MO,41100,Uomo,1982-08-21,Giorgio Greco,Occasionale,Emilia-Romagna,1,42,Da 40 a 49
2582,Treviso,TV,31100,Donna,1975-12-15,Giorgia Rizzo,Occasionale,Veneto,1,49,Da 40 a 49
2583,Savona,SV,17100,Uomo,1996-11-27,Leonardo Donati,Abituale,Liguria,1,28,Da 18 a 29
2584,Barletta,BT,76121,Uomo,1977-02-03,Francesco Ferri,Occasionale,Puglia,2,48,Da 40 a 49
2585,Macerata,MC,62100,Donna,1979-07-15,Grazia Gatti,Abituale,Marche,1,45,Da 40 a 49
2586,Pesaro,PU,61100,Donna,1979-05-09,Rosa Ferrero,Abituale,Marche,1,45,Da 40 a 49
2587,Ancona,AN,60100,Donna,1952-11-27,Rita Sorrentino,Abituale,Marche,1,72,Oltre 64
2588,Avellino,AV,83100,Uomo,1961-06-07,Angelo Gentile,Occasionale,Campania,2,63,Da 50 a 64
2589,Como,CO,22100,Donna,1991-05-20,Elena Mancini,Occasionale,Lombardia,1,33,Da 30 a 39
2590,Genova,GE,16100,Donna,1956-09-23,Emanuela Longo,Abituale,Liguria,1,68,Oltre 64
2591,Vicenza,VI,36100,Uomo,1966-06-09,Domenico Rizzo,Occasionale,Veneto,1,58,Da 50 a 64
2592,Bologna,BO,40100,Donna,1954-09-11,Chiara Cattaneo,Occasionale,Emilia-Romagna,1,70,Oltre 64
2593,Roma,RM,00100,Uomo,1978-10-26,Stefano Romano,Occasionale,Lazio,1,46,Da 40 a 49
2594,Grosseto,GR,58100,Donna,1990-09-06,Monica Rizzi,Abituale,Toscana,1,34,Da 30 a 39
2595,Torino,TO,10100,Donna,1955-10-21,Elisabetta Gentile,Abituale,Piemonte,1,69,Oltre 64
2596,Vicenza,VI,36100,Uomo,1978-09-07,Domenico Testa,Abituale,Veneto,1,46,Da 40 a 49
2597,Crotone,KR,88900,Donna,1968-10-09,Alessandra Franco,Abituale,Calabria,3,56,Da 50 a 64
2598,Cuneo,CN,12100,Donna,1966-03-09,Sofia De Santis,Abituale,Piemonte,1,59,Da 50 a 64
2599,Salerno,SA,84100,Uomo,1964-05-20,Andrea Valentini,Occasionale,Campania,2,60,Da 50 a 64
2600,Vicenza,VI,36100,Donna,1971-12-09,Laura D'Amico,Occasionale,Veneto,1,53,Da 50 a 64
2601,Vicenza,VI,36100,Donna,1955-05-23,Emanuela Valentini,Abituale,Veneto,1,69,Oltre 64
2602,Barletta,BT,76121,Donna,1975-02-25,Rosa Pellegrini,Abituale,Puglia,2,50,Da 50 a 64
2603,Andria,BT,76123,Uomo,1962-09-17,Claudio Rizzo,Abituale,Puglia,2,62,Da 50 a 64
2604,Macerata,MC,62100,Uomo,1954-02-13,Antonio Colombo,Abituale,Marche,1,71,Oltre 64
2605,Terni,TR,05100,Donna,1951-01-25,Rita Orlando,Occasionale,Umbria,1,74,Oltre 64
2606,Frosinone,FR,03100,Uomo,1990-10-28,Emanuele Costa,Abituale,Lazio,1,34,Da 30 a 39
2607,Gela,CL,93012,Donna,1988-06-30,Carmela Rizzo,Occasionale,Sicilia,3,36,Da 30 a 39
2608,Bolzano,BZ,39100,Uomo,1971-10-07,Massimo De Angelis,Occasionale,Trentino-Alto Adige,1,53,Da 50 a 64
2609,L'Aquila,AQ,67100,Uomo,1955-12-04,Alberto Galli,Abituale,Abruzzo,2,69,Oltre 64
2610,Cagliari,CA,09100,Donna,1953-05-20,Grazia D'Agostino,Abituale,Sardegna,3,71,Oltre 64
2611,Lecco,LC,23900,Donna,1983-09-29,Maria Bianco,Occasionale,Lombardia,1,41,Da 40 a 49
2612,Verona,VR,37100,Uomo,1961-11-17,Marco Barbieri,Occasionale,Veneto,1,63,Da 50 a 64
2613,Gorizia,GO,34170,Donna,1958-06-16,Concetta Ferraro,Abituale,Friuli-Venezia Giulia,1,66,Oltre 64
2614,Verona,VR,37100,Uomo,1970-06-04,Andrea Martinelli,Abituale,Veneto,1,54,Da 50 a 64
2615,Macerata,MC,62100,Uomo,1983-06-25,Leonardo Ferrara,Abituale,Marche,1,41,Da 40 a 49
2616,Udine,UD,33100,Donna,1979-10-31,Emanuela Orlando,Abituale,Friuli-Venezia Giulia,1,45,Da 40 a 49
2617,Vercelli,VC,13100,Donna,1980-12-21,Maria Galli,Occasionale,Piemonte,1,44,Da 40 a 49
2618,Marsala,TP,91025,Donna,1979-09-28,Silvia Basile,Abituale,Sicilia,3,45,Da 40 a 49
2619,Cagliari,CA,09100,Uomo,1958-12-17,Davide Bruno,Abituale,Sardegna,3,66,Oltre 64
2620,Cuneo,CN,12100,Donna,1965-01-07,Sofia Basile,Occasionale,Piemonte,1,60,Da 50 a 64
2621,Viterbo,VT,01100,Donna,1998-03-06,Antonella Moretti,Occasionale,Lazio,1,27,Da 18 a 29
2622,Verbania,VB,28921,Uomo,1956-04-25,Antonio Rizzo,Occasionale,Piemonte,1,69,Oltre 64
2623,Fermo,FM,63900,Uomo,1981-10-04,Massimo Galli,Occasionale,Marche,1,43,Da 40 a 49
2624,Savona,SV,17100,Uomo,1982-08-27,Enzo Valentini,Occasionale,Liguria,1,42,Da 40 a 49
2625,Lucca,LU,55100,Uomo,1966-02-24,Andrea Basile,Occasionale,Toscana,1,59,Da 50 a 64
2626,Sondrio,SO,23100,Donna,1973-08-27,Valeria Sorrentino,Occasionale,Lombardia,1,51,Da 50 a 64
2627,Macerata,MC,62100,Uomo,1965-04-15,Giovanni Vitale,Abituale,Marche,1,60,Da 50 a 64
2628,Giugliano in Campania,NA,80014,Uomo,1984-09-23,Daniele Serra,Abituale,Campania,2,40,Da 40 a 49
2629,Viterbo,VT,01100,Donna,1989-10-30,Giuseppina Caruso,Abituale,Lazio,1,35,Da 30 a 39
2630,Vicenza,VI,36100,Uomo,1961-10-24,Angelo Sala,Abituale,Veneto,1,63,Da 50 a 64
2631,Gela,CL,93012,Donna,1955-04-25,Giorgia Palumbo,Abituale,Sicilia,3,70,Oltre 64
2632,Macerata,MC,62100,Uomo,1981-08-08,Vincenzo Benedetti,Abituale,Marche,1,43,Da 40 a 49
2633,Teramo,TE,64100,Uomo,1958-09-12,Emanuele Parisi,Occasionale,Abruzzo,2,66,Oltre 64
2634,Torre del Greco,NA,80059,Donna,2000-06-29,Federica Rossi,Abituale,Campania,2,24,Da 18 a 29
2635,Caserta,CE,81100,Uomo,1968-10-27,Fabio Rizzo,Occasionale,Campania,2,56,Da 50 a 64
2636,La Spezia,SP,19100,Donna,1983-03-15,Caterina Arena,Occasionale,Liguria,1,42,Da 40 a 49
2637,Isernia,IS,86170,Uomo,1981-12-08,Alessandro Farina,Occasionale,Molise,2,43,Da 40 a 49
2638,Ravenna,RA,48100,Uomo,1989-02-16,Franco Guerra,Abituale,Emilia-Romagna,1,36,Da 30 a 39
2639,Roma,RM,00100,Donna,1976-07-07,Silvia Rizzi,Abituale,Lazio,1,48,Da 40 a 49
2640,Livorno,LI,57100,Donna,1992-03-30,Cristina Longo,Occasionale,Toscana,1,33,Da 30 a 39
2641,Salerno,SA,84100,Uomo,1954-04-16,Giorgio Gallo,Abituale,Campania,2,71,Oltre 64
2642,Viterbo,VT,01100,Uomo,1958-02-12,Alessandro Leone,Abituale,Lazio,1,67,Oltre 64
2643,Marsala,TP,91025,Uomo,1978-07-30,Giovanni D'Angelo,Abituale,Sicilia,3,46,Da 40 a 49
2644,Taranto,TA,74100,Uomo,1993-03-01,Leonardo Orlando,Abituale,Puglia,2,32,Da 30 a 39
2645,Monza,MB,20900,Uomo,1959-07-20,Giorgio Carli,Occasionale,Lombardia,1,65,Oltre 64
2646,Fermo,FM,63900,Donna,1987-04-21,Maria Fontana,Occasionale,Marche,1,38,Da 30 a 39
2647,Sesto San Giovanni,MI,20099,Donna,1996-11-22,Concetta Caruso,Abituale,Lombardia,1,28,Da 18 a 29
2648,Novara,NO,28100,Donna,1950-06-16,Chiara Mancini,Occasionale,Piemonte,1,74,Oltre 64
2649,Monza,MB,20900,Uomo,1991-05-02,Marco Orlando,Abituale,Lombardia,1,33,Da 30 a 39
2650,Trieste,TS,34100,Donna,1988-10-03,Anna Ricci,Abituale,Friuli-Venezia Giulia,1,36,Da 30 a 39
2651,Chieti,CH,66100,Donna,1961-08-13,Carmela Gatti,Abituale,Abruzzo,2,63,Da 50 a 64
2652,Rovigo,RO,45100,Uomo,1987-03-24,Federico Donati,Occasionale,Veneto,1,38,Da 30 a 39
2653,Imperia,IM,18100,Donna,1962-04-05,Lucia Giordano,Abituale,Liguria,1,63,Da 50 a 64
2654,Palermo,PA,90100,Uomo,1999-03-26,Francesco D'Angelo,Occasionale,Sicilia,3,26,Da 18 a 29
2655,Forlì,FC,47121,Donna,1957-06-11,Patrizia Martinelli,Abituale,Emilia-Romagna,1,67,Oltre 64
2656,Catania,CT,95100,Donna,1962-07-14,Ilaria Gatti,Abituale,Sicilia,3,62,Da 50 a 64
2657,Roma,RM,00100,Donna,1986-08-07,Giulia Ferrari,Occasionale,Lazio,1,38,Da 30 a 39
2658,Ragusa,RG,97100,Donna,1990-12-28,Francesca D'Amico,Abituale,Sicilia,3,34,Da 30 a 39
2659,Lecco,LC,23900,Uomo,1983-07-11,Paolo Ferretti,Occasionale,Lombardia,1,41,Da 40 a 49
2660,Prato,PO,59100,Donna,1956-06-20,Stefania Neri,Abituale,Toscana,1,68,Oltre 64
2661,Trieste,TS,34100,Donna,1996-07-10,Francesca Testa,Abituale,Friuli-Venezia Giulia,1,28,Da 18 a 29
2662,Pisa,PI,56100,Donna,1983-11-18,Cristina De Santis,Abituale,Toscana,1,41,Da 40 a 49
2663,Avellino,AV,83100,Donna,1986-07-14,Elisabetta Gentile,Occasionale,Campania,2,38,Da 30 a 39
2664,Modena,MO,41100,Donna,1970-03-12,Concetta Caputo,Occasionale,Emilia-Romagna,1,55,Da 50 a 64
2665,Cremona,CR,26100,Donna,1976-08-18,Giulia Lombardi,Occasionale,Lombardia,1,48,Da 40 a 49
2666,Potenza,PZ,85100,Donna,1950-01-17,Simona Franco,Abituale,Basilicata,3,75,Oltre 64
2667,Giugliano in Campania,NA,80014,Uomo,1964-04-21,Fabio Longo,Abituale,Campania,2,61,Da 50 a 64
2668,L'Aquila,AQ,67100,Uomo,1956-08-22,Dario Gallo,Abituale,Abruzzo,2,68,Oltre 64
2669,Macerata,MC,62100,Uomo,1997-08-06,Sergio Ferretti,Abituale,Marche,1,27,Da 18 a 29
2670,Forlì,FC,47121,Donna,1973-04-16,Roberta Conti,Abituale,Emilia-Romagna,1,52,Da 50 a 64
2671,Chieti,CH,66100,Donna,1961-08-27,Giovanna Gallo,Occasionale,Abruzzo,2,63,Da 50 a 64
2672,Salerno,SA,84100,Donna,1966-04-26,Valeria Lombardi,Occasionale,Campania,2,59,Da 50 a 64
2673,Messina,ME,98100,Uomo,1984-11-30,Davide Fontana,Abituale,Sicilia,3,40,Da 40 a 49
2674,Cesena,FC,47521,Uomo,1961-01-21,Pietro Lombardi,Occasionale,Emilia-Romagna,1,64,Da 50 a 64
2675,Udine,UD,33100,Donna,1987-12-09,Emanuela Grasso,Occasionale,Friuli-Venezia Giulia,1,37,Da 30 a 39
2676,Firenze,FI,50100,Uomo,1983-09-17,Leonardo De Santis,Abituale,Toscana,1,41,Da 40 a 49
2677,Forlì,FC,47121,Uomo,1990-04-16,Federico Donati,Abituale,Emilia-Romagna,1,35,Da 30 a 39
2678,Napoli,NA,80100,Uomo,1984-02-21,Roberto Carli,Occasionale,Campania,2,41,Da 40 a 49
2679,Perugia,PG,06100,Uomo,1958-03-13,Dario Lombardo,Abituale,Umbria,1,67,Oltre 64
2680,Como,CO,22100,Uomo,1963-08-01,Stefano Ferri,Occasionale,Lombardia,1,61,Da 50 a 64
2681,Sondrio,SO,23100,Donna,1950-10-04,Emanuela Santoro,Occasionale,Lombardia,1,74,Oltre 64
2682,Pisa,PI,56100,Donna,1963-08-19,Cristina Rizzi,Occasionale,Toscana,1,61,Da 50 a 64
2683,Bergamo,BG,24100,Uomo,1990-08-01,Giuseppe Conti,Abituale,Lombardia,1,34,Da 30 a 39
2684,Parma,PR,43100,Donna,1962-01-29,Maria Sorrentino,Occasionale,Emilia-Romagna,1,63,Da 50 a 64
2685,Lecco,LC,23900,Donna,1975-01-28,Sofia Longo,Abituale,Lombardia,1,50,Da 50 a 64
2686,Livorno,LI,57100,Uomo,1972-09-10,Luigi Romano,Abituale,Toscana,1,52,Da 50 a 64
2687,Trento,TN,38100,Donna,1990-04-18,Rita Romano,Occasionale,Trentino-Alto Adige,1,35,Da 30 a 39
2688,Savona,SV,17100,Uomo,1987-01-13,Domenico Bianco,Abituale,Liguria,1,38,Da 30 a 39
2689,Pesaro,PU,61100,Uomo,1997-02-08,Nicola Ferrara,Abituale,Marche,1,28,Da 18 a 29
2690,Udine,UD,33100,Donna,1980-07-12,Elisa Vitale,Occasionale,Friuli-Venezia Giulia,1,44,Da 40 a 49
2691,Matera,MT,75100,Donna,1995-11-19,Caterina De Angelis,Abituale,Basilicata,3,29,Da 18 a 29
2692,Vercelli,VC,13100,Donna,1997-11-18,Emanuela De Santis,Occasionale,Piemonte,1,27,Da 18 a 29
2693,Rieti,RI,02100,Uomo,1988-12-02,Emanuele Mariani,Abituale,Lazio,1,36,Da 30 a 39
2694,Brescia,BS,25100,Donna,1957-09-03,Chiara Gatti,Occasionale,Lombardia,1,67,Oltre 64
2695,Latina,LT,04100,Donna,1986-09-12,Maria Ferretti,Abituale,Lazio,1,38,Da 30 a 39
2696,Siena,SI,53100,Uomo,1961-02-18,Giovanni Serra,Abituale,Toscana,1,64,Da 50 a 64
2697,Chieti,CH,66100,Uomo,1975-04-13,Daniele Ferri,Abituale,Abruzzo,2,50,Da 50 a 64
2698,Bologna,BO,40100,Donna,1991-06-26,Teresa Caruso,Abituale,Emilia-Romagna,1,33,Da 30 a 39
2699,Sassari,SS,07100,Donna,1985-06-08,Simona Palumbo,Abituale,Sardegna,3,39,Da 30 a 39
2700,Latina,LT,04100,Uomo,1979-06-26,Andrea Caputo,Occasionale,Lazio,1,45,Da 40 a 49
2701,Ragusa,RG,97100,Uomo,1952-11-12,Dario Ferrero,Abituale,Sicilia,3,72,Oltre 64
2702,Imperia,IM,18100,Uomo,1987-12-19,Claudio Farina,Abituale,Liguria,1,37,Da 30 a 39
2703,Pescara,PE,65100,Donna,1994-10-07,Lucia Guerra,Occasionale,Abruzzo,2,30,Da 30 a 39
2704,Lodi,LO,26900,Uomo,1954-03-17,Fabio Messina,Abituale,Lombardia,1,71,Oltre 64
2705,Ragusa,RG,97100,Donna,1976-11-23,Rita Romeo,Abituale,Sicilia,3,48,Da 40 a 49
2706,Latina,LT,04100,Donna,1963-01-16,Giorgia Piras,Occasionale,Lazio,1,62,Da 50 a 64
2707,Pisa,PI,56100,Donna,1990-11-29,Anna Colombo,Occasionale,Toscana,1,34,Da 30 a 39
2708,Reggio Emilia,RE,42100,Uomo,1968-10-27,Fabio De Santis,Occasionale,Emilia-Romagna,1,56,Da 50 a 64
2709,Avellino,AV,83100,Donna,1996-08-03,Valeria Testa,Abituale,Campania,2,28,Da 18 a 29
2710,Ancona,AN,60100,Uomo,1998-05-04,Paolo D'Angelo,Occasionale,Marche,1,26,Da 18 a 29
2711,Pescara,PE,65100,Donna,1995-02-14,Grazia Messina,Abituale,Abruzzo,2,30,Da 30 a 39
2712,Lucca,LU,55100,Donna,1968-04-07,Francesca Ferretti,Occasionale,Toscana,1,57,Da 50 a 64
2713,Roma,RM,00100,Uomo,1970-10-20,Michele Martinelli,Abituale,Lazio,1,54,Da 50 a 64
2714,Padova,PD,35100,Uomo,1984-12-22,Pietro Bruno,Occasionale,Veneto,1,40,Da 40 a 49
2715,Rovigo,RO,45100,Uomo,1998-03-30,Davide Ferretti,Abituale,Veneto,1,27,Da 18 a 29
2716,Savona,SV,17100,Donna,1963-05-22,Maria Franco,Abituale,Liguria,1,61,Da 50 a 64
2717,Treviso,TV,31100,Uomo,2000-01-13,Carmelo Leone,Abituale,Veneto,1,25,Da 18 a 29
2718,Novara,NO,28100,Uomo,1969-06-07,Claudio Villa,Abituale,Piemonte,1,55,Da 50 a 64
2719,Modena,MO,41100,Donna,1988-10-30,Lucia Gallo,Abituale,Emilia-Romagna,1,36,Da 30 a 39
2720,Chieti,CH,66100,Donna,1955-03-23,Caterina Russo,Abituale,Abruzzo,2,70,Oltre 64
2721,Treviso,TV,31100,Donna,1964-12-16,Anna Moretti,Abituale,Veneto,1,60,Da 50 a 64
2722,Pesaro,PU,61100,Uomo,1966-10-25,Maurizio Messina,Abituale,Marche,1,58,Da 50 a 64
2723,Parma,PR,43100,Donna,1996-06-20,Sara Arena,Abituale,Emilia-Romagna,1,28,Da 18 a 29
2724,Fermo,FM,63900,Donna,1969-06-12,Ilaria Bernardi,Occasionale,Marche,1,55,Da 50 a 64
2725,Pesaro,PU,61100,Donna,1952-06-09,Rosa Bianco,Abituale,Marche,1,72,Oltre 64
2726,Grosseto,GR,58100,Uomo,1976-07-31,Angelo Bianco,Occasionale,Toscana,1,48,Da 40 a 49
2727,Siracusa,SR,96100,Uomo,1974-09-13,Pasquale Villa,Occasionale,Sicilia,3,50,Da 50 a 64
2728,Campobasso,CB,86100,Uomo,1966-03-09,Carlo De Luca,Abituale,Molise,2,59,Da 50 a 64
2729,Cagliari,CA,09100,Uomo,1957-11-03,Daniele Ferretti,Occasionale,Sardegna,3,67,Oltre 64
2730,Reggio Calabria,RC,89100,Uomo,1961-03-05,Emanuele Lombardo,Occasionale,Calabria,3,64,Da 50 a 64
2731,Brindisi,BR,72100,Donna,1971-07-30,Carmela Amato,Occasionale,Puglia,2,53,Da 50 a 64
2732,Prato,PO,59100,Uomo,1995-01-21,Pasquale Messina,Occasionale,Toscana,1,30,Da 30 a 39
2733,Verbania,VB,28921,Uomo,1962-01-27,Davide Messina,Abituale,Piemonte,1,63,Da 50 a 64
2734,Monza,MB,20900,Uomo,1972-02-11,Luigi Barbieri,Abituale,Lombardia,1,53,Da 50 a 64
2735,Livorno,LI,57100,Uomo,1969-11-26,Nicola Rinaldi,Abituale,Toscana,1,55,Da 50 a 64
2736,Cremona,CR,26100,Donna,1968-08-29,Silvia De Rosa,Abituale,Lombardia,1,56,Da 50 a 64
2737,Barletta,BT,76121,Donna,1953-09-20,Teresa De Rosa,Abituale,Puglia,2,71,Oltre 64
2738,Sassari,SS,07100,Uomo,1973-03-15,Massimo Palumbo,Occasionale,Sardegna,3,52,Da 50 a 64
2739,Bolzano,BZ,39100,Donna,1976-09-23,Giulia Leone,Abituale,Trentino-Alto Adige,1,48,Da 40 a 49
2740,Busto Arsizio,VA,21052,Uomo,1962-05-18,Massimo Bellini,Abituale,Lombardia,1,62,Da 50 a 64
2741,Sondrio,SO,23100,Uomo,1958-09-01,Luigi Martini,Occasionale,Lombardia,1,66,Oltre 64
2742,Vercelli,VC,13100,Donna,1951-07-26,Emanuela Ferrara,Abituale,Piemonte,1,73,Oltre 64
2743,Alessandria,AL,15100,Uomo,1979-05-06,Carlo Bianchi,Occasionale,Piemonte,1,45,Da 40 a 49
2744,Trapani,TP,91100,Uomo,1957-06-20,Michele Ferraro,Occasionale,Sicilia,3,67,Oltre 64
2745,Fermo,FM,63900,Uomo,1983-09-23,Stefano Villa,Occasionale,Marche,1,41,Da 40 a 49
2746,Bergamo,BG,24100,Donna,1997-04-18,Monica Giuliani,Occasionale,Lombardia,1,28,Da 18 a 29
2747,Rovigo,RO,45100,Donna,1968-09-08,Grazia Marino,Occasionale,Veneto,1,56,Da 50 a 64
2748,Cagliari,CA,09100,Uomo,1980-03-30,Giorgio Esposito,Occasionale,Sardegna,3,45,Da 40 a 49
2749,Busto Arsizio,VA,21052,Uomo,1984-01-16,Antonio Russo,Occasionale,Lombardia,1,41,Da 40 a 49
2750,Novara,NO,28100,Uomo,1987-02-08,Bruno Ricci,Abituale,Piemonte,1,38,Da 30 a 39
2751,Lucca,LU,55100,Uomo,1959-07-31,Angelo Moretti,Occasionale,Toscana,1,65,Oltre 64
2752,Sesto San Giovanni,MI,20099,Uomo,1996-08-23,Maurizio Colombo,Abituale,Lombardia,1,28,Da 18 a 29
2753,Catanzaro,CZ,88100,Uomo,1984-07-05,Emanuele Caputo,Abituale,Calabria,3,40,Da 40 a 49
2754,Udine,UD,33100,Donna,1969-10-15,Antonella Pellegrini,Occasionale,Friuli-Venezia Giulia,1,55,Da 50 a 64
2755,Andria,BT,76123,Donna,1953-10-31,Caterina Leone,Abituale,Puglia,2,71,Oltre 64
2756,Biella,BI,13900,Uomo,1983-11-09,Pietro Palumbo,Abituale,Piemonte,1,41,Da 40 a 49
2757,Pesaro,PU,61100,Donna,1952-07-08,Stefania Giuliani,Abituale,Marche,1,72,Oltre 64
2758,Fermo,FM,63900,Donna,1953-11-17,Sofia Serra,Abituale,Marche,1,71,Oltre 64
2759,Matera,MT,75100,Uomo,1976-12-03,Sergio Neri,Occasionale,Basilicata,3,48,Da 40 a 49
2760,Terni,TR,05100,Donna,1988-10-15,Lucia Costa,Abituale,Umbria,1,36,Da 30 a 39
2761,Nuoro,NU,08100,Donna,1995-07-18,Anna Monti,Abituale,Sardegna,3,29,Da 18 a 29
2762,Bolzano,BZ,39100,Uomo,1992-04-16,Paolo Conti,Abituale,Trentino-Alto Adige,1,33,Da 30 a 39
2763,Prato,PO,59100,Uomo,1962-08-20,Pietro De Angelis,Occasionale,Toscana,1,62,Da 50 a 64
2764,Padova,PD,35100,Donna,1964-10-10,Valentina Gatti,Occasionale,Veneto,1,60,Da 50 a 64
2765,Catanzaro,CZ,88100,Uomo,1959-03-29,Francesco Rossetti,Occasionale,Calabria,3,66,Oltre 64
2766,Bari,BA,70100,Uomo,1979-04-26,Dario Caputo,Occasionale,Puglia,2,46,Da 40 a 49
2767,Enna,EN,94100,Uomo,1954-04-17,Emanuele De Luca,Abituale,Sicilia,3,71,Oltre 64
2768,Verbania,VB,28921,Uomo,1997-06-26,Sergio Costa,Occasionale,Piemonte,1,27,Da 18 a 29
2769,Perugia,PG,06100,Donna,1966-05-18,Grazia Fiore,Abituale,Umbria,1,58,Da 50 a 64
2770,La Spezia,SP,19100,Donna,1984-08-15,Rita Marini,Abituale,Liguria,1,40,Da 40 a 49
2771,La Spezia,SP,19100,Donna,1968-05-27,Elena Marini,Occasionale,Liguria,1,56,Da 50 a 64
2772,Vibo Valentia,VV,89900,Uomo,1973-02-17,Riccardo Esposito,Abituale,Calabria,3,52,Da 50 a 64
2773,Sassari,SS,07100,Uomo,1958-01-09,Marco Franco,Occasionale,Sardegna,3,67,Oltre 64
2774,Reggio Emilia,RE,42100,Uomo,1972-05-29,Salvatore Ferri,Occasionale,Emilia-Romagna,1,52,Da 50 a 64
2775,Brescia,BS,25100,Uomo,1975-03-17,Angelo Martinelli,Abituale,Lombardia,1,50,Da 50 a 64
2776,Ascoli Piceno,AP,63100,Uomo,1967-10-20,Luca Gentile,Abituale,Marche,1,57,Da 50 a 64
2777,Ravenna,RA,48100,Uomo,1997-08-09,Davide Lombardi,Abituale,Emilia-Romagna,1,27,Da 18 a 29
2778,Cremona,CR,26100,Uomo,1986-05-10,Franco Basile,Abituale,Lombardia,1,38,Da 30 a 39
2779,Rieti,RI,02100,Uomo,1997-05-11,Franco Basile,Occasionale,Lazio,1,27,Da 18 a 29
2780,Giugliano in Campania,NA,80014,Donna,1986-09-03,Valeria Donati,Abituale,Campania,2,38,Da 30 a 39
2781,Foggia,FG,71100,Donna,1964-11-10,Grazia Martini,Abituale,Puglia,2,60,Da 50 a 64
2782,Ravenna,RA,48100,Donna,1953-01-02,Paola Ferretti,Occasionale,Emilia-Romagna,1,72,Oltre 64
2783,Viterbo,VT,01100,Uomo,1965-07-11,Mario Bruno,Occasionale,Lazio,1,59,Da 50 a 64
2784,Avellino,AV,83100,Uomo,1978-09-27,Daniele Piras,Abituale,Campania,2,46,Da 40 a 49
2785,Barletta,BT,76121,Uomo,1983-02-20,Maurizio Rinaldi,Occasionale,Puglia,2,42,Da 40 a 49
2786,Biella,BI,13900,Donna,1957-10-16,Rita Ferraro,Occasionale,Piemonte,1,67,Oltre 64
2787,Ragusa,RG,97100,Donna,1981-12-20,Patrizia Basile,Abituale,Sicilia,3,43,Da 40 a 49
2788,Siracusa,SR,96100,Donna,1973-03-31,Angela Carli,Abituale,Sicilia,3,52,Da 50 a 64
2789,Bergamo,BG,24100,Uomo,1973-09-17,Giovanni Rizzo,Occasionale,Lombardia,1,51,Da 50 a 64
2790,Agrigento,AG,92100,Donna,1969-08-24,Federica Villa,Abituale,Sicilia,3,55,Da 50 a 64
2791,Ragusa,RG,97100,Donna,1972-02-01,Laura De Rosa,Occasionale,Sicilia,3,53,Da 50 a 64
2792,Cosenza,CS,87100,Uomo,1999-03-07,Giorgio Longo,Occasionale,Calabria,3,26,Da 18 a 29
2793,Novara,NO,28100,Donna,1970-08-26,Giuseppina Monti,Abituale,Piemonte,1,54,Da 50 a 64
2794,Ascoli Piceno,AP,63100,Donna,1995-12-24,Grazia Marchetti,Abituale,Marche,1,29,Da 18 a 29
2795,Belluno,BL,32100,Uomo,1951-01-19,Bruno Conti,Abituale,Veneto,1,74,Oltre 64
2796,Latina,LT,04100,Uomo,1961-09-04,Andrea Caruso,Occasionale,Lazio,1,63,Da 50 a 64
2797,Cuneo,CN,12100,Donna,1974-11-10,Alessandra Romano,Abituale,Piemonte,1,50,Da 50 a 64
2798,Bolzano,BZ,39100,Uomo,1964-05-17,Stefano D'Angelo,Abituale,Trentino-Alto Adige,1,60,Da 50 a 64
2799,Napoli,NA,80100,Uomo,1987-01-29,Vincenzo Parisi,Abituale,Campania,2,38,Da 30 a 39
2800,Imperia,IM,18100,Uomo,1979-08-30,Carmelo Sorrentino,Abituale,Liguria,1,45,Da 40 a 49
2801,Trapani,TP,91100,Uomo,1981-02-09,Giorgio Farina,Abituale,Sicilia,3,44,Da 40 a 49
2802,Perugia,PG,06100,Donna,1995-10-18,Elena Fabbri,Abituale,Umbria,1,29,Da 18 a 29
2803,Genova,GE,16100,Donna,1959-07-31,Caterina D'Angelo,Occasionale,Liguria,1,65,Oltre 64
2804,Udine,UD,33100,Donna,1972-12-05,Silvia Ferrara,Abituale,Friuli-Venezia Giulia,1,52,Da 50 a 64
2805,Belluno,BL,32100,Donna,1983-01-27,Lucia Arena,Abituale,Veneto,1,42,Da 40 a 49
2806,Ravenna,RA,48100,Uomo,1984-12-03,Pasquale Esposito,Abituale,Emilia-Romagna,1,40,Da 40 a 49
2807,Venezia,VE,30100,Donna,1974-10-16,Giulia Monti,Abituale,Veneto,1,50,Da 50 a 64
2808,Marsala,TP,91025,Donna,1986-08-22,Sara Ricci,Abituale,Sicilia,3,38,Da 30 a 39
2809,Cuneo,CN,12100,Donna,1991-12-19,Laura D'Angelo,Abituale,Piemonte,1,33,Da 30 a 39
2810,Ravenna,RA,48100,Uomo,1985-09-08,Michele Basile,Abituale,Emilia-Romagna,1,39,Da 30 a 39
2811,Cesena,FC,47521,Uomo,1966-05-15,Giuseppe Rossi,Occasionale,Emilia-Romagna,1,58,Da 50 a 64
2812,Venezia,VE,30100,Donna,1969-05-07,Carmela De Angelis,Abituale,Veneto,1,55,Da 50 a 64
2813,La Spezia,SP,19100,Donna,1975-12-26,Rita Ferrari,Abituale,Liguria,1,49,Da 40 a 49
2814,Asti,AT,14100,Donna,1984-01-31,Giuseppina Parisi,Occasionale,Piemonte,1,41,Da 40 a 49
2815,Savona,SV,17100,Uomo,1990-07-12,Sergio Carbone,Abituale,Liguria,1,34,Da 30 a 39
2816,Cagliari,CA,09100,Donna,1969-03-20,Carmela D'Amico,Occasionale,Sardegna,3,56,Da 50 a 64
2817,Padova,PD,35100,Donna,1972-10-28,Ilaria Grassi,Abituale,Veneto,1,52,Da 50 a 64
2818,Verbania,VB,28921,Donna,1959-05-31,Simona Pellegrino,Abituale,Piemonte,1,65,Oltre 64
2819,Grosseto,GR,58100,Donna,1998-06-12,Valentina Giordano,Abituale,Toscana,1,26,Da 18 a 29
2820,Catania,CT,95100,Uomo,1952-04-15,Paolo Basile,Abituale,Sicilia,3,73,Oltre 64
2821,Pordenone,PN,33170,Uomo,1995-04-19,Francesco Franco,Abituale,Friuli-Venezia Giulia,1,30,Da 30 a 39
2822,Bolzano,BZ,39100,Uomo,1987-10-23,Pietro De Santis,Abituale,Trentino-Alto Adige,1,37,Da 30 a 39
2823,Genova,GE,16100,Uomo,1963-11-30,Federico Giuliani,Abituale,Liguria,1,61,Da 50 a 64
2824,Giugliano in Campania,NA,80014,Donna,1962-06-30,Caterina Basile,Abituale,Campania,2,62,Da 50 a 64
2825,Gorizia,GO,34170,Uomo,1965-03-18,Antonio Gallo,Occasionale,Friuli-Venezia Giulia,1,60,Da 50 a 64
2826,Crotone,KR,88900,Donna,1956-08-19,Simona Colombo,Occasionale,Calabria,3,68,Oltre 64
2827,Frosinone,FR,03100,Uomo,1989-09-01,Domenico Bernardi,Abituale,Lazio,1,35,Da 30 a 39
2828,Lucca,LU,55100,Donna,1982-01-28,Margherita Bernardi,Abituale,Toscana,1,43,Da 40 a 49
2829,Livorno,LI,57100,Uomo,1972-03-11,Salvatore Vitale,Occasionale,Toscana,1,53,Da 50 a 64
2830,Trieste,TS,34100,Uomo,1956-09-04,Vincenzo Donati,Abituale,Friuli-Venezia Giulia,1,68,Oltre 64
2831,Brescia,BS,25100,Donna,1980-08-13,Antonella Rizzo,Abituale,Lombardia,1,44,Da 40 a 49
2832,Lecce,LE,73100,Uomo,1980-04-30,Claudio Bruno,Abituale,Puglia,2,44,Da 40 a 49
2833,Napoli,NA,80100,Donna,1967-08-08,Anna Morelli,Occasionale,Campania,2,57,Da 50 a 64
2834,Agrigento,AG,92100,Uomo,1997-11-11,Luca Caruso,Occasionale,Sicilia,3,27,Da 18 a 29
2835,Ancona,AN,60100,Donna,1955-10-06,Sara Bellini,Occasionale,Marche,1,69,Oltre 64
2836,Trento,TN,38100,Donna,1979-01-23,Sofia D'Angelo,Abituale,Trentino-Alto Adige,1,46,Da 40 a 49
2837,Ferrara,FE,44100,Donna,1978-05-03,Ilaria Ferrari,Abituale,Emilia-Romagna,1,46,Da 40 a 49
2838,Napoli,NA,80100,Donna,1975-04-05,Monica Moretti,Abituale,Campania,2,50,Da 50 a 64
2839,Enna,EN,94100,Donna,1974-08-15,Elena Farina,Abituale,Sicilia,3,50,Da 50 a 64
2840,Grosseto,GR,58100,Donna,1992-05-16,Rita Arena,Abituale,Toscana,1,32,Da 30 a 39
2841,Sondrio,SO,23100,Donna,1983-03-13,Francesca Sala,Occasionale,Lombardia,1,42,Da 40 a 49
2842,Torino,TO,10100,Donna,1969-06-05,Grazia Vitale,Occasionale,Piemonte,1,55,Da 50 a 64
2843,Catania,CT,95100,Uomo,1992-08-19,Luca De Santis,Abituale,Sicilia,3,32,Da 30 a 39
2844,Foggia,FG,71100,Donna,1973-02-13,Antonella Rinaldi,Occasionale,Puglia,2,52,Da 50 a 64
2845,Trapani,TP,91100,Uomo,1990-03-06,Claudio Rizzi,Abituale,Sicilia,3,35,Da 30 a 39
2846,Chieti,CH,66100,Uomo,1969-11-27,Vincenzo D'Angelo,Abituale,Abruzzo,2,55,Da 50 a 64
2847,Gela,CL,93012,Donna,1970-02-15,Cristina Lombardi,Abituale,Sicilia,3,55,Da 50 a 64
2848,Bergamo,BG,24100,Donna,1975-09-15,Giorgia Bruno,Abituale,Lombardia,1,49,Da 40 a 49
2849,Crotone,KR,88900,Uomo,1997-11-03,Riccardo De Rosa,Abituale,Calabria,3,27,Da 18 a 29
2850,Lecce,LE,73100,Uomo,1983-11-23,Francesco Rinaldi,Occasionale,Puglia,2,41,Da 40 a 49
2851,Torre del Greco,NA,80059,Donna,1979-08-08,Giuseppina Marchetti,Abituale,Campania,2,45,Da 40 a 49
2852,Como,CO,22100,Uomo,2000-04-07,Mario Fiore,Abituale,Lombardia,1,25,Da 18 a 29
2853,Imperia,IM,18100,Donna,1952-05-12,Carmela D'Angelo,Abituale,Liguria,1,72,Oltre 64
2854,Potenza,PZ,85100,Donna,1973-06-09,Giorgia Fiore,Occasionale,Basilicata,3,51,Da 50 a 64
2855,Teramo,TE,64100,Donna,1969-08-10,Simona Fiore,Abituale,Abruzzo,2,55,Da 50 a 64
2856,Siracusa,SR,96100,Uomo,1994-09-12,Luigi Santoro,Abituale,Sicilia,3,30,Da 30 a 39
2857,Genova,GE,16100,Donna,1982-06-01,Giuseppina D'Amico,Occasionale,Liguria,1,42,Da 40 a 49
2858,Reggio Calabria,RC,89100,Donna,1987-08-23,Laura Basile,Occasionale,Calabria,3,37,Da 30 a 39
2859,Torino,TO,10100,Uomo,1989-05-06,Domenico Grassi,Abituale,Piemonte,1,35,Da 30 a 39
2860,Agrigento,AG,92100,Uomo,1992-10-06,Giorgio Carli,Abituale,Sicilia,3,32,Da 30 a 39
2861,Cuneo,CN,12100,Donna,1964-04-28,Patrizia Guerra,Occasionale,Piemonte,1,60,Da 50 a 64
2862,Avellino,AV,83100,Donna,1952-02-16,Cristina Piras,Occasionale,Campania,2,73,Oltre 64
2863,Verona,VR,37100,Donna,1999-08-06,Paola Gallo,Abituale,Veneto,1,25,Da 18 a 29
2864,Giugliano in Campania,NA,80014,Uomo,1991-02-05,Carlo Ferri,Abituale,Campania,2,34,Da 30 a 39
2865,Monza,MB,20900,Uomo,1981-07-01,Franco Ferretti,Abituale,Lombardia,1,43,Da 40 a 49
2866,Frosinone,FR,03100,Donna,1955-12-04,Antonella Benedetti,Abituale,Lazio,1,69,Oltre 64
2867,Verona,VR,37100,Donna,1967-08-23,Elena Benedetti,Abituale,Veneto,1,57,Da 50 a 64
2868,Alessandria,AL,15100,Uomo,1996-09-24,Enzo Sanna,Occasionale,Piemonte,1,28,Da 18 a 29
2869,Vercelli,VC,13100,Uomo,1964-03-15,Carmelo Fontana,Abituale,Piemonte,1,61,Da 50 a 64
2870,Crotone,KR,88900,Uomo,1979-07-16,Luigi Gentile,Abituale,Calabria,3,45,Da 40 a 49
2871,Andria,BT,76123,Uomo,1990-08-30,Michele Martinelli,Abituale,Puglia,2,34,Da 30 a 39
2872,Pisa,PI,56100,Uomo,1995-01-21,Andrea Rinaldi,Abituale,Toscana,1,30,Da 30 a 39
2873,Varese,VA,21100,Donna,1990-03-26,Giulia Marini,Abituale,Lombardia,1,35,Da 30 a 39
2874,Livorno,LI,57100,Uomo,1970-11-29,Francesco Rossi,Abituale,Toscana,1,54,Da 50 a 64
2875,Avellino,AV,83100,Uomo,1994-05-18,Vincenzo Galli,Occasionale,Campania,2,30,Da 30 a 39
2876,Teramo,TE,64100,Donna,1972-01-24,Francesca Cattaneo,Abituale,Abruzzo,2,53,Da 50 a 64
2877,Pavia,PV,27100,Uomo,1979-02-14,Alberto Serra,Abituale,Lombardia,1,46,Da 40 a 49
2878,Giugliano in Campania,NA,80014,Donna,1987-04-12,Valeria Costa,Occasionale,Campania,2,38,Da 30 a 39
2879,Torre del Greco,NA,80059,Donna,1962-02-24,Emanuela D'Angelo,Abituale,Campania,2,63,Da 50 a 64
2880,Brindisi,BR,72100,Uomo,1990-05-25,Salvatore Amato,Occasionale,Puglia,2,34,Da 30 a 39
2881,Pescara,PE,65100,Donna,1954-01-26,Monica Carbone,Occasionale,Abruzzo,2,71,Oltre 64
2882,Aosta,AO,11100,Donna,1985-05-02,Sara Giordano,Occasionale,Valle d'Aosta,1,39,Da 30 a 39
2883,Novara,NO,28100,Uomo,1966-11-07,Carlo Giuliani,Abituale,Piemonte,1,58,Da 50 a 64
2884,Catania,CT,95100,Donna,1959-03-31,Grazia Rinaldi,Abituale,Sicilia,3,66,Oltre 64
2885,Brescia,BS,25100,Donna,1951-02-05,Maria Rossetti,Occasionale,Lombardia,1,74,Oltre 64
2886,Brescia,BS,25100,Uomo,1980-11-15,Roberto Ferrari,Abituale,Lombardia,1,44,Da 40 a 49
2887,Cremona,CR,26100,Donna,1997-01-19,Ilaria Colombo,Abituale,Lombardia,1,28,Da 18 a 29
2888,Savona,SV,17100,Uomo,1965-04-18,Sergio Ferretti,Occasionale,Liguria,1,60,Da 50 a 64
2889,Forlì,FC,47121,Uomo,1998-04-29,Francesco Sala,Occasionale,Emilia-Romagna,1,26,Da 18 a 29
2890,Imperia,IM,18100,Donna,1994-02-10,Carmela Sorrentino,Abituale,Liguria,1,31,Da 30 a 39
2891,Pordenone,PN,33170,Uomo,1993-06-24,Andrea Sorrentino,Occasionale,Friuli-Venezia Giulia,1,31,Da 30 a 39
2892,Messina,ME,98100,Uomo,1979-09-09,Alessandro Colombo,Abituale,Sicilia,3,45,Da 40 a 49
2893,Parma,PR,43100,Uomo,1950-07-31,Pietro D'Angelo,Abituale,Emilia-Romagna,1,74,Oltre 64
2894,Savona,SV,17100,Uomo,1955-11-01,Mario Bianchi,Abituale,Liguria,1,69,Oltre 64
2895,Verbania,VB,28921,Uomo,1954-10-04,Riccardo Giuliani,Abituale,Piemonte,1,70,Oltre 64
2896,Treviso,TV,31100,Uomo,1951-11-28,Claudio Ferrero,Abituale,Veneto,1,73,Oltre 64
2897,Perugia,PG,06100,Uomo,1989-01-13,Paolo Esposito,Abituale,Umbria,1,36,Da 30 a 39
2898,Trento,TN,38100,Donna,1992-12-17,Federica Ferri,Abituale,Trentino-Alto Adige,1,32,Da 30 a 39
2899,Napoli,NA,80100,Uomo,1955-12-13,Davide Gatti,Occasionale,Campania,2,69,Oltre 64
2900,Macerata,MC,62100,Uomo,1950-02-02,Carlo Romeo,Abituale,Marche,1,75,Oltre 64
2901,Prato,PO,59100,Donna,1985-03-05,Simona Vitale,Occasionale,Toscana,1,40,Da 40 a 49
2902,Padova,PD,35100,Uomo,1959-02-03,Andrea Orlando,Abituale,Veneto,1,66,Oltre 64
2903,Reggio Calabria,RC,89100,Uomo,1950-03-14,Salvatore Palumbo,Occasionale,Calabria,3,75,Oltre 64
2904,Cremona,CR,26100,Uomo,1961-04-28,Claudio Franco,Abituale,Lombardia,1,63,Da 50 a 64
2905,Milano,MI,20100,Donna,1987-11-03,Francesca Sorrentino,Abituale,Lombardia,1,37,Da 30 a 39
2906,Bari,BA,70100,Donna,1986-04-18,Chiara Martini,Occasionale,Puglia,2,39,Da 30 a 39
2907,Potenza,PZ,85100,Uomo,1952-12-26,Luca Ferretti,Abituale,Basilicata,3,72,Oltre 64
2908,Terni,TR,05100,Donna,1967-07-13,Margherita Fontana,Abituale,Umbria,1,57,Da 50 a 64
2909,Reggio Calabria,RC,89100,Uomo,1962-07-12,Federico Silvestri,Abituale,Calabria,3,62,Da 50 a 64
2910,Lecce,LE,73100,Uomo,1984-05-27,Andrea Sanna,Abituale,Puglia,2,40,Da 40 a 49
2911,Vicenza,VI,36100,Donna,1971-05-08,Silvia Ferrero,Abituale,Veneto,1,53,Da 50 a 64
2912,Busto Arsizio,VA,21052,Donna,1983-04-23,Silvia Barbieri,Abituale,Lombardia,1,42,Da 40 a 49
2913,Bolzano,BZ,39100,Donna,1976-05-31,Elena Guerra,Abituale,Trentino-Alto Adige,1,48,Da 40 a 49
2914,Bari,BA,70100,Uomo,1982-03-22,Domenico Gatti,Abituale,Puglia,2,43,Da 40 a 49
2915,Roma,RM,00100,Uomo,1965-12-24,Leonardo Romeo,Abituale,Lazio,1,59,Da 50 a 64
2916,Milano,MI,20100,Uomo,1999-09-02,Pietro Palumbo,Abituale,Lombardia,1,25,Da 18 a 29
2917,Massa,MS,54100,Uomo,1957-08-11,Franco Rizzo,Abituale,Toscana,1,67,Oltre 64
2918,Rovigo,RO,45100,Uomo,1959-02-06,Riccardo Martinelli,Occasionale,Veneto,1,66,Oltre 64
2919,Savona,SV,17100,Uomo,2000-07-02,Maurizio Marino,Occasionale,Liguria,1,24,Da 18 a 29
2920,Taranto,TA,74100,Uomo,1960-07-25,Massimo Romano,Abituale,Puglia,2,64,Da 50 a 64
2921,Gorizia,GO,34170,Donna,1997-02-08,Roberta Monti,Abituale,Friuli-Venezia Giulia,1,28,Da 18 a 29
2922,Caltanissetta,CL,93100,Uomo,1997-09-04,Fabio Basile,Abituale,Sicilia,3,27,Da 18 a 29
2923,Fermo,FM,63900,Uomo,1984-05-28,Michele Gatti,Abituale,Marche,1,40,Da 40 a 49
2924,Fermo,FM,63900,Uomo,1984-12-23,Alberto De Santis,Occasionale,Marche,1,40,Da 40 a 49
2925,Reggio Calabria,RC,89100,Uomo,1953-10-18,Bruno Franco,Abituale,Calabria,3,71,Oltre 64
2926,Pavia,PV,27100,Uomo,1977-01-16,Luigi Martini,Abituale,Lombardia,1,48,Da 40 a 49
2927,Ravenna,RA,48100,Donna,1961-05-01,Margherita Parisi,Occasionale,Emilia-Romagna,1,63,Da 50 a 64
2928,Arezzo,AR,52100,Donna,1953-10-31,Angela Rizzi,Occasionale,Toscana,1,71,Oltre 64
2929,Enna,EN,94100,Donna,1952-04-20,Giulia Ferrara,Abituale,Sicilia,3,73,Oltre 64
2930,Alessandria,AL,15100,Uomo,1952-07-05,Bruno D'Angelo,Abituale,Piemonte,1,72,Oltre 64
2931,Treviso,TV,31100,Donna,1989-06-18,Claudia Rossetti,Abituale,Veneto,1,35,Da 30 a 39
2932,Lucca,LU,55100,Donna,1952-09-05,Sofia Giordano,Abituale,Toscana,1,72,Oltre 64
2933,Livorno,LI,57100,Uomo,1997-05-27,Dario Caputo,Occasionale,Toscana,1,27,Da 18 a 29
2934,Aosta,AO,11100,Donna,1973-04-19,Maria Carli,Occasionale,Valle d'Aosta,1,52,Da 50 a 64
2935,Cremona,CR,26100,Donna,1951-08-16,Emanuela Gatti,Occasionale,Lombardia,1,73,Oltre 64
2936,Trapani,TP,91100,Donna,1982-03-08,Lucia Orlando,Abituale,Sicilia,3,43,Da 40 a 49
2937,Teramo,TE,64100,Uomo,1992-12-27,Angelo Bellini,Abituale,Abruzzo,2,32,Da 30 a 39
2938,Biella,BI,13900,Uomo,1988-05-03,Bruno Grassi,Occasionale,Piemonte,1,36,Da 30 a 39
2939,Marsala,TP,91025,Uomo,1965-10-08,Franco Carbone,Abituale,Sicilia,3,59,Da 50 a 64
2940,Crotone,KR,88900,Uomo,1959-10-25,Dario Parisi,Occasionale,Calabria,3,65,Oltre 64
2941,Caserta,CE,81100,Donna,1991-12-08,Valentina Morelli,Abituale,Campania,2,33,Da 30 a 39
2942,Modena,MO,41100,Donna,1985-01-25,Grazia Barone,Abituale,Emilia-Romagna,1,40,Da 40 a 49
2943,Campobasso,CB,86100,Donna,1992-07-05,Maria Messina,Abituale,Molise,2,32,Da 30 a 39
2944,Alessandria,AL,15100,Donna,1950-05-25,Margherita De Luca,Occasionale,Piemonte,1,74,Oltre 64
2945,Trento,TN,38100,Uomo,1954-10-19,Bruno Vitale,Abituale,Trentino-Alto Adige,1,70,Oltre 64
2946,Napoli,NA,80100,Donna,1967-04-27,Emanuela Gatti,Abituale,Campania,2,58,Da 50 a 64
2947,Vicenza,VI,36100,Donna,1982-12-29,Lucia Bianco,Abituale,Veneto,1,42,Da 40 a 49
2948,Campobasso,CB,86100,Uomo,1961-09-17,Pasquale Parisi,Abituale,Molise,2,63,Da 50 a 64
2949,Aosta,AO,11100,Uomo,1989-06-30,Giovanni Marini,Abituale,Valle d'Aosta,1,35,Da 30 a 39
2950,Caserta,CE,81100,Donna,1952-03-27,Silvia D'Angelo,Abituale,Campania,2,73,Oltre 64
2951,Ancona,AN,60100,Donna,1970-03-17,Angela Bianchi,Abituale,Marche,1,55,Da 50 a 64
2952,Oristano,OR,09170,Uomo,1958-07-22,Claudio Testa,Abituale,Sardegna,3,66,Oltre 64
2953,Treviso,TV,31100,Donna,1959-02-18,Giovanna Leone,Abituale,Veneto,1,66,Oltre 64
2954,Trapani,TP,91100,Uomo,1985-10-29,Mario Ferri,Abituale,Sicilia,3,39,Da 30 a 39
2955,Lodi,LO,26900,Donna,1982-05-20,Concetta Ferrero,Occasionale,Lombardia,1,42,Da 40 a 49
2956,Milano,MI,20100,Uomo,1955-04-11,Angelo Barone,Abituale,Lombardia,1,70,Oltre 64
2957,Taranto,TA,74100,Uomo,1951-01-03,Alessandro Bellini,Abituale,Puglia,2,74,Oltre 64
2958,Oristano,OR,09170,Uomo,1984-10-04,Francesco Conti,Occasionale,Sardegna,3,40,Da 40 a 49
2959,Avellino,AV,83100,Donna,1980-08-18,Valeria Sala,Abituale,Campania,2,44,Da 40 a 49
2960,Pavia,PV,27100,Uomo,1968-08-18,Stefano Moretti,Abituale,Lombardia,1,56,Da 50 a 64
2961,Roma,RM,00100,Donna,1969-08-05,Margherita Bruno,Occasionale,Lazio,1,55,Da 50 a 64
2962,Isernia,IS,86170,Donna,1959-04-01,Caterina Farina,Occasionale,Molise,2,66,Oltre 64
2963,Rieti,RI,02100,Donna,1955-06-15,Ilaria Messina,Occasionale,Lazio,1,69,Oltre 64
2964,Prato,PO,59100,Donna,1980-12-25,Stefania Parisi,Abituale,Toscana,1,44,Da 40 a 49
2965,Avellino,AV,83100,Uomo,1986-05-08,Giorgio Pagano,Abituale,Campania,2,38,Da 30 a 39
2966,Roma,RM,00100,Donna,1990-04-20,Patrizia Rizzo,Abituale,Lazio,1,35,Da 30 a 39
2967,Pistoia,PT,51100,Uomo,1964-10-02,Angelo Lombardi,Occasionale,Toscana,1,60,Da 50 a 64
2968,Piacenza,PC,29100,Donna,1956-10-27,Antonella Caruso,Abituale,Emilia-Romagna,1,68,Oltre 64
2969,Novara,NO,28100,Uomo,1952-08-30,Riccardo Donati,Abituale,Piemonte,1,72,Oltre 64
2970,Trieste,TS,34100,Donna,1953-07-14,Lucia Palumbo,Abituale,Friuli-Venezia Giulia,1,71,Oltre 64
2971,Cuneo,CN,12100,Uomo,1999-08-13,Mario Benedetti,Abituale,Piemonte,1,25,Da 18 a 29
2972,Cesena,FC,47521,Donna,1996-06-05,Paola Neri,Abituale,Emilia-Romagna,1,28,Da 18 a 29
2973,Reggio Emilia,RE,42100,Uomo,1994-06-05,Salvatore Bianchi,Occasionale,Emilia-Romagna,1,30,Da 30 a 39
2974,Campobasso,CB,86100,Donna,1973-07-17,Concetta Greco,Abituale,Molise,2,51,Da 50 a 64
2975,Bari,BA,70100,Uomo,1965-04-28,Pasquale Testa,Abituale,Puglia,2,59,Da 50 a 64
2976,Monza,MB,20900,Donna,1961-05-09,Caterina Arena,Abituale,Lombardia,1,63,Da 50 a 64
2977,Lecce,LE,73100,Uomo,1983-10-25,Franco Rizzo,Occasionale,Puglia,2,41,Da 40 a 49
2978,Varese,VA,21100,Donna,1993-07-16,Elisabetta Costa,Abituale,Lombardia,1,31,Da 30 a 39
2979,Arezzo,AR,52100,Uomo,1995-06-13,Claudio Caputo,Abituale,Toscana,1,29,Da 18 a 29
2980,La Spezia,SP,19100,Uomo,1968-03-23,Angelo Piras,Abituale,Liguria,1,57,Da 50 a 64
2981,Livorno,LI,57100,Uomo,1961-05-31,Angelo Vitale,Occasionale,Toscana,1,63,Da 50 a 64
2982,Genova,GE,16100,Uomo,1973-09-17,Bruno Orlando,Abituale,Liguria,1,51,Da 50 a 64
2983,Foggia,FG,71100,Donna,1975-11-28,Monica Conti,Occasionale,Puglia,2,49,Da 40 a 49
2984,Marsala,TP,91025,Uomo,1953-04-27,Riccardo Basile,Abituale,Sicilia,3,72,Oltre 64
2985,Busto Arsizio,VA,21052,Donna,1980-04-22,Giorgia Valentini,Abituale,Lombardia,1,45,Da 40 a 49
2986,Matera,MT,75100,Donna,1965-08-06,Valentina D'Agostino,Abituale,Basilicata,3,59,Da 50 a 64
2987,Andria,BT,76123,Donna,1965-11-22,Chiara Arena,Occasionale,Puglia,2,59,Da 50 a 64
2988,Caserta,CE,81100,Uomo,1961-09-01,Andrea Romano,Abituale,Campania,2,63,Da 50 a 64
2989,Taranto,TA,74100,Donna,1977-10-07,Silvia Pellegrini,Abituale,Puglia,2,47,Da 40 a 49
2990,Ancona,AN,60100,Uomo,1950-11-04,Dario Russo,Occasionale,Marche,1,74,Oltre 64
2991,Monza,MB,20900,Donna,1957-01-21,Laura Grassi,Abituale,Lombardia,1,68,Oltre 64
2992,Siena,SI,53100,Uomo,1961-01-27,Federico Romano,Abituale,Toscana,1,64,Da 50 a 64
2993,Gorizia,GO,34170,Uomo,1978-07-23,Emanuele Rizzi,Occasionale,Friuli-Venezia Giulia,1,46,Da 40 a 49
2994,Udine,UD,33100,Donna,1963-07-06,Giulia Fabbri,Abituale,Friuli-Venezia Giulia,1,61,Da 50 a 64
2995,Massa,MS,54100,Donna,1955-09-07,Simona Longo,Abituale,Toscana,1,69,Oltre 64
2996,Forlì,FC,47121,Uomo,1976-04-17,Dario Ferrara,Occasionale,Emilia-Romagna,1,49,Da 40 a 49
2997,Isernia,IS,86170,Uomo,1973-05-09,Maurizio Romano,Abituale,Molise,2,51,Da 50 a 64
2998,Verona,VR,37100,Donna,1965-12-06,Lucia Colombo,Abituale,Veneto,1,59,Da 50 a 64
2999,Viterbo,VT,01100,Uomo,2000-05-30,Alberto Sala,Abituale,Lazio,1,24,Da 18 a 29
3000,Rieti,RI,02100,Uomo,1974-10-03,Daniele Messina,Occasionale,Lazio,1,50,Da 50 a 64
3001,Treviso,TV,31100,Uomo,1950-07-05,Enzo Palumbo,Occasionale,Veneto,1,74,Oltre 64
3002,Bari,BA,70100,Uomo,1984-03-22,Mario Romeo,Abituale,Puglia,2,41,Da 40 a 49
3003,Torino,TO,10100,Uomo,1964-12-14,Claudio Russo,Occasionale,Piemonte,1,60,Da 50 a 64
3004,Padova,PD,35100,Uomo,1963-06-02,Sergio Rizzi,Occasionale,Veneto,1,61,Da 50 a 64
3005,Varese,VA,21100,Donna,1976-10-10,Elisa Basile,Abituale,Lombardia,1,48,Da 40 a 49
3006,Ancona,AN,60100,Uomo,1954-02-04,Alessandro Ferri,Abituale,Marche,1,71,Oltre 64
3007,Verbania,VB,28921,Uomo,1979-05-15,Leonardo Benedetti,Abituale,Piemonte,1,45,Da 40 a 49
3008,Pavia,PV,27100,Uomo,1950-10-02,Maurizio Benedetti,Occasionale,Lombardia,1,74,Oltre 64
3009,Agrigento,AG,92100,Uomo,1963-08-11,Angelo Ferretti,Abituale,Sicilia,3,61,Da 50 a 64
3010,Sassari,SS,07100,Uomo,1966-03-13,Leonardo Serra,Occasionale,Sardegna,3,59,Da 50 a 64
3011,Nuoro,NU,08100,Uomo,1999-05-17,Fabio Serra,Abituale,Sardegna,3,25,Da 18 a 29
3012,Piacenza,PC,29100,Donna,1975-07-02,Elisa Martinelli,Abituale,Emilia-Romagna,1,49,Da 40 a 49
3013,Frosinone,FR,03100,Donna,1995-03-07,Grazia Silvestri,Occasionale,Lazio,1,30,Da 30 a 39
3014,Caserta,CE,81100,Donna,1952-04-24,Caterina Rossi,Abituale,Campania,2,73,Oltre 64
3015,Prato,PO,59100,Uomo,1955-10-13,Franco Pellegrini,Abituale,Toscana,1,69,Oltre 64
3016,Forlì,FC,47121,Donna,1957-07-02,Chiara Martinelli,Abituale,Emilia-Romagna,1,67,Oltre 64
3017,Andria,BT,76123,Donna,1997-02-13,Emanuela Carbone,Abituale,Puglia,2,28,Da 18 a 29
3018,Barletta,BT,76121,Uomo,1975-01-22,Andrea Pellegrino,Occasionale,Puglia,2,50,Da 50 a 64
3019,Bolzano,BZ,39100,Donna,1990-12-29,Giovanna D'Angelo,Abituale,Trentino-Alto Adige,1,34,Da 30 a 39
3020,Bari,BA,70100,Donna,1986-01-25,Margherita Ferri,Occasionale,Puglia,2,39,Da 30 a 39
3021,Teramo,TE,64100,Uomo,1958-09-18,Stefano Testa,Abituale,Abruzzo,2,66,Oltre 64
3022,Lucca,LU,55100,Uomo,1968-04-13,Leonardo Testa,Abituale,Toscana,1,57,Da 50 a 64
3023,Siracusa,SR,96100,Uomo,1960-09-23,Carmelo Ruggiero,Occasionale,Sicilia,3,64,Da 50 a 64
3024,Perugia,PG,06100,Uomo,1961-12-25,Maurizio Santoro,Abituale,Umbria,1,63,Da 50 a 64
3025,Grosseto,GR,58100,Donna,1960-04-21,Elisabetta Palumbo,Abituale,Toscana,1,65,Oltre 64
3026,Verona,VR,37100,Uomo,1952-01-29,Salvatore Orlando,Occasionale,Veneto,1,73,Oltre 64
3027,Biella,BI,13900,Donna,1982-11-23,Monica Barone,Abituale,Piemonte,1,42,Da 40 a 49
3028,Ancona,AN,60100,Uomo,1979-08-09,Emanuele Martini,Abituale,Marche,1,45,Da 40 a 49
3029,Massa,MS,54100,Uomo,1958-01-23,Alberto Rizzo,Abituale,Toscana,1,67,Oltre 64
3030,Trapani,TP,91100,Uomo,1958-01-27,Davide Orlando,Abituale,Sicilia,3,67,Oltre 64
3031,Vercelli,VC,13100,Donna,1995-01-02,Lucia Basile,Occasionale,Piemonte,1,30,Da 30 a 39
3032,Rimini,RN,47900,Uomo,1978-04-22,Luigi Bianco,Abituale,Emilia-Romagna,1,47,Da 40 a 49
3033,Napoli,NA,80100,Donna,1997-11-16,Valentina Fabbri,Occasionale,Campania,2,27,Da 18 a 29
3034,Chieti,CH,66100,Donna,1968-11-17,Roberta Basile,Occasionale,Abruzzo,2,56,Da 50 a 64
3035,Matera,MT,75100,Uomo,1965-08-08,Giorgio Esposito,Abituale,Basilicata,3,59,Da 50 a 64
3036,Bari,BA,70100,Uomo,1982-06-13,Stefano Marchetti,Abituale,Puglia,2,42,Da 40 a 49
3037,Viterbo,VT,01100,Uomo,1995-11-28,Enzo Franco,Abituale,Lazio,1,29,Da 18 a 29
3038,Livorno,LI,57100,Donna,1993-06-14,Elisa Fiore,Abituale,Toscana,1,31,Da 30 a 39
3039,Foggia,FG,71100,Uomo,1976-10-22,Emanuele Lombardo,Abituale,Puglia,2,48,Da 40 a 49
3040,Perugia,PG,06100,Uomo,1975-10-02,Andrea Romano,Occasionale,Umbria,1,49,Da 40 a 49
3041,Aosta,AO,11100,Uomo,1961-07-04,Maurizio Valentini,Abituale,Valle d'Aosta,1,63,Da 50 a 64
3042,Brescia,BS,25100,Donna,1992-08-05,Sofia Pellegrini,Occasionale,Lombardia,1,32,Da 30 a 39
3043,Cosenza,CS,87100,Donna,1992-01-31,Rita Rizzo,Abituale,Calabria,3,33,Da 30 a 39
3044,Rimini,RN,47900,Donna,1966-01-19,Federica Villa,Abituale,Emilia-Romagna,1,59,Da 50 a 64
3045,Lucca,LU,55100,Uomo,1950-08-22,Antonio Bellini,Occasionale,Toscana,1,74,Oltre 64
3046,Ragusa,RG,97100,Uomo,1995-04-27,Andrea D'Amico,Abituale,Sicilia,3,30,Da 30 a 39
3047,Gorizia,GO,34170,Donna,1990-01-22,Giovanna Gallo,Abituale,Friuli-Venezia Giulia,1,35,Da 30 a 39
3048,Pordenone,PN,33170,Donna,1976-11-17,Concetta Bianco,Abituale,Friuli-Venezia Giulia,1,48,Da 40 a 49
3049,Mantova,MN,46100,Uomo,1984-04-11,Angelo Coppola,Occasionale,Lombardia,1,41,Da 40 a 49
3050,Ferrara,FE,44100,Donna,1985-03-16,Elisabetta Sala,Occasionale,Emilia-Romagna,1,40,Da 40 a 49
3051,Catanzaro,CZ,88100,Donna,1999-07-05,Rosa D'Angelo,Abituale,Calabria,3,25,Da 18 a 29
3052,Como,CO,22100,Uomo,1956-03-30,Antonio De Angelis,Occasionale,Lombardia,1,69,Oltre 64
3053,Pesaro,PU,61100,Donna,1988-07-02,Ilaria Amato,Occasionale,Marche,1,36,Da 30 a 39
3054,Brescia,BS,25100,Uomo,1988-08-02,Angelo Grasso,Abituale,Lombardia,1,36,Da 30 a 39
3055,Caltanissetta,CL,93100,Donna,1974-02-22,Chiara Grasso,Abituale,Sicilia,3,51,Da 50 a 64
3056,Como,CO,22100,Uomo,1963-12-26,Emanuele Rizzo,Abituale,Lombardia,1,61,Da 50 a 64
3057,Caltanissetta,CL,93100,Donna,1956-08-11,Ilaria Silvestri,Abituale,Sicilia,3,68,Oltre 64
3058,Terni,TR,05100,Uomo,1973-10-20,Enzo Bernardi,Occasionale,Umbria,1,51,Da 50 a 64
3059,Verona,VR,37100,Uomo,1996-05-31,Sergio Valentini,Abituale,Veneto,1,28,Da 18 a 29
3060,Busto Arsizio,VA,21052,Donna,1971-08-30,Carmela Vitale,Occasionale,Lombardia,1,53,Da 50 a 64
3061,Cesena,FC,47521,Uomo,1977-03-06,Vincenzo Serra,Occasionale,Emilia-Romagna,1,48,Da 40 a 49
3062,Latina,LT,04100,Donna,1954-04-19,Giovanna Marini,Abituale,Lazio,1,71,Oltre 64
3063,Ravenna,RA,48100,Uomo,1963-08-10,Paolo De Rosa,Occasionale,Emilia-Romagna,1,61,Da 50 a 64
3064,Brindisi,BR,72100,Donna,1955-12-07,Roberta Rinaldi,Abituale,Puglia,2,69,Oltre 64
3065,Ragusa,RG,97100,Donna,1999-03-02,Elena Arena,Occasionale,Sicilia,3,26,Da 18 a 29
3066,Asti,AT,14100,Donna,1977-08-19,Cristina Carbone,Abituale,Piemonte,1,47,Da 40 a 49
3067,Grosseto,GR,58100,Donna,1986-07-09,Claudia Martinelli,Abituale,Toscana,1,38,Da 30 a 39
3068,Isernia,IS,86170,Uomo,1986-07-31,Domenico Romeo,Abituale,Molise,2,38,Da 30 a 39
3069,Cagliari,CA,09100,Uomo,1970-09-16,Mario Marini,Occasionale,Sardegna,3,54,Da 50 a 64
3070,Fermo,FM,63900,Uomo,1998-07-04,Davide Mancini,Abituale,Marche,1,26,Da 18 a 29
3071,Barletta,BT,76121,Donna,1969-06-08,Antonella Silvestri,Abituale,Puglia,2,55,Da 50 a 64
3072,Treviso,TV,31100,Donna,1982-04-22,Chiara Bellini,Abituale,Veneto,1,43,Da 40 a 49
3073,Fermo,FM,63900,Donna,1953-08-07,Laura Moretti,Abituale,Marche,1,71,Oltre 64
3074,Prato,PO,59100,Uomo,1950-08-18,Alessandro Messina,Occasionale,Toscana,1,74,Oltre 64
3075,Vibo Valentia,VV,89900,Uomo,1963-12-16,Daniele Sanna,Abituale,Calabria,3,61,Da 50 a 64
3076,Trapani,TP,91100,Uomo,1988-02-14,Giovanni Pellegrino,Abituale,Sicilia,3,37,Da 30 a 39
3077,Catanzaro,CZ,88100,Donna,1962-09-10,Laura Russo,Occasionale,Calabria,3,62,Da 50 a 64
3078,Napoli,NA,80100,Uomo,1982-02-09,Massimo Martinelli,Abituale,Campania,2,43,Da 40 a 49
3079,Andria,BT,76123,Uomo,1991-03-19,Michele Mariani,Abituale,Puglia,2,34,Da 30 a 39
3080,Reggio Calabria,RC,89100,Donna,1990-10-22,Elisabetta Grasso,Abituale,Calabria,3,34,Da 30 a 39
3081,Sassari,SS,07100,Donna,1953-08-18,Rita Ricci,Occasionale,Sardegna,3,71,Oltre 64
3082,Bologna,BO,40100,Donna,1976-04-19,Lucia Martini,Occasionale,Emilia-Romagna,1,49,Da 40 a 49
3083,Bari,BA,70100,Donna,2000-10-03,Cristina Testa,Abituale,Puglia,2,24,Da 18 a 29
3084,Grosseto,GR,58100,Donna,2000-09-16,Elisabetta Ferretti,Abituale,Toscana,1,24,Da 18 a 29
3085,La Spezia,SP,19100,Donna,1995-02-17,Sara Villa,Occasionale,Liguria,1,30,Da 30 a 39
3086,Reggio Emilia,RE,42100,Donna,1988-04-04,Valentina De Rosa,Abituale,Emilia-Romagna,1,37,Da 30 a 39
3087,Matera,MT,75100,Donna,1979-09-14,Patrizia Serra,Abituale,Basilicata,3,45,Da 40 a 49
3088,Imperia,IM,18100,Donna,1960-03-23,Federica Arena,Occasionale,Liguria,1,65,Oltre 64
3089,Oristano,OR,09170,Uomo,1958-12-12,Dario De Luca,Occasionale,Sardegna,3,66,Oltre 64
3090,Isernia,IS,86170,Uomo,1976-03-17,Giorgio Arena,Occasionale,Molise,2,49,Da 40 a 49
3091,Sesto San Giovanni,MI,20099,Donna,1985-09-19,Angela Pellegrino,Abituale,Lombardia,1,39,Da 30 a 39
3092,Catanzaro,CZ,88100,Uomo,1951-07-24,Luigi Mancini,Occasionale,Calabria,3,73,Oltre 64
3093,Ferrara,FE,44100,Donna,1972-01-05,Roberta Grasso,Occasionale,Emilia-Romagna,1,53,Da 50 a 64
3094,Cremona,CR,26100,Uomo,1995-11-08,Salvatore Coppola,Occasionale,Lombardia,1,29,Da 18 a 29
3095,Rieti,RI,02100,Uomo,1978-03-17,Stefano Marini,Occasionale,Lazio,1,47,Da 40 a 49
3096,Trapani,TP,91100,Donna,1980-11-06,Sofia Ferrara,Occasionale,Sicilia,3,44,Da 40 a 49
3097,Rimini,RN,47900,Uomo,1990-08-03,Maurizio Grasso,Abituale,Emilia-Romagna,1,34,Da 30 a 39
3098,Biella,BI,13900,Uomo,1971-05-17,Marco Grassi,Abituale,Piemonte,1,53,Da 50 a 64
3099,Lucca,LU,55100,Uomo,1983-09-01,Luigi Ferrara,Occasionale,Toscana,1,41,Da 40 a 49
3100,Enna,EN,94100,Donna,1977-07-01,Claudia D'Angelo,Abituale,Sicilia,3,47,Da 40 a 49
3101,Vicenza,VI,36100,Donna,1972-02-09,Emanuela De Luca,Occasionale,Veneto,1,53,Da 50 a 64
3102,Sassari,SS,07100,Uomo,1989-08-28,Bruno Palumbo,Occasionale,Sardegna,3,35,Da 30 a 39
3103,Rimini,RN,47900,Uomo,1986-02-01,Riccardo Parisi,Abituale,Emilia-Romagna,1,39,Da 30 a 39
3104,Vibo Valentia,VV,89900,Donna,1954-04-13,Alessandra D'Amico,Abituale,Calabria,3,71,Oltre 64
3105,Sesto San Giovanni,MI,20099,Donna,1983-12-17,Anna Giuliani,Abituale,Lombardia,1,41,Da 40 a 49
3106,Isernia,IS,86170,Donna,1990-05-21,Grazia Bruno,Abituale,Molise,2,34,Da 30 a 39
3107,Rimini,RN,47900,Donna,1953-05-10,Laura Mancini,Abituale,Emilia-Romagna,1,71,Oltre 64
3108,Milano,MI,20100,Uomo,1993-03-03,Riccardo D'Amico,Occasionale,Lombardia,1,32,Da 30 a 39
3109,Bologna,BO,40100,Donna,1967-04-29,Giulia Rizzi,Occasionale,Emilia-Romagna,1,57,Da 50 a 64
3110,Giugliano in Campania,NA,80014,Donna,1964-01-28,Francesca D'Agostino,Abituale,Campania,2,61,Da 50 a 64
3111,Torre del Greco,NA,80059,Donna,1983-04-14,Sara Martinelli,Abituale,Campania,2,42,Da 40 a 49
3112,Ascoli Piceno,AP,63100,Uomo,1998-12-30,Sergio De Rosa,Abituale,Marche,1,26,Da 18 a 29
3113,Milano,MI,20100,Donna,1975-07-13,Maria Farina,Abituale,Lombardia,1,49,Da 40 a 49
3114,Chieti,CH,66100,Donna,1981-08-20,Laura Romano,Abituale,Abruzzo,2,43,Da 40 a 49
3115,Pesaro,PU,61100,Uomo,1951-01-29,Paolo Romano,Abituale,Marche,1,74,Oltre 64
3116,Pisa,PI,56100,Donna,1970-07-26,Roberta Coppola,Occasionale,Toscana,1,54,Da 50 a 64
3117,Barletta,BT,76121,Donna,1982-12-23,Lucia Ferrero,Occasionale,Puglia,2,42,Da 40 a 49
3118,Belluno,BL,32100,Uomo,1997-09-15,Francesco Romeo,Occasionale,Veneto,1,27,Da 18 a 29
3119,Pisa,PI,56100,Donna,1996-06-30,Elisa Longo,Occasionale,Toscana,1,28,Da 18 a 29
3120,Lucca,LU,55100,Uomo,1995-02-28,Marco De Luca,Abituale,Toscana,1,30,Da 30 a 39
3121,Belluno,BL,32100,Donna,1968-04-21,Angela Rizzo,Occasionale,Veneto,1,57,Da 50 a 64
3122,Caserta,CE,81100,Donna,1974-12-24,Simona Sanna,Occasionale,Campania,2,50,Da 50 a 64
3123,Arezzo,AR,52100,Uomo,1998-06-17,Daniele Farina,Abituale,Toscana,1,26,Da 18 a 29
3124,Rieti,RI,02100,Uomo,1971-10-02,Davide De Rosa,Abituale,Lazio,1,53,Da 50 a 64
3125,Torre del Greco,NA,80059,Uomo,1966-12-01,Paolo Gatti,Abituale,Campania,2,58,Da 50 a 64
3126,Trieste,TS,34100,Donna,1990-09-14,Alessandra Basile,Abituale,Friuli-Venezia Giulia,1,34,Da 30 a 39
3127,Trento,TN,38100,Donna,1956-08-05,Giorgia Lombardo,Occasionale,Trentino-Alto Adige,1,68,Oltre 64
3128,Cremona,CR,26100,Donna,1984-07-04,Silvia Pagano,Occasionale,Lombardia,1,40,Da 40 a 49
3129,Belluno,BL,32100,Donna,1952-01-04,Rosa Serra,Abituale,Veneto,1,73,Oltre 64
3130,Savona,SV,17100,Uomo,1996-05-14,Bruno Benedetti,Abituale,Liguria,1,28,Da 18 a 29
3131,Latina,LT,04100,Uomo,1968-12-05,Michele Testa,Abituale,Lazio,1,56,Da 50 a 64
3132,Catanzaro,CZ,88100,Donna,1963-05-28,Teresa Parisi,Abituale,Calabria,3,61,Da 50 a 64
3133,Barletta,BT,76121,Donna,1950-04-12,Antonella Conte,Occasionale,Puglia,2,75,Oltre 64
3134,Verbania,VB,28921,Donna,1961-11-11,Cristina Marino,Abituale,Piemonte,1,63,Da 50 a 64
3135,L'Aquila,AQ,67100,Donna,1953-04-15,Maria Orlando,Abituale,Abruzzo,2,72,Oltre 64
3136,Udine,UD,33100,Uomo,1951-03-02,Bruno Martinelli,Abituale,Friuli-Venezia Giulia,1,74,Oltre 64
3137,Giugliano in Campania,NA,80014,Uomo,1954-08-19,Fabio D'Agostino,Abituale,Campania,2,70,Oltre 64
3138,Catania,CT,95100,Donna,1986-03-08,Margherita Marchetti,Occasionale,Sicilia,3,39,Da 30 a 39
3139,Bari,BA,70100,Uomo,1987-01-16,Claudio Donati,Abituale,Puglia,2,38,Da 30 a 39
3140,Bolzano,BZ,39100,Uomo,1983-12-03,Stefano Benedetti,Occasionale,Trentino-Alto Adige,1,41,Da 40 a 49
3141,Taranto,TA,74100,Uomo,1959-03-15,Giovanni De Luca,Abituale,Puglia,2,66,Oltre 64
3142,Avellino,AV,83100,Uomo,1992-04-07,Roberto Basile,Abituale,Campania,2,33,Da 30 a 39
3143,Ragusa,RG,97100,Uomo,1953-11-29,Mario Sala,Abituale,Sicilia,3,71,Oltre 64
3144,Roma,RM,00100,Uomo,1974-01-16,Giovanni Benedetti,Occasionale,Lazio,1,51,Da 50 a 64
3145,Viterbo,VT,01100,Donna,1981-03-04,Concetta Pagano,Abituale,Lazio,1,44,Da 40 a 49
3146,Genova,GE,16100,Uomo,1960-07-19,Sergio Basile,Occasionale,Liguria,1,64,Da 50 a 64
3147,Venezia,VE,30100,Donna,1992-03-25,Monica Palumbo,Abituale,Veneto,1,33,Da 30 a 39
3148,Lecco,LC,23900,Donna,1965-10-20,Lucia Donati,Occasionale,Lombardia,1,59,Da 50 a 64
3149,Agrigento,AG,92100,Donna,1964-02-10,Roberta Silvestri,Abituale,Sicilia,3,61,Da 50 a 64
3150,Fermo,FM,63900,Donna,1964-09-13,Teresa Villa,Abituale,Marche,1,60,Da 50 a 64
3151,Agrigento,AG,92100,Uomo,1997-12-08,Antonio De Angelis,Abituale,Sicilia,3,27,Da 18 a 29
3152,Ragusa,RG,97100,Uomo,1951-01-29,Alberto Galli,Abituale,Sicilia,3,74,Oltre 64
3153,Bari,BA,70100,Donna,1985-02-15,Patrizia Giuliani,Abituale,Puglia,2,40,Da 40 a 49
3154,Matera,MT,75100,Uomo,1966-11-02,Riccardo Conti,Abituale,Basilicata,3,58,Da 50 a 64
3155,Sondrio,SO,23100,Donna,1956-11-12,Ilaria Barone,Abituale,Lombardia,1,68,Oltre 64
3156,Reggio Emilia,RE,42100,Uomo,1987-12-28,Antonio Rizzo,Abituale,Emilia-Romagna,1,37,Da 30 a 39
3157,Bergamo,BG,24100,Uomo,1961-07-04,Nicola Serra,Abituale,Lombardia,1,63,Da 50 a 64
3158,Sondrio,SO,23100,Uomo,1997-09-21,Leonardo Caruso,Occasionale,Lombardia,1,27,Da 18 a 29
3159,Milano,MI,20100,Uomo,1952-02-14,Angelo Marchetti,Abituale,Lombardia,1,73,Oltre 64
3160,Lodi,LO,26900,Donna,1980-04-19,Anna Bianchi,Abituale,Lombardia,1,45,Da 40 a 49
3161,Marsala,TP,91025,Donna,1983-03-26,Rita Mariani,Occasionale,Sicilia,3,42,Da 40 a 49
3162,Treviso,TV,31100,Uomo,1993-11-17,Fabio Fiore,Abituale,Veneto,1,31,Da 30 a 39
3163,Massa,MS,54100,Donna,1973-07-20,Simona Rizzo,Abituale,Toscana,1,51,Da 50 a 64
3164,Matera,MT,75100,Uomo,1990-04-22,Angelo Ruggiero,Occasionale,Basilicata,3,35,Da 30 a 39
3165,Rimini,RN,47900,Donna,1980-03-01,Cristina Grasso,Abituale,Emilia-Romagna,1,45,Da 40 a 49
3166,Nuoro,NU,08100,Uomo,1950-12-02,Giuseppe Fontana,Abituale,Sardegna,3,74,Oltre 64
3167,Trento,TN,38100,Uomo,1971-01-21,Pasquale Bernardi,Occasionale,Trentino-Alto Adige,1,54,Da 50 a 64
3168,Arezzo,AR,52100,Donna,1963-11-28,Giorgia Romano,Abituale,Toscana,1,61,Da 50 a 64
3169,Cosenza,CS,87100,Donna,1994-09-07,Valentina Lombardo,Occasionale,Calabria,3,30,Da 30 a 39
3170,Monza,MB,20900,Donna,1973-04-04,Roberta Morelli,Occasionale,Lombardia,1,52,Da 50 a 64
3171,Lecco,LC,23900,Donna,1958-07-09,Giorgia Galli,Abituale,Lombardia,1,66,Oltre 64
3172,Savona,SV,17100,Uomo,1977-02-20,Leonardo Amato,Abituale,Liguria,1,48,Da 40 a 49
3173,Avellino,AV,83100,Donna,1955-01-17,Patrizia Rizzo,Occasionale,Campania,2,70,Oltre 64
3174,Vibo Valentia,VV,89900,Donna,1974-06-30,Valentina Franco,Occasionale,Calabria,3,50,Da 50 a 64
3175,Fermo,FM,63900,Donna,1987-10-31,Elisa Arena,Occasionale,Marche,1,37,Da 30 a 39
3176,Crotone,KR,88900,Donna,1990-12-01,Alessandra Leone,Occasionale,Calabria,3,34,Da 30 a 39
3177,Varese,VA,21100,Uomo,1969-07-05,Massimo Amato,Abituale,Lombardia,1,55,Da 50 a 64
3178,Isernia,IS,86170,Uomo,1989-11-21,Alessandro Neri,Abituale,Molise,2,35,Da 30 a 39
3179,Matera,MT,75100,Uomo,1988-12-21,Sergio Rizzi,Abituale,Basilicata,3,36,Da 30 a 39
3180,Pordenone,PN,33170,Uomo,1963-07-24,Carlo Serra,Abituale,Friuli-Venezia Giulia,1,61,Da 50 a 64
3181,Fermo,FM,63900,Uomo,1968-10-09,Nicola D'Agostino,Occasionale,Marche,1,56,Da 50 a 64
3182,Bolzano,BZ,39100,Uomo,1951-09-01,Bruno Galli,Abituale,Trentino-Alto Adige,1,73,Oltre 64
3183,Treviso,TV,31100,Donna,1998-07-27,Concetta Sala,Abituale,Veneto,1,26,Da 18 a 29
3184,Prato,PO,59100,Donna,1981-06-13,Angela De Santis,Abituale,Toscana,1,43,Da 40 a 49
3185,Massa,MS,54100,Uomo,1957-03-23,Emanuele Rossetti,Abituale,Toscana,1,68,Oltre 64
3186,Gela,CL,93012,Donna,1989-09-22,Ilaria Pellegrino,Occasionale,Sicilia,3,35,Da 30 a 39
3187,Oristano,OR,09170,Uomo,1954-02-02,Giuseppe Gentile,Abituale,Sardegna,3,71,Oltre 64
3188,Firenze,FI,50100,Uomo,1975-02-25,Alessandro Cattaneo,Abituale,Toscana,1,50,Da 50 a 64
3189,Verona,VR,37100,Uomo,1966-08-28,Francesco Mariani,Occasionale,Veneto,1,58,Da 50 a 64
3190,Vibo Valentia,VV,89900,Donna,1964-01-09,Patrizia Farina,Abituale,Calabria,3,61,Da 50 a 64
3191,Ragusa,RG,97100,Donna,1959-12-10,Silvia Rossi,Occasionale,Sicilia,3,65,Oltre 64
3192,Giugliano in Campania,NA,80014,Uomo,1972-07-19,Vincenzo Fiore,Occasionale,Campania,2,52,Da 50 a 64
3193,Fermo,FM,63900,Uomo,1976-10-03,Francesco Giordano,Occasionale,Marche,1,48,Da 40 a 49
3194,Pistoia,PT,51100,Uomo,1954-02-01,Mario Gatti,Occasionale,Toscana,1,71,Oltre 64
3195,Ferrara,FE,44100,Uomo,1982-02-26,Vincenzo Romeo,Abituale,Emilia-Romagna,1,43,Da 40 a 49
3196,Bergamo,BG,24100,Uomo,1996-02-09,Domenico Ferrero,Occasionale,Lombardia,1,29,Da 18 a 29
3197,Pordenone,PN,33170,Donna,1971-07-11,Grazia Caruso,Abituale,Friuli-Venezia Giulia,1,53,Da 50 a 64
3198,Cagliari,CA,09100,Uomo,1997-01-12,Enzo Caruso,Abituale,Sardegna,3,28,Da 18 a 29
3199,Napoli,NA,80100,Donna,1981-01-19,Teresa Marini,Abituale,Campania,2,44,Da 40 a 49
3200,Agrigento,AG,92100,Donna,1962-05-22,Rita Greco,Abituale,Sicilia,3,62,Da 50 a 64
3201,Nuoro,NU,08100,Donna,1974-02-02,Francesca Romeo,Abituale,Sardegna,3,51,Da 50 a 64
3202,Bologna,BO,40100,Donna,1960-04-03,Grazia Mazza,Occasionale,Emilia-Romagna,1,65,Oltre 64
3203,Venezia,VE,30100,Donna,1988-12-18,Grazia Marini,Occasionale,Veneto,1,36,Da 30 a 39
3204,Rimini,RN,47900,Donna,1999-10-10,Teresa Rizzo,Abituale,Emilia-Romagna,1,25,Da 18 a 29
3205,Vercelli,VC,13100,Uomo,1961-04-14,Giorgio Parisi,Abituale,Piemonte,1,64,Da 50 a 64
3206,Parma,PR,43100,Donna,1968-06-02,Francesca Sanna,Abituale,Emilia-Romagna,1,56,Da 50 a 64
3207,Teramo,TE,64100,Uomo,1993-05-26,Michele Bellini,Abituale,Abruzzo,2,31,Da 30 a 39
3208,Cosenza,CS,87100,Uomo,1985-07-07,Luca Colombo,Abituale,Calabria,3,39,Da 30 a 39
3209,Catanzaro,CZ,88100,Uomo,1987-07-25,Michele Giordano,Abituale,Calabria,3,37,Da 30 a 39
3210,Vibo Valentia,VV,89900,Uomo,1997-06-21,Marco Rossi,Occasionale,Calabria,3,27,Da 18 a 29
3211,Arezzo,AR,52100,Donna,1996-09-02,Valeria Bianco,Occasionale,Toscana,1,28,Da 18 a 29
3212,L'Aquila,AQ,67100,Uomo,1951-02-04,Leonardo Monti,Abituale,Abruzzo,2,74,Oltre 64
3213,Arezzo,AR,52100,Uomo,1958-12-25,Francesco Rizzo,Occasionale,Toscana,1,66,Oltre 64
3214,Forlì,FC,47121,Uomo,1958-11-08,Marco Caruso,Abituale,Emilia-Romagna,1,66,Oltre 64
3215,Padova,PD,35100,Uomo,1967-06-12,Nicola Marchetti,Abituale,Veneto,1,57,Da 50 a 64
3216,Trento,TN,38100,Uomo,1958-08-29,Leonardo Basile,Abituale,Trentino-Alto Adige,1,66,Oltre 64
3217,L'Aquila,AQ,67100,Uomo,1953-02-18,Fabio Barbieri,Abituale,Abruzzo,2,72,Oltre 64
3218,Monza,MB,20900,Uomo,1966-08-30,Carlo Serra,Occasionale,Lombardia,1,58,Da 50 a 64
3219,Bolzano,BZ,39100,Uomo,1999-01-18,Andrea Longo,Occasionale,Trentino-Alto Adige,1,26,Da 18 a 29
3220,Lecco,LC,23900,Uomo,1966-02-05,Leonardo Bruno,Abituale,Lombardia,1,59,Da 50 a 64
3221,Foggia,FG,71100,Donna,1953-07-26,Roberta Franco,Abituale,Puglia,2,71,Oltre 64
3222,Frosinone,FR,03100,Uomo,1992-09-28,Dario Galli,Occasionale,Lazio,1,32,Da 30 a 39
3223,Ascoli Piceno,AP,63100,Uomo,1952-12-08,Claudio Palumbo,Occasionale,Marche,1,72,Oltre 64
3224,Genova,GE,16100,Uomo,1987-02-14,Claudio Monti,Abituale,Liguria,1,38,Da 30 a 39
3225,Pavia,PV,27100,Uomo,1982-12-19,Luigi Farina,Occasionale,Lombardia,1,42,Da 40 a 49
3226,Cagliari,CA,09100,Donna,1963-04-25,Elisa Gatti,Occasionale,Sardegna,3,62,Da 50 a 64
3227,Varese,VA,21100,Uomo,1985-09-16,Mario Rinaldi,Abituale,Lombardia,1,39,Da 30 a 39
3228,Udine,UD,33100,Donna,1963-03-24,Roberta Piras,Abituale,Friuli-Venezia Giulia,1,62,Da 50 a 64
3229,Chieti,CH,66100,Uomo,1972-04-22,Giovanni Pagano,Occasionale,Abruzzo,2,53,Da 50 a 64
3230,Grosseto,GR,58100,Uomo,1982-10-10,Carlo Monti,Abituale,Toscana,1,42,Da 40 a 49
3231,Treviso,TV,31100,Donna,1986-04-07,Carmela Monti,Abituale,Veneto,1,39,Da 30 a 39
3232,Chieti,CH,66100,Donna,1984-03-25,Francesca Caputo,Occasionale,Abruzzo,2,41,Da 40 a 49
3233,Forlì,FC,47121,Donna,1954-07-27,Antonella Gatti,Occasionale,Emilia-Romagna,1,70,Oltre 64
3234,Vibo Valentia,VV,89900,Donna,1995-09-10,Roberta Greco,Abituale,Calabria,3,29,Da 18 a 29
3235,Crotone,KR,88900,Donna,1965-02-19,Angela Rizzo,Occasionale,Calabria,3,60,Da 50 a 64
3236,Trieste,TS,34100,Donna,1973-12-25,Rosa Pellegrino,Occasionale,Friuli-Venezia Giulia,1,51,Da 50 a 64
3237,Cesena,FC,47521,Uomo,1960-09-23,Domenico Martini,Abituale,Emilia-Romagna,1,64,Da 50 a 64
3238,Busto Arsizio,VA,21052,Donna,1982-09-19,Laura Bianco,Occasionale,Lombardia,1,42,Da 40 a 49
3239,Macerata,MC,62100,Donna,1970-02-24,Cristina Conti,Abituale,Marche,1,55,Da 50 a 64
3240,Pesaro,PU,61100,Donna,1986-12-29,Federica Villa,Occasionale,Marche,1,38,Da 30 a 39
3241,Cesena,FC,47521,Uomo,1964-04-21,Pietro Messina,Abituale,Emilia-Romagna,1,61,Da 50 a 64
3242,Cagliari,CA,09100,Donna,1960-04-17,Claudia Conte,Occasionale,Sardegna,3,65,Oltre 64
3243,Vicenza,VI,36100,Uomo,1970-08-20,Domenico Colombo,Abituale,Veneto,1,54,Da 50 a 64
3244,Vercelli,VC,13100,Uomo,1970-08-16,Fabio Pagano,Occasionale,Piemonte,1,54,Da 50 a 64
3245,Pordenone,PN,33170,Donna,1980-12-16,Concetta Sorrentino,Occasionale,Friuli-Venezia Giulia,1,44,Da 40 a 49
3246,Bergamo,BG,24100,Donna,1999-09-07,Elisabetta Giuliani,Abituale,Lombardia,1,25,Da 18 a 29
3247,Pordenone,PN,33170,Donna,1996-08-18,Teresa Fiore,Abituale,Friuli-Venezia Giulia,1,28,Da 18 a 29
3248,Terni,TR,05100,Uomo,1981-04-12,Leonardo Rossi,Abituale,Umbria,1,44,Da 40 a 49
3249,Teramo,TE,64100,Uomo,1950-10-25,Riccardo Ferraro,Abituale,Abruzzo,2,74,Oltre 64
3250,Asti,AT,14100,Uomo,1993-03-03,Massimo Ferrari,Abituale,Piemonte,1,32,Da 30 a 39
3251,Modena,MO,41100,Donna,1979-03-15,Laura Gentile,Occasionale,Emilia-Romagna,1,46,Da 40 a 49
3252,Bari,BA,70100,Donna,1962-09-12,Rosa Rinaldi,Abituale,Puglia,2,62,Da 50 a 64
3253,Verona,VR,37100,Donna,1962-08-11,Angela Ferrara,Abituale,Veneto,1,62,Da 50 a 64
3254,Crotone,KR,88900,Donna,1969-12-19,Grazia Rizzo,Occasionale,Calabria,3,55,Da 50 a 64
3255,Torre del Greco,NA,80059,Donna,1970-02-20,Claudia Giuliani,Abituale,Campania,2,55,Da 50 a 64
3256,Trento,TN,38100,Uomo,1955-04-23,Dario Ricci,Occasionale,Trentino-Alto Adige,1,70,Oltre 64
3257,Savona,SV,17100,Uomo,1973-03-29,Maurizio De Angelis,Abituale,Liguria,1,52,Da 50 a 64
3258,Pavia,PV,27100,Uomo,1972-12-04,Antonio Palumbo,Occasionale,Lombardia,1,52,Da 50 a 64
3259,Firenze,FI,50100,Uomo,1991-01-13,Daniele Arena,Abituale,Toscana,1,34,Da 30 a 39
3260,Pescara,PE,65100,Donna,1951-02-05,Angela Sala,Occasionale,Abruzzo,2,74,Oltre 64
3261,Brindisi,BR,72100,Donna,1975-04-27,Maria Pellegrini,Abituale,Puglia,2,50,Da 50 a 64
3262,Reggio Emilia,RE,42100,Donna,1957-09-12,Silvia Amato,Abituale,Emilia-Romagna,1,67,Oltre 64
3263,Vercelli,VC,13100,Uomo,1997-03-17,Roberto De Angelis,Abituale,Piemonte,1,28,Da 18 a 29
3264,Cesena,FC,47521,Donna,1965-10-18,Alessandra Santoro,Abituale,Emilia-Romagna,1,59,Da 50 a 64
3265,Trieste,TS,34100,Donna,1997-11-06,Sofia Bernardi,Abituale,Friuli-Venezia Giulia,1,27,Da 18 a 29
3266,Sassari,SS,07100,Donna,1988-10-28,Elena Mazza,Occasionale,Sardegna,3,36,Da 30 a 39
3267,Asti,AT,14100,Uomo,1984-10-16,Andrea Lombardi,Occasionale,Piemonte,1,40,Da 40 a 49
3268,Crotone,KR,88900,Donna,1978-05-19,Elisabetta Barone,Abituale,Calabria,3,46,Da 40 a 49
3269,Vicenza,VI,36100,Donna,1993-03-17,Elisabetta Caruso,Occasionale,Veneto,1,32,Da 30 a 39
3270,Foggia,FG,71100,Donna,1975-06-01,Federica Parisi,Abituale,Puglia,2,49,Da 40 a 49
3271,Alessandria,AL,15100,Uomo,1998-07-11,Sergio Donati,Abituale,Piemonte,1,26,Da 18 a 29
3272,Imperia,IM,18100,Donna,1998-11-16,Anna Gatti,Abituale,Liguria,1,26,Da 18 a 29
3273,Campobasso,CB,86100,Donna,1960-05-09,Claudia Romeo,Abituale,Molise,2,64,Da 50 a 64
3274,Pescara,PE,65100,Donna,1977-01-15,Stefania Marini,Abituale,Abruzzo,2,48,Da 40 a 49
3275,Treviso,TV,31100,Uomo,1990-09-09,Carmelo Mancini,Occasionale,Veneto,1,34,Da 30 a 39
3276,Trapani,TP,91100,Donna,1982-08-18,Alessandra Fontana,Abituale,Sicilia,3,42,Da 40 a 49
3277,Rieti,RI,02100,Uomo,1989-01-01,Leonardo Ferretti,Occasionale,Lazio,1,36,Da 30 a 39
3278,Barletta,BT,76121,Donna,1956-12-25,Monica Ferrero,Occasionale,Puglia,2,68,Oltre 64
3279,Crotone,KR,88900,Donna,1966-07-26,Monica Ferretti,Abituale,Calabria,3,58,Da 50 a 64
3280,Reggio Calabria,RC,89100,Donna,1979-05-16,Elisa Marino,Abituale,Calabria,3,45,Da 40 a 49
3281,Venezia,VE,30100,Uomo,1978-01-19,Franco Marini,Occasionale,Veneto,1,47,Da 40 a 49
3282,Belluno,BL,32100,Uomo,1972-07-30,Antonio Sala,Occasionale,Veneto,1,52,Da 50 a 64
3283,Pistoia,PT,51100,Donna,1968-08-02,Paola Arena,Abituale,Toscana,1,56,Da 50 a 64
3284,Catania,CT,95100,Donna,1969-08-10,Laura Farina,Abituale,Sicilia,3,55,Da 50 a 64
3285,Siena,SI,53100,Uomo,1957-08-17,Vincenzo Gatti,Abituale,Toscana,1,67,Oltre 64
3286,Milano,MI,20100,Donna,1962-06-05,Lucia Vitale,Occasionale,Lombardia,1,62,Da 50 a 64
3287,Roma,RM,00100,Donna,1976-01-12,Anna Gatti,Abituale,Lazio,1,49,Da 40 a 49
3288,Pavia,PV,27100,Uomo,1976-02-08,Alessandro Martini,Abituale,Lombardia,1,49,Da 40 a 49
3289,Isernia,IS,86170,Donna,1982-10-14,Ilaria Vitale,Abituale,Molise,2,42,Da 40 a 49
3290,Perugia,PG,06100,Donna,1958-11-10,Caterina De Luca,Abituale,Umbria,1,66,Oltre 64
3291,Gorizia,GO,34170,Donna,1984-12-18,Rita Gentile,Abituale,Friuli-Venezia Giulia,1,40,Da 40 a 49
3292,Frosinone,FR,03100,Uomo,1977-01-19,Michele Morelli,Abituale,Lazio,1,48,Da 40 a 49
3293,Torre del Greco,NA,80059,Uomo,1955-07-06,Antonio Pellegrini,Abituale,Campania,2,69,Oltre 64
3294,Teramo,TE,64100,Donna,1967-07-03,Angela Caputo,Abituale,Abruzzo,2,57,Da 50 a 64
3295,Siracusa,SR,96100,Donna,1957-04-18,Stefania Bianchi,Occasionale,Sicilia,3,68,Oltre 64
3296,Caltanissetta,CL,93100,Uomo,1971-12-19,Giuseppe Romano,Abituale,Sicilia,3,53,Da 50 a 64
3297,Teramo,TE,64100,Donna,1955-05-10,Caterina Gentile,Abituale,Abruzzo,2,69,Oltre 64
3298,Rimini,RN,47900,Donna,1954-12-17,Sofia Cattaneo,Abituale,Emilia-Romagna,1,70,Oltre 64
3299,Roma,RM,00100,Uomo,1958-04-20,Giuseppe Vitale,Abituale,Lazio,1,67,Oltre 64
3300,Padova,PD,35100,Uomo,1979-04-17,Giuseppe Barbieri,Occasionale,Veneto,1,46,Da 40 a 49
3301,Milano,MI,20100,Donna,1982-06-06,Carmela Parisi,Abituale,Lombardia,1,42,Da 40 a 49
3302,Parma,PR,43100,Donna,1987-07-25,Grazia De Luca,Abituale,Emilia-Romagna,1,37,Da 30 a 39
3303,Reggio Emilia,RE,42100,Uomo,1970-03-22,Massimo Basile,Abituale,Emilia-Romagna,1,55,Da 50 a 64
3304,Palermo,PA,90100,Uomo,1985-12-05,Carmelo Bernardi,Abituale,Sicilia,3,39,Da 30 a 39
3305,Giugliano in Campania,NA,80014,Donna,1964-06-25,Lucia Martinelli,Abituale,Campania,2,60,Da 50 a 64
3306,Cagliari,CA,09100,Uomo,1977-11-05,Sergio Rinaldi,Abituale,Sardegna,3,47,Da 40 a 49
3307,Andria,BT,76123,Donna,1987-02-06,Maria Carli,Occasionale,Puglia,2,38,Da 30 a 39
3308,Vicenza,VI,36100,Uomo,1986-10-30,Giuseppe Pellegrini,Abituale,Veneto,1,38,Da 30 a 39
3309,Roma,RM,00100,Uomo,1968-08-07,Federico Ruggiero,Occasionale,Lazio,1,56,Da 50 a 64
3310,Reggio Emilia,RE,42100,Donna,1999-01-30,Ilaria Carbone,Abituale,Emilia-Romagna,1,26,Da 18 a 29
3311,Alessandria,AL,15100,Donna,1961-12-13,Claudia Bruno,Abituale,Piemonte,1,63,Da 50 a 64
3312,Marsala,TP,91025,Donna,1979-08-30,Sara Martini,Occasionale,Sicilia,3,45,Da 40 a 49
3313,Torre del Greco,NA,80059,Uomo,1984-11-22,Carmelo Ferrara,Abituale,Campania,2,40,Da 40 a 49
3314,Roma,RM,00100,Donna,1992-08-03,Angela Galli,Occasionale,Lazio,1,32,Da 30 a 39
3315,Macerata,MC,62100,Donna,1996-12-06,Rita Costa,Abituale,Marche,1,28,Da 18 a 29
3316,Catanzaro,CZ,88100,Uomo,1980-10-08,Antonio Ruggiero,Abituale,Calabria,3,44,Da 40 a 49
3317,Catania,CT,95100,Donna,1982-04-28,Elena Lombardi,Abituale,Sicilia,3,42,Da 40 a 49
3318,Reggio Calabria,RC,89100,Uomo,1976-04-05,Alberto Ferrari,Abituale,Calabria,3,49,Da 40 a 49
3319,Caserta,CE,81100,Donna,1966-06-21,Giuseppina Ferrara,Abituale,Campania,2,58,Da 50 a 64
3320,La Spezia,SP,19100,Uomo,1995-12-12,Michele Moretti,Abituale,Liguria,1,29,Da 18 a 29
3321,Torino,TO,10100,Uomo,1962-11-10,Vincenzo Romeo,Abituale,Piemonte,1,62,Da 50 a 64
3322,Belluno,BL,32100,Donna,1982-03-19,Sofia Gatti,Abituale,Veneto,1,43,Da 40 a 49
3323,Andria,BT,76123,Donna,1966-12-19,Alessandra Romano,Occasionale,Puglia,2,58,Da 50 a 64
3324,Torre del Greco,NA,80059,Donna,1970-10-31,Valeria Valentini,Abituale,Campania,2,54,Da 50 a 64
3325,Treviso,TV,31100,Donna,1966-11-11,Roberta Caruso,Occasionale,Veneto,1,58,Da 50 a 64
3326,Reggio Emilia,RE,42100,Uomo,1982-09-24,Stefano Cattaneo,Abituale,Emilia-Romagna,1,42,Da 40 a 49
3327,Pistoia,PT,51100,Donna,1974-06-24,Giulia Ferretti,Occasionale,Toscana,1,50,Da 50 a 64
3328,Alessandria,AL,15100,Donna,1966-08-23,Patrizia Marino,Occasionale,Piemonte,1,58,Da 50 a 64
3329,Milano,MI,20100,Uomo,2000-12-18,Alberto Marchetti,Abituale,Lombardia,1,24,Da 18 a 29
3330,Pisa,PI,56100,Donna,1962-02-14,Alessandra D'Amico,Abituale,Toscana,1,63,Da 50 a 64
3331,Napoli,NA,80100,Donna,1985-10-23,Rita Bruno,Abituale,Campania,2,39,Da 30 a 39
3332,Rieti,RI,02100,Donna,1992-04-15,Caterina Conte,Abituale,Lazio,1,33,Da 30 a 39
3333,Verona,VR,37100,Donna,1951-11-09,Giulia Grasso,Abituale,Veneto,1,73,Oltre 64
3334,Alessandria,AL,15100,Uomo,1984-03-14,Roberto Gatti,Abituale,Piemonte,1,41,Da 40 a 49
3335,Andria,BT,76123,Uomo,1992-05-19,Pietro Monti,Abituale,Puglia,2,32,Da 30 a 39
3336,Cuneo,CN,12100,Uomo,1959-12-24,Michele Monti,Abituale,Piemonte,1,65,Oltre 64
3337,Terni,TR,05100,Donna,1954-06-25,Claudia Coppola,Abituale,Umbria,1,70,Oltre 64
3338,Modena,MO,41100,Donna,1955-01-12,Giorgia Carli,Occasionale,Emilia-Romagna,1,70,Oltre 64
3339,Andria,BT,76123,Donna,1955-01-24,Simona Messina,Abituale,Puglia,2,70,Oltre 64
3340,Frosinone,FR,03100,Donna,1974-10-20,Chiara Pagano,Occasionale,Lazio,1,50,Da 50 a 64
3341,Torino,TO,10100,Uomo,1961-01-09,Domenico Sanna,Abituale,Piemonte,1,64,Da 50 a 64
3342,Terni,TR,05100,Donna,1960-09-17,Elena Barone,Abituale,Umbria,1,64,Da 50 a 64
3343,Lecce,LE,73100,Donna,1979-08-20,Valentina Fiore,Abituale,Puglia,2,45,Da 40 a 49
3344,Cesena,FC,47521,Uomo,1957-06-08,Claudio Ferrero,Abituale,Emilia-Romagna,1,67,Oltre 64
3345,Sassari,SS,07100,Donna,1974-07-09,Maria Gatti,Abituale,Sardegna,3,50,Da 50 a 64
3346,Milano,MI,20100,Uomo,1985-06-05,Nicola Testa,Occasionale,Lombardia,1,39,Da 30 a 39
3347,Reggio Emilia,RE,42100,Donna,1975-11-25,Concetta Gatti,Occasionale,Emilia-Romagna,1,49,Da 40 a 49
3348,Treviso,TV,31100,Donna,1966-05-23,Alessandra Gentile,Abituale,Veneto,1,58,Da 50 a 64
3349,Reggio Calabria,RC,89100,Uomo,1974-04-05,Leonardo Giuliani,Occasionale,Calabria,3,51,Da 50 a 64
3350,Roma,RM,00100,Uomo,1984-02-08,Fabio Lombardo,Abituale,Lazio,1,41,Da 40 a 49
3351,Taranto,TA,74100,Donna,1987-11-05,Alessandra Bianco,Abituale,Puglia,2,37,Da 30 a 39
3352,Ragusa,RG,97100,Uomo,1977-10-01,Maurizio Pagano,Abituale,Sicilia,3,47,Da 40 a 49
3353,Lodi,LO,26900,Donna,1967-10-16,Stefania Messina,Occasionale,Lombardia,1,57,Da 50 a 64
3354,Caltanissetta,CL,93100,Donna,1950-07-18,Ilaria Villa,Abituale,Sicilia,3,74,Oltre 64
3355,Busto Arsizio,VA,21052,Uomo,1951-05-03,Bruno Serra,Abituale,Lombardia,1,73,Oltre 64
3356,Agrigento,AG,92100,Donna,1970-11-08,Ilaria Benedetti,Occasionale,Sicilia,3,54,Da 50 a 64
3357,Campobasso,CB,86100,Uomo,1955-04-11,Domenico Guerra,Abituale,Molise,2,70,Oltre 64
3358,Sassari,SS,07100,Donna,2000-07-12,Maria Sala,Abituale,Sardegna,3,24,Da 18 a 29
3359,Perugia,PG,06100,Donna,1957-02-23,Caterina Russo,Occasionale,Umbria,1,68,Oltre 64
3360,Savona,SV,17100,Donna,1984-07-17,Francesca Grasso,Occasionale,Liguria,1,40,Da 40 a 49
3361,Asti,AT,14100,Uomo,1980-06-19,Domenico D'Angelo,Abituale,Piemonte,1,44,Da 40 a 49
3362,Asti,AT,14100,Uomo,1956-02-20,Marco Gatti,Occasionale,Piemonte,1,69,Oltre 64
3363,Gorizia,GO,34170,Donna,1963-04-21,Elisabetta Moretti,Abituale,Friuli-Venezia Giulia,1,62,Da 50 a 64
3364,Fermo,FM,63900,Uomo,1966-07-07,Domenico Ferretti,Occasionale,Marche,1,58,Da 50 a 64
3365,Asti,AT,14100,Donna,1997-01-17,Francesca Piras,Abituale,Piemonte,1,28,Da 18 a 29
3366,Biella,BI,13900,Uomo,1969-10-06,Antonio Marini,Occasionale,Piemonte,1,55,Da 50 a 64
3367,Brindisi,BR,72100,Donna,1956-06-11,Antonella Franco,Abituale,Puglia,2,68,Oltre 64
3368,Verona,VR,37100,Uomo,2000-06-14,Luigi D'Amico,Abituale,Veneto,1,24,Da 18 a 29
3369,Siracusa,SR,96100,Donna,1984-12-30,Chiara Carbone,Occasionale,Sicilia,3,40,Da 40 a 49
3370,Catanzaro,CZ,88100,Donna,1977-09-19,Sofia Morelli,Abituale,Calabria,3,47,Da 40 a 49
3371,Lodi,LO,26900,Donna,1976-05-02,Giovanna De Santis,Abituale,Lombardia,1,48,Da 40 a 49
3372,Frosinone,FR,03100,Donna,1978-08-17,Rosa Barone,Abituale,Lazio,1,46,Da 40 a 49
3373,Bari,BA,70100,Donna,1971-05-21,Carmela Ricci,Occasionale,Puglia,2,53,Da 50 a 64
3374,Isernia,IS,86170,Uomo,1973-07-26,Carmelo Bianchi,Abituale,Molise,2,51,Da 50 a 64
3375,Macerata,MC,62100,Uomo,1959-04-02,Michele Silvestri,Abituale,Marche,1,66,Oltre 64
3376,Giugliano in Campania,NA,80014,Uomo,1952-03-21,Fabio Sorrentino,Occasionale,Campania,2,73,Oltre 64
3377,Andria,BT,76123,Donna,1951-07-29,Paola Fabbri,Abituale,Puglia,2,73,Oltre 64
3378,Bologna,BO,40100,Donna,1970-08-13,Concetta Basile,Abituale,Emilia-Romagna,1,54,Da 50 a 64
3379,Cosenza,CS,87100,Donna,1987-09-27,Francesca Ferretti,Abituale,Calabria,3,37,Da 30 a 39
3380,Perugia,PG,06100,Uomo,1998-05-04,Davide Grasso,Abituale,Umbria,1,26,Da 18 a 29
3381,Terni,TR,05100,Donna,1983-11-10,Federica Romeo,Abituale,Umbria,1,41,Da 40 a 49
3382,Ferrara,FE,44100,Uomo,1956-01-18,Alberto Mariani,Abituale,Emilia-Romagna,1,69,Oltre 64
3383,Barletta,BT,76121,Donna,1985-03-19,Federica Longo,Occasionale,Puglia,2,40,Da 40 a 49
3384,Frosinone,FR,03100,Uomo,2000-04-27,Enzo Valentini,Occasionale,Lazio,1,25,Da 18 a 29
3385,Sesto San Giovanni,MI,20099,Uomo,1951-04-01,Daniele Arena,Abituale,Lombardia,1,74,Oltre 64
3386,Pesaro,PU,61100,Uomo,1950-06-09,Vincenzo Carli,Occasionale,Marche,1,74,Oltre 64
3387,Isernia,IS,86170,Donna,1985-03-08,Giulia Rizzi,Abituale,Molise,2,40,Da 40 a 49
3388,Gela,CL,93012,Uomo,1962-10-17,Luca Mariani,Occasionale,Sicilia,3,62,Da 50 a 64
3389,Venezia,VE,30100,Donna,1992-01-05,Claudia Barone,Abituale,Veneto,1,33,Da 30 a 39
3390,Matera,MT,75100,Donna,1976-12-11,Rita Pellegrini,Occasionale,Basilicata,3,48,Da 40 a 49
3391,Milano,MI,20100,Uomo,1971-10-23,Angelo D'Agostino,Abituale,Lombardia,1,53,Da 50 a 64
3392,Latina,LT,04100,Uomo,1991-05-24,Enzo Russo,Abituale,Lazio,1,33,Da 30 a 39
3393,Rimini,RN,47900,Donna,1962-03-28,Claudia Santoro,Abituale,Emilia-Romagna,1,63,Da 50 a 64
3394,Lodi,LO,26900,Uomo,1992-12-25,Luca Ferri,Occasionale,Lombardia,1,32,Da 30 a 39
3395,Livorno,LI,57100,Uomo,1971-11-30,Claudio Marini,Abituale,Toscana,1,53,Da 50 a 64
3396,Como,CO,22100,Uomo,1985-12-04,Giuseppe Guerra,Abituale,Lombardia,1,39,Da 30 a 39
3397,Vibo Valentia,VV,89900,Donna,1969-12-07,Elisabetta Lombardo,Occasionale,Calabria,3,55,Da 50 a 64
3398,Pisa,PI,56100,Donna,1982-09-13,Maria Bruno,Abituale,Toscana,1,42,Da 40 a 49
3399,Verona,VR,37100,Donna,1997-03-29,Rosa Bellini,Abituale,Veneto,1,28,Da 18 a 29
3400,Belluno,BL,32100,Donna,1976-02-06,Giulia Esposito,Occasionale,Veneto,1,49,Da 40 a 49
3401,Brindisi,BR,72100,Uomo,1985-04-04,Luigi Russo,Occasionale,Puglia,2,40,Da 40 a 49
3402,Firenze,FI,50100,Uomo,1992-11-20,Paolo Greco,Abituale,Toscana,1,32,Da 30 a 39
3403,Taranto,TA,74100,Uomo,1954-09-03,Franco Caruso,Abituale,Puglia,2,70,Oltre 64
3404,Pisa,PI,56100,Donna,1966-04-03,Valeria Marini,Abituale,Toscana,1,59,Da 50 a 64
3405,Padova,PD,35100,Donna,1977-01-13,Sofia Rizzi,Abituale,Veneto,1,48,Da 40 a 49
3406,Crotone,KR,88900,Donna,1971-02-09,Carmela Fabbri,Occasionale,Calabria,3,54,Da 50 a 64
3407,Vicenza,VI,36100,Uomo,1974-02-12,Maurizio Martini,Abituale,Veneto,1,51,Da 50 a 64
3408,Cuneo,CN,12100,Uomo,1965-09-13,Angelo Gallo,Abituale,Piemonte,1,59,Da 50 a 64
3409,Vercelli,VC,13100,Uomo,1957-04-03,Francesco Parisi,Abituale,Piemonte,1,68,Oltre 64
3410,Terni,TR,05100,Donna,1978-04-29,Giorgia Rossetti,Abituale,Umbria,1,46,Da 40 a 49
3411,Genova,GE,16100,Donna,1974-08-25,Monica Rossetti,Abituale,Liguria,1,50,Da 50 a 64
3412,Caserta,CE,81100,Donna,1950-01-22,Laura Sorrentino,Occasionale,Campania,2,75,Oltre 64
3413,Reggio Emilia,RE,42100,Donna,1983-03-22,Patrizia Gatti,Abituale,Emilia-Romagna,1,42,Da 40 a 49
3414,Vicenza,VI,36100,Donna,1973-11-19,Laura Caruso,Abituale,Veneto,1,51,Da 50 a 64
3415,Ancona,AN,60100,Donna,1968-09-23,Silvia Romano,Abituale,Marche,1,56,Da 50 a 64
3416,Cosenza,CS,87100,Donna,1962-03-13,Elisa Vitale,Occasionale,Calabria,3,63,Da 50 a 64
3417,Cremona,CR,26100,Donna,2000-12-10,Elisa D'Angelo,Abituale,Lombardia,1,24,Da 18 a 29
3418,Rimini,RN,47900,Donna,1960-11-26,Laura Barbieri,Occasionale,Emilia-Romagna,1,64,Da 50 a 64
3419,Marsala,TP,91025,Uomo,1972-08-21,Alessandro Barone,Occasionale,Sicilia,3,52,Da 50 a 64
3420,Livorno,LI,57100,Uomo,1964-12-08,Antonio Fontana,Abituale,Toscana,1,60,Da 50 a 64
3421,Bolzano,BZ,39100,Donna,1993-08-25,Federica Serra,Abituale,Trentino-Alto Adige,1,31,Da 30 a 39
3422,Barletta,BT,76121,Donna,1961-01-29,Teresa Grassi,Abituale,Puglia,2,64,Da 50 a 64
3423,Nuoro,NU,08100,Uomo,1995-09-13,Vincenzo Caputo,Abituale,Sardegna,3,29,Da 18 a 29
3424,Trieste,TS,34100,Donna,1998-02-25,Claudia De Rosa,Occasionale,Friuli-Venezia Giulia,1,27,Da 18 a 29
3425,Treviso,TV,31100,Donna,1980-06-25,Elisa Ferretti,Abituale,Veneto,1,44,Da 40 a 49
3426,Caltanissetta,CL,93100,Uomo,1996-09-28,Alberto Orlando,Abituale,Sicilia,3,28,Da 18 a 29
3427,Salerno,SA,84100,Donna,1961-03-09,Elena Bianchi,Abituale,Campania,2,64,Da 50 a 64
3428,Oristano,OR,09170,Uomo,1991-05-07,Domenico Caruso,Abituale,Sardegna,3,33,Da 30 a 39
3429,Trieste,TS,34100,Uomo,1987-02-14,Luigi Villa,Occasionale,Friuli-Venezia Giulia,1,38,Da 30 a 39
3430,Frosinone,FR,03100,Donna,1989-10-31,Patrizia Silvestri,Occasionale,Lazio,1,35,Da 30 a 39
3431,Reggio Emilia,RE,42100,Donna,1985-09-22,Valentina Gatti,Occasionale,Emilia-Romagna,1,39,Da 30 a 39
3432,Bari,BA,70100,Uomo,1984-08-16,Pietro Romeo,Abituale,Puglia,2,40,Da 40 a 49
3433,Giugliano in Campania,NA,80014,Uomo,1982-06-13,Enzo Caputo,Abituale,Campania,2,42,Da 40 a 49
3434,Parma,PR,43100,Uomo,1999-11-21,Maurizio Lombardi,Abituale,Emilia-Romagna,1,25,Da 18 a 29
3435,Brescia,BS,25100,Uomo,1996-05-15,Nicola Bianchi,Occasionale,Lombardia,1,28,Da 18 a 29
3436,Genova,GE,16100,Donna,1978-03-16,Concetta Pellegrini,Abituale,Liguria,1,47,Da 40 a 49
3437,Firenze,FI,50100,Donna,1991-10-21,Giorgia Sala,Occasionale,Toscana,1,33,Da 30 a 39
3438,Crotone,KR,88900,Uomo,1969-05-09,Enzo Testa,Abituale,Calabria,3,55,Da 50 a 64
3439,Napoli,NA,80100,Uomo,1961-03-11,Franco Rizzi,Occasionale,Campania,2,64,Da 50 a 64
3440,Terni,TR,05100,Donna,1972-03-12,Roberta Benedetti,Occasionale,Umbria,1,53,Da 50 a 64
3441,Potenza,PZ,85100,Donna,2000-03-11,Lucia Ricci,Abituale,Basilicata,3,25,Da 18 a 29
3442,Ragusa,RG,97100,Uomo,1989-03-09,Stefano Fiore,Abituale,Sicilia,3,36,Da 30 a 39
3443,Taranto,TA,74100,Uomo,1998-04-22,Dario Caruso,Abituale,Puglia,2,27,Da 18 a 29
3444,Mantova,MN,46100,Uomo,1956-06-24,Nicola De Luca,Abituale,Lombardia,1,68,Oltre 64
3445,Ravenna,RA,48100,Uomo,1955-03-14,Giuseppe Gatti,Abituale,Emilia-Romagna,1,70,Oltre 64
3446,Forlì,FC,47121,Donna,1987-01-16,Giovanna Benedetti,Abituale,Emilia-Romagna,1,38,Da 30 a 39
3447,Catanzaro,CZ,88100,Donna,1976-02-02,Stefania Messina,Occasionale,Calabria,3,49,Da 40 a 49
3448,La Spezia,SP,19100,Donna,1995-05-19,Simona Sorrentino,Occasionale,Liguria,1,29,Da 18 a 29
3449,Gorizia,GO,34170,Donna,1983-08-27,Giorgia Costa,Occasionale,Friuli-Venezia Giulia,1,41,Da 40 a 49
3450,Caserta,CE,81100,Uomo,1969-05-30,Antonio Carbone,Occasionale,Campania,2,55,Da 50 a 64
3451,Sondrio,SO,23100,Uomo,1978-10-02,Mario Franco,Abituale,Lombardia,1,46,Da 40 a 49
3452,La Spezia,SP,19100,Donna,1999-12-19,Antonella Giordano,Abituale,Liguria,1,25,Da 18 a 29
3453,Verbania,VB,28921,Donna,1965-02-22,Giuseppina Guerra,Abituale,Piemonte,1,60,Da 50 a 64
3454,Sassari,SS,07100,Donna,1977-03-27,Sofia Villa,Occasionale,Sardegna,3,48,Da 40 a 49
3455,Agrigento,AG,92100,Donna,1961-10-23,Lucia Bellini,Occasionale,Sicilia,3,63,Da 50 a 64
3456,Catanzaro,CZ,88100,Uomo,1962-09-20,Michele Marini,Abituale,Calabria,3,62,Da 50 a 64
3457,Giugliano in Campania,NA,80014,Donna,1962-07-13,Valeria Carli,Abituale,Campania,2,62,Da 50 a 64
3458,Pordenone,PN,33170,Uomo,1953-11-29,Daniele Donati,Occasionale,Friuli-Venezia Giulia,1,71,Oltre 64
3459,Verbania,VB,28921,Donna,1982-09-22,Margherita De Luca,Abituale,Piemonte,1,42,Da 40 a 49
3460,Lucca,LU,55100,Donna,1964-07-26,Giovanna Valentini,Occasionale,Toscana,1,60,Da 50 a 64
3461,Aosta,AO,11100,Uomo,1951-08-30,Massimo De Santis,Abituale,Valle d'Aosta,1,73,Oltre 64
3462,Vicenza,VI,36100,Uomo,1985-12-11,Pietro Mazza,Occasionale,Veneto,1,39,Da 30 a 39
3463,Latina,LT,04100,Donna,1996-03-28,Grazia D'Agostino,Occasionale,Lazio,1,29,Da 18 a 29
3464,Marsala,TP,91025,Donna,2000-02-18,Monica Bianco,Abituale,Sicilia,3,25,Da 18 a 29
3465,Aosta,AO,11100,Uomo,1962-07-22,Maurizio De Angelis,Abituale,Valle d'Aosta,1,62,Da 50 a 64
3466,Treviso,TV,31100,Uomo,1959-01-22,Maurizio Ferri,Occasionale,Veneto,1,66,Oltre 64
3467,Pistoia,PT,51100,Donna,1983-04-14,Stefania Romeo,Abituale,Toscana,1,42,Da 40 a 49
3468,Bologna,BO,40100,Donna,1985-10-10,Giovanna Colombo,Abituale,Emilia-Romagna,1,39,Da 30 a 39
3469,Giugliano in Campania,NA,80014,Uomo,1998-06-13,Daniele Lombardi,Abituale,Campania,2,26,Da 18 a 29
3470,Matera,MT,75100,Uomo,1970-10-07,Antonio Ferri,Occasionale,Basilicata,3,54,Da 50 a 64
3471,Cesena,FC,47521,Uomo,1994-02-10,Federico Grasso,Abituale,Emilia-Romagna,1,31,Da 30 a 39
3472,Piacenza,PC,29100,Uomo,1998-02-02,Alessandro Sorrentino,Occasionale,Emilia-Romagna,1,27,Da 18 a 29
3473,Arezzo,AR,52100,Uomo,1964-02-05,Michele Fontana,Occasionale,Toscana,1,61,Da 50 a 64
3474,Forlì,FC,47121,Donna,1976-10-01,Margherita Benedetti,Occasionale,Emilia-Romagna,1,48,Da 40 a 49
3475,Pistoia,PT,51100,Uomo,1968-03-19,Enzo Bruno,Occasionale,Toscana,1,57,Da 50 a 64
3476,Roma,RM,00100,Donna,1978-02-23,Teresa Mariani,Abituale,Lazio,1,47,Da 40 a 49
3477,Marsala,TP,91025,Uomo,1986-04-01,Daniele Fontana,Occasionale,Sicilia,3,39,Da 30 a 39
3478,Ancona,AN,60100,Donna,1968-03-13,Sara Grasso,Occasionale,Marche,1,57,Da 50 a 64
3479,Prato,PO,59100,Uomo,1951-06-28,Roberto Grasso,Abituale,Toscana,1,73,Oltre 64
3480,L'Aquila,AQ,67100,Donna,1957-07-12,Sofia Barone,Abituale,Abruzzo,2,67,Oltre 64
3481,Prato,PO,59100,Uomo,1990-07-02,Michele Bruno,Abituale,Toscana,1,34,Da 30 a 39
3482,Rimini,RN,47900,Uomo,1967-09-13,Antonio Leone,Abituale,Emilia-Romagna,1,57,Da 50 a 64
3483,Crotone,KR,88900,Donna,1982-10-09,Teresa Santoro,Abituale,Calabria,3,42,Da 40 a 49
3484,Chieti,CH,66100,Donna,1995-05-26,Margherita Bianchi,Abituale,Abruzzo,2,29,Da 18 a 29
3485,Piacenza,PC,29100,Donna,2000-04-04,Patrizia Pellegrino,Abituale,Emilia-Romagna,1,25,Da 18 a 29
3486,Caltanissetta,CL,93100,Uomo,1983-04-12,Stefano Martinelli,Abituale,Sicilia,3,42,Da 40 a 49
3487,Crotone,KR,88900,Donna,1997-04-06,Anna Grassi,Abituale,Calabria,3,28,Da 18 a 29
3488,Reggio Emilia,RE,42100,Uomo,1989-07-14,Antonio Giuliani,Abituale,Emilia-Romagna,1,35,Da 30 a 39
3489,Messina,ME,98100,Donna,1992-08-04,Margherita Costa,Occasionale,Sicilia,3,32,Da 30 a 39
3490,Roma,RM,00100,Donna,1993-11-13,Laura Silvestri,Abituale,Lazio,1,31,Da 30 a 39
3491,Enna,EN,94100,Uomo,1979-10-01,Claudio Esposito,Occasionale,Sicilia,3,45,Da 40 a 49
3492,Ravenna,RA,48100,Uomo,1954-08-26,Massimo Carbone,Abituale,Emilia-Romagna,1,70,Oltre 64
3493,Brindisi,BR,72100,Donna,1982-06-04,Alessandra Testa,Abituale,Puglia,2,42,Da 40 a 49
3494,Sassari,SS,07100,Donna,1950-01-05,Anna Sorrentino,Abituale,Sardegna,3,75,Oltre 64
3495,Roma,RM,00100,Uomo,1955-12-30,Maurizio Ferretti,Abituale,Lazio,1,69,Oltre 64
3496,Caltanissetta,CL,93100,Uomo,1956-02-24,Federico Testa,Abituale,Sicilia,3,69,Oltre 64
3497,Roma,RM,00100,Uomo,1972-04-23,Giuseppe Gatti,Abituale,Lazio,1,53,Da 50 a 64
3498,Arezzo,AR,52100,Uomo,1999-12-04,Davide Grassi,Abituale,Toscana,1,25,Da 18 a 29
3499,Messina,ME,98100,Uomo,1973-11-06,Antonio Grassi,Abituale,Sicilia,3,51,Da 50 a 64
3500,Ascoli Piceno,AP,63100,Uomo,1988-08-05,Claudio Franco,Occasionale,Marche,1,36,Da 30 a 39
3501,Reggio Calabria,RC,89100,Donna,1966-03-30,Giovanna Santoro,Abituale,Calabria,3,59,Da 50 a 64
3502,Pescara,PE,65100,Uomo,1978-04-16,Sergio Fiore,Abituale,Abruzzo,2,47,Da 40 a 49
3503,Palermo,PA,90100,Donna,1970-05-04,Grazia Pellegrini,Abituale,Sicilia,3,54,Da 50 a 64
3504,Andria,BT,76123,Donna,1965-05-09,Anna Morelli,Abituale,Puglia,2,59,Da 50 a 64
3505,Biella,BI,13900,Donna,1999-02-06,Concetta Romeo,Occasionale,Piemonte,1,26,Da 18 a 29
3506,Fermo,FM,63900,Donna,1963-11-28,Federica Barbieri,Abituale,Marche,1,61,Da 50 a 64
3507,Vibo Valentia,VV,89900,Uomo,1976-04-02,Giorgio Grassi,Abituale,Calabria,3,49,Da 40 a 49
3508,Giugliano in Campania,NA,80014,Uomo,1986-10-08,Maurizio De Rosa,Abituale,Campania,2,38,Da 30 a 39
3509,Belluno,BL,32100,Uomo,1956-03-25,Stefano Fontana,Abituale,Veneto,1,69,Oltre 64
3510,Bergamo,BG,24100,Donna,1968-10-12,Simona Arena,Abituale,Lombardia,1,56,Da 50 a 64
3511,Aosta,AO,11100,Donna,1980-04-09,Paola Ferrari,Abituale,Valle d'Aosta,1,45,Da 40 a 49
3512,Imperia,IM,18100,Uomo,1961-07-23,Luca Basile,Abituale,Liguria,1,63,Da 50 a 64
3513,Bari,BA,70100,Uomo,1963-01-09,Carmelo Colombo,Abituale,Puglia,2,62,Da 50 a 64
3514,Trieste,TS,34100,Uomo,1979-09-19,Giovanni Rizzo,Abituale,Friuli-Venezia Giulia,1,45,Da 40 a 49
3515,Ravenna,RA,48100,Donna,2000-09-13,Elisabetta Giuliani,Occasionale,Emilia-Romagna,1,24,Da 18 a 29
3516,Siena,SI,53100,Uomo,1952-12-20,Michele Giordano,Abituale,Toscana,1,72,Oltre 64
3517,Modena,MO,41100,Donna,1955-01-30,Sara Farina,Occasionale,Emilia-Romagna,1,70,Oltre 64
3518,Frosinone,FR,03100,Uomo,1994-06-09,Pietro Romeo,Occasionale,Lazio,1,30,Da 30 a 39
3519,Oristano,OR,09170,Uomo,2000-08-24,Nicola Colombo,Abituale,Sardegna,3,24,Da 18 a 29
3520,La Spezia,SP,19100,Uomo,1957-06-10,Dario Ricci,Abituale,Liguria,1,67,Oltre 64
3521,Siracusa,SR,96100,Donna,1996-08-06,Patrizia Barbieri,Occasionale,Sicilia,3,28,Da 18 a 29
3522,Vercelli,VC,13100,Donna,1956-02-17,Valentina Bellini,Occasionale,Piemonte,1,69,Oltre 64
3523,La Spezia,SP,19100,Uomo,1960-04-17,Fabio Gentile,Abituale,Liguria,1,65,Oltre 64
3524,Aosta,AO,11100,Uomo,1976-12-19,Roberto Monti,Abituale,Valle d'Aosta,1,48,Da 40 a 49
3525,Marsala,TP,91025,Uomo,1950-12-14,Francesco Palumbo,Abituale,Sicilia,3,74,Oltre 64
3526,Rieti,RI,02100,Uomo,1979-10-10,Pasquale Carli,Abituale,Lazio,1,45,Da 40 a 49
3527,Giugliano in Campania,NA,80014,Donna,1951-09-03,Rosa Caputo,Abituale,Campania,2,73,Oltre 64
3528,Teramo,TE,64100,Donna,1959-01-15,Concetta Coppola,Abituale,Abruzzo,2,66,Oltre 64
3529,Mantova,MN,46100,Donna,1982-12-14,Giuseppina Coppola,Abituale,Lombardia,1,42,Da 40 a 49
3530,Genova,GE,16100,Uomo,1991-10-09,Maurizio Carbone,Abituale,Liguria,1,33,Da 30 a 39
3531,Alessandria,AL,15100,Donna,1996-07-11,Paola De Rosa,Abituale,Piemonte,1,28,Da 18 a 29
3532,Piacenza,PC,29100,Uomo,1950-02-14,Giovanni Rizzi,Abituale,Emilia-Romagna,1,75,Oltre 64
3533,Lecco,LC,23900,Uomo,1999-05-15,Franco Longo,Abituale,Lombardia,1,25,Da 18 a 29
3534,La Spezia,SP,19100,Donna,1988-07-10,Grazia Orlando,Abituale,Liguria,1,36,Da 30 a 39
3535,Forlì,FC,47121,Donna,1970-02-24,Carmela Greco,Occasionale,Emilia-Romagna,1,55,Da 50 a 64
3536,Marsala,TP,91025,Uomo,1982-03-08,Antonio Guerra,Abituale,Sicilia,3,43,Da 40 a 49
3537,Marsala,TP,91025,Donna,1984-08-04,Claudia Ferretti,Abituale,Sicilia,3,40,Da 40 a 49
3538,Vercelli,VC,13100,Uomo,1963-08-28,Daniele Gallo,Occasionale,Piemonte,1,61,Da 50 a 64
3539,Perugia,PG,06100,Donna,1977-03-06,Giuseppina Pagano,Abituale,Umbria,1,48,Da 40 a 49
3540,Potenza,PZ,85100,Donna,1978-11-29,Rita Barone,Occasionale,Basilicata,3,46,Da 40 a 49
3541,Chieti,CH,66100,Uomo,1966-03-05,Vincenzo Galli,Abituale,Abruzzo,2,59,Da 50 a 64
3542,Mantova,MN,46100,Uomo,1951-06-10,Mario Gatti,Abituale,Lombardia,1,73,Oltre 64
3543,Forlì,FC,47121,Donna,1953-01-21,Patrizia Grasso,Abituale,Emilia-Romagna,1,72,Oltre 64
3544,Novara,NO,28100,Uomo,1966-03-07,Federico Morelli,Occasionale,Piemonte,1,59,Da 50 a 64
3545,L'Aquila,AQ,67100,Donna,1998-05-11,Teresa Colombo,Abituale,Abruzzo,2,26,Da 18 a 29
3546,Caltanissetta,CL,93100,Uomo,1962-11-21,Leonardo Longo,Abituale,Sicilia,3,62,Da 50 a 64
3547,Agrigento,AG,92100,Donna,1992-02-12,Stefania Lombardo,Occasionale,Sicilia,3,33,Da 30 a 39
3548,Venezia,VE,30100,Donna,1992-01-21,Patrizia Rizzo,Abituale,Veneto,1,33,Da 30 a 39
3549,Torino,TO,10100,Donna,1975-02-12,Monica Benedetti,Abituale,Piemonte,1,50,Da 50 a 64
3550,La Spezia,SP,19100,Uomo,1952-06-12,Dario Gallo,Occasionale,Liguria,1,72,Oltre 64
3551,Agrigento,AG,92100,Donna,1990-03-19,Elisabetta Conti,Abituale,Sicilia,3,35,Da 30 a 39
3552,Andria,BT,76123,Donna,1955-05-01,Concetta Sala,Occasionale,Puglia,2,69,Oltre 64
3553,Bolzano,BZ,39100,Uomo,1987-07-05,Bruno Serra,Occasionale,Trentino-Alto Adige,1,37,Da 30 a 39
3554,Crotone,KR,88900,Uomo,1953-10-02,Federico Gentile,Abituale,Calabria,3,71,Oltre 64
3555,Macerata,MC,62100,Donna,1975-12-08,Giuseppina Grasso,Abituale,Marche,1,49,Da 40 a 49
3556,Sassari,SS,07100,Uomo,1986-03-07,Salvatore Mancini,Abituale,Sardegna,3,39,Da 30 a 39
3557,Novara,NO,28100,Donna,1999-12-13,Emanuela Gatti,Occasionale,Piemonte,1,25,Da 18 a 29
3558,Prato,PO,59100,Uomo,1985-11-27,Giovanni Villa,Abituale,Toscana,1,39,Da 30 a 39
3559,Firenze,FI,50100,Donna,1986-11-23,Giulia Vitale,Occasionale,Toscana,1,38,Da 30 a 39
3560,Trento,TN,38100,Uomo,1980-12-19,Domenico Basile,Occasionale,Trentino-Alto Adige,1,44,Da 40 a 49
3561,Imperia,IM,18100,Uomo,1952-02-08,Nicola Serra,Occasionale,Liguria,1,73,Oltre 64
3562,Arezzo,AR,52100,Donna,1979-12-17,Federica Mazza,Abituale,Toscana,1,45,Da 40 a 49
3563,Gela,CL,93012,Uomo,1963-12-16,Domenico Ferraro,Abituale,Sicilia,3,61,Da 50 a 64
3564,Fermo,FM,63900,Uomo,1953-05-23,Marco Giordano,Occasionale,Marche,1,71,Oltre 64
3565,Biella,BI,13900,Uomo,1966-02-09,Salvatore Rizzo,Occasionale,Piemonte,1,59,Da 50 a 64
3566,Lodi,LO,26900,Uomo,1959-01-03,Domenico Gatti,Abituale,Lombardia,1,66,Oltre 64
3567,Biella,BI,13900,Uomo,1966-02-02,Davide De Rosa,Occasionale,Piemonte,1,59,Da 50 a 64
3568,Gorizia,GO,34170,Donna,1992-09-21,Anna Franco,Occasionale,Friuli-Venezia Giulia,1,32,Da 30 a 39
3569,Marsala,TP,91025,Uomo,1962-03-12,Carlo Santoro,Occasionale,Sicilia,3,63,Da 50 a 64
3570,Sassari,SS,07100,Donna,1953-07-30,Simona Rossetti,Abituale,Sardegna,3,71,Oltre 64
3571,Enna,EN,94100,Donna,1967-05-13,Carmela Conti,Occasionale,Sicilia,3,57,Da 50 a 64
3572,Siracusa,SR,96100,Uomo,1983-01-16,Andrea Ruggiero,Occasionale,Sicilia,3,42,Da 40 a 49
3573,Bari,BA,70100,Donna,1966-11-07,Monica Romeo,Abituale,Puglia,2,58,Da 50 a 64
3574,Roma,RM,00100,Donna,1996-03-29,Caterina Rossi,Abituale,Lazio,1,29,Da 18 a 29
3575,Cagliari,CA,09100,Donna,1995-03-04,Monica Bernardi,Abituale,Sardegna,3,30,Da 30 a 39
3576,Lecce,LE,73100,Donna,1997-06-12,Monica Grasso,Occasionale,Puglia,2,27,Da 18 a 29
3577,Trento,TN,38100,Uomo,1952-06-24,Luigi Ferrero,Occasionale,Trentino-Alto Adige,1,72,Oltre 64
3578,Cuneo,CN,12100,Donna,1986-02-08,Angela Pellegrino,Occasionale,Piemonte,1,39,Da 30 a 39
3579,Sesto San Giovanni,MI,20099,Donna,1962-05-06,Giuseppina Pagano,Occasionale,Lombardia,1,62,Da 50 a 64
3580,Imperia,IM,18100,Uomo,1951-12-21,Domenico Palumbo,Abituale,Liguria,1,73,Oltre 64
3581,L'Aquila,AQ,67100,Uomo,1967-10-11,Mario Piras,Occasionale,Abruzzo,2,57,Da 50 a 64
3582,Arezzo,AR,52100,Donna,1999-07-29,Giovanna Colombo,Occasionale,Toscana,1,25,Da 18 a 29
3583,Vicenza,VI,36100,Donna,1969-12-01,Teresa Rossi,Abituale,Veneto,1,55,Da 50 a 64
3584,Vibo Valentia,VV,89900,Donna,1985-09-20,Carmela Ferretti,Abituale,Calabria,3,39,Da 30 a 39
3585,Gorizia,GO,34170,Uomo,1998-01-28,Massimo Caputo,Abituale,Friuli-Venezia Giulia,1,27,Da 18 a 29
3586,Trapani,TP,91100,Donna,1986-10-24,Laura Rizzo,Abituale,Sicilia,3,38,Da 30 a 39
3587,Bergamo,BG,24100,Uomo,1957-04-07,Massimo Marini,Occasionale,Lombardia,1,68,Oltre 64
3588,Cagliari,CA,09100,Donna,1962-11-28,Laura Piras,Abituale,Sardegna,3,62,Da 50 a 64
3589,Verbania,VB,28921,Donna,1999-08-26,Patrizia Neri,Occasionale,Piemonte,1,25,Da 18 a 29
3590,Marsala,TP,91025,Uomo,1966-05-09,Salvatore Franco,Abituale,Sicilia,3,58,Da 50 a 64
3591,Como,CO,22100,Donna,1962-04-11,Elisa Vitale,Abituale,Lombardia,1,63,Da 50 a 64
3592,Savona,SV,17100,Donna,1959-06-28,Giovanna Grassi,Abituale,Liguria,1,65,Oltre 64
3593,Livorno,LI,57100,Donna,1973-08-18,Maria Fontana,Abituale,Toscana,1,51,Da 50 a 64
3594,Cagliari,CA,09100,Donna,1988-04-30,Teresa Barone,Occasionale,Sardegna,3,36,Da 30 a 39
3595,Padova,PD,35100,Donna,1954-06-10,Federica Ferrero,Abituale,Veneto,1,70,Oltre 64
3596,Aosta,AO,11100,Uomo,1966-10-06,Federico Grassi,Abituale,Valle d'Aosta,1,58,Da 50 a 64
3597,Belluno,BL,32100,Donna,1999-11-03,Anna Giordano,Abituale,Veneto,1,25,Da 18 a 29
3598,Cremona,CR,26100,Donna,1998-08-07,Lucia Longo,Occasionale,Lombardia,1,26,Da 18 a 29
3599,Siracusa,SR,96100,Donna,1958-06-14,Patrizia Fontana,Occasionale,Sicilia,3,66,Oltre 64
3600,Giugliano in Campania,NA,80014,Uomo,1972-04-30,Emanuele Palumbo,Occasionale,Campania,2,52,Da 50 a 64
3601,Pesaro,PU,61100,Uomo,1988-07-10,Salvatore Mariani,Occasionale,Marche,1,36,Da 30 a 39
3602,Verona,VR,37100,Donna,1980-10-28,Antonella Ferri,Abituale,Veneto,1,44,Da 40 a 49
3603,Imperia,IM,18100,Donna,1998-12-31,Roberta Lombardo,Abituale,Liguria,1,26,Da 18 a 29
3604,Padova,PD,35100,Donna,1951-06-01,Giulia Vitale,Abituale,Veneto,1,73,Oltre 64
3605,Alessandria,AL,15100,Donna,1983-03-13,Patrizia Marino,Abituale,Piemonte,1,42,Da 40 a 49
3606,Vicenza,VI,36100,Uomo,1959-06-03,Alberto Martini,Abituale,Veneto,1,65,Oltre 64
3607,Lecco,LC,23900,Uomo,1988-10-09,Mario Pellegrini,Abituale,Lombardia,1,36,Da 30 a 39
3608,Enna,EN,94100,Uomo,1976-11-14,Dario Silvestri,Abituale,Sicilia,3,48,Da 40 a 49
3609,Forlì,FC,47121,Donna,1969-07-17,Lucia Testa,Occasionale,Emilia-Romagna,1,55,Da 50 a 64
3610,Cosenza,CS,87100,Uomo,1993-08-15,Pasquale Silvestri,Occasionale,Calabria,3,31,Da 30 a 39
3611,Ancona,AN,60100,Uomo,1958-02-03,Davide Caputo,Abituale,Marche,1,67,Oltre 64
3612,Agrigento,AG,92100,Uomo,1967-06-18,Giorgio Caputo,Abituale,Sicilia,3,57,Da 50 a 64
3613,Belluno,BL,32100,Uomo,1972-05-27,Carmelo Ferrara,Abituale,Veneto,1,52,Da 50 a 64
3614,Alessandria,AL,15100,Uomo,1997-03-05,Enzo Costa,Abituale,Piemonte,1,28,Da 18 a 29
3615,Torre del Greco,NA,80059,Donna,1990-07-24,Teresa Palumbo,Abituale,Campania,2,34,Da 30 a 39
3616,Ferrara,FE,44100,Donna,1960-04-25,Sara Bernardi,Abituale,Emilia-Romagna,1,65,Oltre 64
3617,Verbania,VB,28921,Uomo,1952-01-08,Enzo Ferraro,Abituale,Piemonte,1,73,Oltre 64
3618,Andria,BT,76123,Donna,1972-02-25,Rosa Carli,Abituale,Puglia,2,53,Da 50 a 64
3619,Piacenza,PC,29100,Uomo,1971-07-23,Giovanni Leone,Occasionale,Emilia-Romagna,1,53,Da 50 a 64
3620,Sondrio,SO,23100,Uomo,1980-08-26,Michele Ricci,Abituale,Lombardia,1,44,Da 40 a 49
3621,Catania,CT,95100,Uomo,1989-08-01,Paolo Gatti,Abituale,Sicilia,3,35,Da 30 a 39
3622,Bologna,BO,40100,Uomo,1967-08-07,Angelo Santoro,Occasionale,Emilia-Romagna,1,57,Da 50 a 64
3623,Cagliari,CA,09100,Donna,1990-12-08,Maria Ferretti,Abituale,Sardegna,3,34,Da 30 a 39
3624,Gorizia,GO,34170,Uomo,1970-08-06,Pietro Marchetti,Abituale,Friuli-Venezia Giulia,1,54,Da 50 a 64
3625,Agrigento,AG,92100,Donna,1990-12-16,Elena Giuliani,Abituale,Sicilia,3,34,Da 30 a 39
3626,Caltanissetta,CL,93100,Donna,1988-07-12,Grazia Ferrara,Occasionale,Sicilia,3,36,Da 30 a 39
3627,Reggio Calabria,RC,89100,Uomo,1957-11-07,Salvatore D'Amico,Abituale,Calabria,3,67,Oltre 64
3628,Mantova,MN,46100,Uomo,1998-01-25,Pietro Pellegrini,Abituale,Lombardia,1,27,Da 18 a 29
3629,Roma,RM,00100,Uomo,1985-06-09,Sergio Carbone,Occasionale,Lazio,1,39,Da 30 a 39
3630,La Spezia,SP,19100,Uomo,2000-07-10,Andrea Sala,Abituale,Liguria,1,24,Da 18 a 29
3631,Reggio Emilia,RE,42100,Uomo,1975-09-30,Giovanni Giordano,Abituale,Emilia-Romagna,1,49,Da 40 a 49
3632,Varese,VA,21100,Uomo,1973-05-23,Stefano Villa,Abituale,Lombardia,1,51,Da 50 a 64
3633,Napoli,NA,80100,Donna,1992-10-01,Teresa Piras,Occasionale,Campania,2,32,Da 30 a 39
3634,Brescia,BS,25100,Donna,1960-10-05,Elena Mancini,Occasionale,Lombardia,1,64,Da 50 a 64
3635,Vercelli,VC,13100,Donna,1996-06-17,Giuseppina Fontana,Abituale,Piemonte,1,28,Da 18 a 29
3636,Bari,BA,70100,Uomo,1954-02-04,Bruno Villa,Abituale,Puglia,2,71,Oltre 64
3637,Padova,PD,35100,Uomo,1994-05-05,Carmelo Mariani,Abituale,Veneto,1,30,Da 30 a 39
3638,Fermo,FM,63900,Donna,1973-02-03,Elena Grasso,Abituale,Marche,1,52,Da 50 a 64
3639,Brescia,BS,25100,Uomo,1975-05-22,Domenico Messina,Abituale,Lombardia,1,49,Da 40 a 49
3640,Livorno,LI,57100,Uomo,1989-11-22,Riccardo Mazza,Abituale,Toscana,1,35,Da 30 a 39
3641,Marsala,TP,91025,Donna,1953-05-15,Giuseppina Giuliani,Occasionale,Sicilia,3,71,Oltre 64
3642,Teramo,TE,64100,Donna,1978-12-23,Patrizia Rizzo,Abituale,Abruzzo,2,46,Da 40 a 49
3643,Chieti,CH,66100,Uomo,1980-12-06,Massimo Galli,Abituale,Abruzzo,2,44,Da 40 a 49
3644,Reggio Emilia,RE,42100,Uomo,1963-02-22,Alessandro Galli,Abituale,Emilia-Romagna,1,62,Da 50 a 64
3645,Barletta,BT,76121,Donna,1977-05-15,Giovanna Ferri,Occasionale,Puglia,2,47,Da 40 a 49
3646,Agrigento,AG,92100,Uomo,1956-05-15,Pasquale Ferrero,Abituale,Sicilia,3,68,Oltre 64
3647,Parma,PR,43100,Donna,2000-10-30,Margherita Neri,Abituale,Emilia-Romagna,1,24,Da 18 a 29
3648,Venezia,VE,30100,Donna,1984-10-19,Claudia Morelli,Abituale,Veneto,1,40,Da 40 a 49
3649,Campobasso,CB,86100,Uomo,1974-05-27,Stefano Orlando,Occasionale,Molise,2,50,Da 50 a 64
3650,Bolzano,BZ,39100,Uomo,1983-11-07,Salvatore Longo,Abituale,Trentino-Alto Adige,1,41,Da 40 a 49
3651,Torino,TO,10100,Uomo,1997-10-27,Riccardo Barbieri,Occasionale,Piemonte,1,27,Da 18 a 29
3652,Gela,CL,93012,Uomo,1960-07-09,Davide Romano,Abituale,Sicilia,3,64,Da 50 a 64
3653,Roma,RM,00100,Uomo,1993-02-08,Emanuele Morelli,Occasionale,Lazio,1,32,Da 30 a 39
3654,Vercelli,VC,13100,Uomo,1954-03-19,Sergio D'Agostino,Abituale,Piemonte,1,71,Oltre 64
3655,Foggia,FG,71100,Uomo,1992-06-14,Roberto Conti,Abituale,Puglia,2,32,Da 30 a 39
3656,Sassari,SS,07100,Donna,1998-03-30,Paola Serra,Occasionale,Sardegna,3,27,Da 18 a 29
3657,Crotone,KR,88900,Uomo,1951-10-08,Franco Mancini,Abituale,Calabria,3,73,Oltre 64
3658,Livorno,LI,57100,Uomo,1950-12-30,Giorgio Barone,Abituale,Toscana,1,74,Oltre 64
3659,Busto Arsizio,VA,21052,Donna,1988-02-21,Laura Ferrero,Abituale,Lombardia,1,37,Da 30 a 39
3660,Matera,MT,75100,Donna,1952-10-29,Francesca Giuliani,Abituale,Basilicata,3,72,Oltre 64
3661,Teramo,TE,64100,Uomo,1992-12-15,Luca Benedetti,Abituale,Abruzzo,2,32,Da 30 a 39
3662,Venezia,VE,30100,Uomo,1968-10-29,Angelo Bianchi,Occasionale,Veneto,1,56,Da 50 a 64
3663,Ascoli Piceno,AP,63100,Uomo,1979-11-13,Antonio Ruggiero,Abituale,Marche,1,45,Da 40 a 49
3664,Sassari,SS,07100,Uomo,1957-02-14,Fabio Monti,Abituale,Sardegna,3,68,Oltre 64
3665,Catania,CT,95100,Uomo,1967-08-14,Fabio Franco,Abituale,Sicilia,3,57,Da 50 a 64
3666,Rimini,RN,47900,Uomo,1956-01-02,Emanuele Cattaneo,Abituale,Emilia-Romagna,1,69,Oltre 64
3667,Lucca,LU,55100,Uomo,1962-03-15,Mario Monti,Abituale,Toscana,1,63,Da 50 a 64
3668,Chieti,CH,66100,Uomo,1961-12-04,Alberto Giuliani,Occasionale,Abruzzo,2,63,Da 50 a 64
3669,Monza,MB,20900,Donna,1955-04-30,Caterina Mazza,Abituale,Lombardia,1,69,Oltre 64
3670,Reggio Calabria,RC,89100,Uomo,1951-05-07,Giovanni Silvestri,Occasionale,Calabria,3,73,Oltre 64
3671,Varese,VA,21100,Donna,1975-04-08,Concetta Russo,Abituale,Lombardia,1,50,Da 50 a 64
3672,Forlì,FC,47121,Donna,1999-05-22,Stefania Ferri,Abituale,Emilia-Romagna,1,25,Da 18 a 29
3673,Vercelli,VC,13100,Donna,1985-11-25,Giorgia Leone,Abituale,Piemonte,1,39,Da 30 a 39
3674,Enna,EN,94100,Uomo,1984-01-05,Pasquale Colombo,Abituale,Sicilia,3,41,Da 40 a 49
3675,Forlì,FC,47121,Uomo,1998-05-31,Daniele Moretti,Abituale,Emilia-Romagna,1,26,Da 18 a 29
3676,Grosseto,GR,58100,Uomo,1975-04-15,Claudio Gatti,Occasionale,Toscana,1,50,Da 50 a 64
3677,La Spezia,SP,19100,Uomo,1969-02-04,Federico Greco,Abituale,Liguria,1,56,Da 50 a 64
3678,Como,CO,22100,Donna,1981-03-01,Lucia Morelli,Abituale,Lombardia,1,44,Da 40 a 49
3679,Gorizia,GO,34170,Uomo,1987-08-03,Andrea Lombardi,Occasionale,Friuli-Venezia Giulia,1,37,Da 30 a 39
3680,Catania,CT,95100,Donna,1969-07-26,Emanuela Testa,Abituale,Sicilia,3,55,Da 50 a 64
3681,Pistoia,PT,51100,Uomo,1993-01-02,Alessandro Grasso,Occasionale,Toscana,1,32,Da 30 a 39
3682,Busto Arsizio,VA,21052,Donna,2000-08-26,Alessandra Barone,Occasionale,Lombardia,1,24,Da 18 a 29
3683,Reggio Emilia,RE,42100,Uomo,1988-12-03,Vincenzo Fontana,Abituale,Emilia-Romagna,1,36,Da 30 a 39
3684,Ascoli Piceno,AP,63100,Donna,1953-06-10,Rosa Bellini,Occasionale,Marche,1,71,Oltre 64
3685,Lodi,LO,26900,Uomo,1970-08-04,Emanuele Leone,Abituale,Lombardia,1,54,Da 50 a 64
3686,Belluno,BL,32100,Donna,1991-01-27,Ilaria D'Angelo,Abituale,Veneto,1,34,Da 30 a 39
3687,Campobasso,CB,86100,Uomo,1958-01-06,Luca Parisi,Abituale,Molise,2,67,Oltre 64
3688,Catanzaro,CZ,88100,Uomo,1983-11-05,Vincenzo Russo,Abituale,Calabria,3,41,Da 40 a 49
3689,Catania,CT,95100,Donna,1978-02-28,Giorgia De Rosa,Abituale,Sicilia,3,47,Da 40 a 49
3690,Biella,BI,13900,Donna,1999-08-02,Emanuela Morelli,Occasionale,Piemonte,1,25,Da 18 a 29
3691,Cremona,CR,26100,Uomo,1985-12-05,Riccardo Basile,Occasionale,Lombardia,1,39,Da 30 a 39
3692,Fermo,FM,63900,Uomo,1995-12-28,Sergio Benedetti,Abituale,Marche,1,29,Da 18 a 29
3693,La Spezia,SP,19100,Uomo,1987-11-26,Pietro Colombo,Occasionale,Liguria,1,37,Da 30 a 39
3694,Barletta,BT,76121,Donna,1972-10-24,Monica Marino,Abituale,Puglia,2,52,Da 50 a 64
3695,Treviso,TV,31100,Uomo,1972-08-08,Giorgio Rinaldi,Abituale,Veneto,1,52,Da 50 a 64
3696,Napoli,NA,80100,Donna,1960-10-01,Margherita Gatti,Occasionale,Campania,2,64,Da 50 a 64
3697,Torino,TO,10100,Uomo,1953-10-15,Angelo Neri,Abituale,Piemonte,1,71,Oltre 64
3698,Pescara,PE,65100,Donna,1975-03-29,Concetta D'Agostino,Occasionale,Abruzzo,2,50,Da 50 a 64
3699,Cagliari,CA,09100,Donna,1983-09-29,Federica Marini,Occasionale,Sardegna,3,41,Da 40 a 49
3700,Asti,AT,14100,Uomo,1967-10-16,Leonardo Cattaneo,Abituale,Piemonte,1,57,Da 50 a 64
3701,Trieste,TS,34100,Donna,1958-05-25,Lucia Vitale,Abituale,Friuli-Venezia Giulia,1,66,Oltre 64
3702,Brescia,BS,25100,Donna,1980-10-07,Francesca Palumbo,Abituale,Lombardia,1,44,Da 40 a 49
3703,Cosenza,CS,87100,Donna,1966-02-15,Giovanna Neri,Occasionale,Calabria,3,59,Da 50 a 64
3704,Macerata,MC,62100,Uomo,1951-11-15,Enzo Marchetti,Occasionale,Marche,1,73,Oltre 64
3705,Verona,VR,37100,Donna,1965-02-20,Caterina Vitale,Occasionale,Veneto,1,60,Da 50 a 64
3706,Pordenone,PN,33170,Uomo,1991-11-13,Roberto D'Agostino,Abituale,Friuli-Venezia Giulia,1,33,Da 30 a 39
3707,Perugia,PG,06100,Uomo,1995-05-08,Angelo Amato,Abituale,Umbria,1,29,Da 18 a 29
3708,Monza,MB,20900,Donna,1990-06-13,Stefania Galli,Abituale,Lombardia,1,34,Da 30 a 39
3709,Milano,MI,20100,Donna,1963-01-27,Margherita Conti,Occasionale,Lombardia,1,62,Da 50 a 64
3710,Reggio Calabria,RC,89100,Donna,2000-06-08,Simona Neri,Occasionale,Calabria,3,24,Da 18 a 29
3711,Lecco,LC,23900,Uomo,1996-10-30,Fabio Fabbri,Abituale,Lombardia,1,28,Da 18 a 29
3712,Enna,EN,94100,Donna,1957-01-15,Lucia Morelli,Abituale,Sicilia,3,68,Oltre 64
3713,Monza,MB,20900,Uomo,1971-01-26,Paolo Mazza,Occasionale,Lombardia,1,54,Da 50 a 64
3714,Frosinone,FR,03100,Donna,1963-05-06,Simona Mariani,Abituale,Lazio,1,61,Da 50 a 64
3715,Sondrio,SO,23100,Donna,1969-10-03,Teresa Santoro,Abituale,Lombardia,1,55,Da 50 a 64
3716,Vicenza,VI,36100,Donna,1989-07-07,Federica Parisi,Occasionale,Veneto,1,35,Da 30 a 39
3717,Catania,CT,95100,Donna,1988-03-23,Sofia Martini,Abituale,Sicilia,3,37,Da 30 a 39
3718,Lodi,LO,26900,Donna,1963-05-08,Sara Marchetti,Abituale,Lombardia,1,61,Da 50 a 64
3719,Padova,PD,35100,Donna,1970-07-22,Maria Carbone,Occasionale,Veneto,1,54,Da 50 a 64
3720,Lecce,LE,73100,Uomo,1962-09-20,Bruno De Rosa,Abituale,Puglia,2,62,Da 50 a 64
3721,Perugia,PG,06100,Donna,1951-03-23,Antonella Palumbo,Occasionale,Umbria,1,74,Oltre 64
3722,Pistoia,PT,51100,Donna,1996-08-19,Lucia Sorrentino,Abituale,Toscana,1,28,Da 18 a 29
3723,Arezzo,AR,52100,Donna,1977-02-06,Monica Sorrentino,Abituale,Toscana,1,48,Da 40 a 49
3724,Frosinone,FR,03100,Donna,1977-06-26,Elisabetta Conte,Occasionale,Lazio,1,47,Da 40 a 49
3725,Crotone,KR,88900,Donna,1997-03-25,Anna Ricci,Occasionale,Calabria,3,28,Da 18 a 29
3726,Pescara,PE,65100,Uomo,1988-09-13,Francesco Vitale,Abituale,Abruzzo,2,36,Da 30 a 39
3727,Pavia,PV,27100,Uomo,1993-01-13,Luigi Gentile,Abituale,Lombardia,1,32,Da 30 a 39
3728,Sondrio,SO,23100,Uomo,1958-01-08,Franco Gentile,Occasionale,Lombardia,1,67,Oltre 64
3729,Belluno,BL,32100,Uomo,1964-07-07,Salvatore Grasso,Abituale,Veneto,1,60,Da 50 a 64
3730,Udine,UD,33100,Uomo,1994-09-07,Riccardo Fontana,Occasionale,Friuli-Venezia Giulia,1,30,Da 30 a 39
3731,Vercelli,VC,13100,Donna,1972-10-30,Giorgia Cattaneo,Occasionale,Piemonte,1,52,Da 50 a 64
3732,Ascoli Piceno,AP,63100,Donna,1959-10-27,Giulia Arena,Occasionale,Marche,1,65,Oltre 64
3733,Torino,TO,10100,Donna,1962-08-12,Anna Basile,Abituale,Piemonte,1,62,Da 50 a 64
3734,Reggio Calabria,RC,89100,Donna,1985-03-29,Giuseppina Palumbo,Occasionale,Calabria,3,40,Da 40 a 49
3735,Lecce,LE,73100,Uomo,1952-01-29,Carmelo Martinelli,Abituale,Puglia,2,73,Oltre 64
3736,Cremona,CR,26100,Donna,1989-01-17,Maria Mazza,Occasionale,Lombardia,1,36,Da 30 a 39
3737,Firenze,FI,50100,Uomo,1966-11-10,Domenico Guerra,Occasionale,Toscana,1,58,Da 50 a 64
3738,Milano,MI,20100,Donna,1965-07-20,Elisabetta Ferretti,Abituale,Lombardia,1,59,Da 50 a 64
3739,Campobasso,CB,86100,Uomo,1986-11-06,Alberto Basile,Abituale,Molise,2,38,Da 30 a 39
3740,L'Aquila,AQ,67100,Donna,1969-12-22,Concetta Cattaneo,Occasionale,Abruzzo,2,55,Da 50 a 64
3741,Campobasso,CB,86100,Uomo,1981-04-03,Franco Rossetti,Occasionale,Molise,2,44,Da 40 a 49
3742,Avellino,AV,83100,Donna,1991-07-18,Federica Carbone,Abituale,Campania,2,33,Da 30 a 39
3743,Sesto San Giovanni,MI,20099,Donna,1978-07-14,Giuseppina Galli,Abituale,Lombardia,1,46,Da 40 a 49
3744,Pisa,PI,56100,Donna,1953-07-20,Francesca Grasso,Occasionale,Toscana,1,71,Oltre 64
3745,Arezzo,AR,52100,Donna,1986-05-29,Giorgia Santoro,Abituale,Toscana,1,38,Da 30 a 39
3746,Cuneo,CN,12100,Donna,2000-01-21,Antonella Santoro,Abituale,Piemonte,1,25,Da 18 a 29
3747,Ancona,AN,60100,Uomo,1977-02-24,Leonardo Longo,Abituale,Marche,1,48,Da 40 a 49
3748,Palermo,PA,90100,Donna,1981-05-20,Giulia Vitale,Abituale,Sicilia,3,43,Da 40 a 49
3749,Messina,ME,98100,Donna,1956-10-10,Simona Franco,Abituale,Sicilia,3,68,Oltre 64
3750,Messina,ME,98100,Donna,1963-06-29,Cristina De Angelis,Abituale,Sicilia,3,61,Da 50 a 64
3751,Foggia,FG,71100,Donna,1985-06-24,Sara Villa,Abituale,Puglia,2,39,Da 30 a 39
3752,Torre del Greco,NA,80059,Uomo,1963-10-16,Francesco Ferraro,Abituale,Campania,2,61,Da 50 a 64
3753,Ravenna,RA,48100,Uomo,1997-07-05,Michele Santoro,Abituale,Emilia-Romagna,1,27,Da 18 a 29
3754,Bergamo,BG,24100,Donna,1985-09-08,Elisabetta Russo,Abituale,Lombardia,1,39,Da 30 a 39
3755,Massa,MS,54100,Uomo,1955-06-28,Pietro Benedetti,Occasionale,Toscana,1,69,Oltre 64
3756,Genova,GE,16100,Donna,1964-03-10,Valeria Benedetti,Abituale,Liguria,1,61,Da 50 a 64
3757,Padova,PD,35100,Donna,1954-06-28,Valeria Mariani,Occasionale,Veneto,1,70,Oltre 64
3758,L'Aquila,AQ,67100,Donna,1997-07-25,Giulia Carbone,Abituale,Abruzzo,2,27,Da 18 a 29
3759,Isernia,IS,86170,Donna,1974-08-22,Chiara Gatti,Abituale,Molise,2,50,Da 50 a 64
3760,Trento,TN,38100,Donna,1970-06-10,Chiara Coppola,Abituale,Trentino-Alto Adige,1,54,Da 50 a 64
3761,Brescia,BS,25100,Uomo,1965-08-17,Franco Barone,Occasionale,Lombardia,1,59,Da 50 a 64
3762,Forlì,FC,47121,Donna,1962-07-22,Giuseppina Silvestri,Abituale,Emilia-Romagna,1,62,Da 50 a 64
3763,Torino,TO,10100,Donna,1981-12-18,Giovanna Mazza,Occasionale,Piemonte,1,43,Da 40 a 49
3764,Frosinone,FR,03100,Donna,1969-10-07,Rita Colombo,Occasionale,Lazio,1,55,Da 50 a 64
3765,Monza,MB,20900,Uomo,1961-11-13,Leonardo Valentini,Occasionale,Lombardia,1,63,Da 50 a 64
3766,Rieti,RI,02100,Uomo,1954-06-11,Vincenzo Guerra,Abituale,Lazio,1,70,Oltre 64
3767,Fermo,FM,63900,Uomo,1957-03-23,Fabio De Rosa,Abituale,Marche,1,68,Oltre 64
3768,Pavia,PV,27100,Donna,1977-01-27,Francesca Gentile,Abituale,Lombardia,1,48,Da 40 a 49
3769,Pescara,PE,65100,Uomo,1964-03-18,Emanuele Messina,Abituale,Abruzzo,2,61,Da 50 a 64
3770,Giugliano in Campania,NA,80014,Uomo,1994-05-27,Federico Pellegrini,Abituale,Campania,2,30,Da 30 a 39
3771,Catanzaro,CZ,88100,Uomo,1990-11-26,Pietro Pellegrino,Abituale,Calabria,3,34,Da 30 a 39
3772,Potenza,PZ,85100,Uomo,1954-01-11,Domenico Ferrari,Abituale,Basilicata,3,71,Oltre 64
3773,Lucca,LU,55100,Uomo,1952-07-09,Giovanni Benedetti,Abituale,Toscana,1,72,Oltre 64
3774,Torino,TO,10100,Donna,1968-05-15,Federica Ferri,Abituale,Piemonte,1,56,Da 50 a 64
3775,Ascoli Piceno,AP,63100,Donna,1963-04-08,Anna Arena,Occasionale,Marche,1,62,Da 50 a 64
3776,Siena,SI,53100,Donna,1979-06-14,Grazia Villa,Occasionale,Toscana,1,45,Da 40 a 49
3777,Parma,PR,43100,Donna,1975-12-05,Roberta Ferretti,Abituale,Emilia-Romagna,1,49,Da 40 a 49
3778,Pistoia,PT,51100,Donna,1999-08-11,Paola Monti,Occasionale,Toscana,1,25,Da 18 a 29
3779,Viterbo,VT,01100,Uomo,1958-02-12,Vincenzo Lombardo,Occasionale,Lazio,1,67,Oltre 64
3780,Forlì,FC,47121,Uomo,1999-03-01,Nicola Bianchi,Occasionale,Emilia-Romagna,1,26,Da 18 a 29
3781,Cuneo,CN,12100,Donna,1979-04-22,Elena Esposito,Occasionale,Piemonte,1,46,Da 40 a 49
3782,Savona,SV,17100,Uomo,2000-09-20,Enzo Gentile,Abituale,Liguria,1,24,Da 18 a 29
3783,Asti,AT,14100,Uomo,1954-05-30,Vincenzo Gatti,Abituale,Piemonte,1,70,Oltre 64
3784,Parma,PR,43100,Uomo,1971-01-31,Sergio Barbieri,Occasionale,Emilia-Romagna,1,54,Da 50 a 64
3785,Bolzano,BZ,39100,Donna,2000-06-13,Anna Neri,Abituale,Trentino-Alto Adige,1,24,Da 18 a 29
3786,Pordenone,PN,33170,Donna,1999-08-30,Chiara Giordano,Abituale,Friuli-Venezia Giulia,1,25,Da 18 a 29
3787,Busto Arsizio,VA,21052,Donna,1981-05-21,Giorgia Cattaneo,Abituale,Lombardia,1,43,Da 40 a 49
3788,Firenze,FI,50100,Donna,1973-04-13,Anna Ruggiero,Occasionale,Toscana,1,52,Da 50 a 64
3789,Cesena,FC,47521,Uomo,1968-08-12,Sergio Mazza,Abituale,Emilia-Romagna,1,56,Da 50 a 64
3790,Sondrio,SO,23100,Uomo,1995-06-22,Sergio Ruggiero,Abituale,Lombardia,1,29,Da 18 a 29
3791,Terni,TR,05100,Uomo,1991-05-13,Vincenzo D'Angelo,Abituale,Umbria,1,33,Da 30 a 39
3792,Reggio Calabria,RC,89100,Uomo,2000-05-22,Daniele Rossetti,Abituale,Calabria,3,24,Da 18 a 29
3793,Novara,NO,28100,Uomo,1973-01-02,Francesco Grassi,Occasionale,Piemonte,1,52,Da 50 a 64
3794,Massa,MS,54100,Donna,1968-05-14,Claudia Villa,Abituale,Toscana,1,56,Da 50 a 64
3795,Catanzaro,CZ,88100,Uomo,1960-07-08,Alessandro Ricci,Occasionale,Calabria,3,64,Da 50 a 64
3796,Belluno,BL,32100,Donna,1998-07-24,Simona Franco,Abituale,Veneto,1,26,Da 18 a 29
3797,Trieste,TS,34100,Donna,1972-05-05,Rosa Caruso,Abituale,Friuli-Venezia Giulia,1,52,Da 50 a 64
3798,Reggio Emilia,RE,42100,Donna,1986-05-06,Concetta Galli,Abituale,Emilia-Romagna,1,38,Da 30 a 39
3799,Verona,VR,37100,Donna,1974-10-22,Federica D'Agostino,Abituale,Veneto,1,50,Da 50 a 64
3800,Siracusa,SR,96100,Uomo,1952-02-06,Emanuele Gatti,Abituale,Sicilia,3,73,Oltre 64
3801,Lecce,LE,73100,Donna,1950-04-11,Giuseppina Farina,Abituale,Puglia,2,75,Oltre 64
3802,Asti,AT,14100,Donna,1994-12-02,Giulia Valentini,Abituale,Piemonte,1,30,Da 30 a 39
3803,Milano,MI,20100,Uomo,2000-03-29,Marco Rossetti,Abituale,Lombardia,1,25,Da 18 a 29
3804,Frosinone,FR,03100,Uomo,1969-12-28,Alberto Martini,Abituale,Lazio,1,55,Da 50 a 64
3805,Macerata,MC,62100,Uomo,1966-07-15,Stefano Galli,Occasionale,Marche,1,58,Da 50 a 64
3806,Bolzano,BZ,39100,Donna,1991-08-12,Antonella Ferrara,Abituale,Trentino-Alto Adige,1,33,Da 30 a 39
3807,Como,CO,22100,Uomo,1953-04-17,Pasquale Grassi,Occasionale,Lombardia,1,72,Oltre 64
3808,Lecce,LE,73100,Donna,1975-11-04,Giulia De Angelis,Occasionale,Puglia,2,49,Da 40 a 49
3809,La Spezia,SP,19100,Uomo,1953-09-10,Michele Palumbo,Abituale,Liguria,1,71,Oltre 64
3810,Varese,VA,21100,Donna,1980-09-29,Emanuela Esposito,Abituale,Lombardia,1,44,Da 40 a 49
3811,Giugliano in Campania,NA,80014,Uomo,1995-02-21,Nicola De Luca,Abituale,Campania,2,30,Da 30 a 39
3812,Piacenza,PC,29100,Donna,1998-06-10,Paola Ferrari,Abituale,Emilia-Romagna,1,26,Da 18 a 29
3813,Busto Arsizio,VA,21052,Uomo,1954-08-27,Carlo Piras,Occasionale,Lombardia,1,70,Oltre 64
3814,Crotone,KR,88900,Uomo,2000-04-13,Giorgio Bianco,Abituale,Calabria,3,25,Da 18 a 29
3815,Bergamo,BG,24100,Uomo,1996-05-15,Sergio Romano,Abituale,Lombardia,1,28,Da 18 a 29
3816,Rovigo,RO,45100,Donna,1989-07-12,Monica Leone,Occasionale,Veneto,1,35,Da 30 a 39
3817,Oristano,OR,09170,Uomo,1963-02-24,Claudio Sorrentino,Abituale,Sardegna,3,62,Da 50 a 64
3818,Brescia,BS,25100,Uomo,1996-06-22,Antonio Guerra,Occasionale,Lombardia,1,28,Da 18 a 29
3819,Parma,PR,43100,Donna,1961-01-19,Rosa Marchetti,Abituale,Emilia-Romagna,1,64,Da 50 a 64
3820,Bologna,BO,40100,Donna,1975-04-24,Anna Mariani,Occasionale,Emilia-Romagna,1,50,Da 50 a 64
3821,Parma,PR,43100,Donna,1974-11-21,Lucia Ricci,Abituale,Emilia-Romagna,1,50,Da 50 a 64
3822,Vercelli,VC,13100,Uomo,1970-07-05,Giovanni Grassi,Abituale,Piemonte,1,54,Da 50 a 64
3823,Siena,SI,53100,Donna,1969-08-23,Angela Lombardi,Abituale,Toscana,1,55,Da 50 a 64
3824,Cosenza,CS,87100,Uomo,1983-11-23,Carmelo Mazza,Abituale,Calabria,3,41,Da 40 a 49
3825,Foggia,FG,71100,Uomo,1983-09-18,Sergio Conte,Abituale,Puglia,2,41,Da 40 a 49
3826,Novara,NO,28100,Uomo,1975-03-15,Giovanni Martini,Abituale,Piemonte,1,50,Da 50 a 64
3827,Sesto San Giovanni,MI,20099,Uomo,1993-04-08,Giuseppe Orlando,Occasionale,Lombardia,1,32,Da 30 a 39
3828,Cuneo,CN,12100,Uomo,1952-01-22,Fabio Galli,Abituale,Piemonte,1,73,Oltre 64
3829,Crotone,KR,88900,Donna,1952-02-03,Grazia Romano,Occasionale,Calabria,3,73,Oltre 64
3830,Massa,MS,54100,Uomo,1973-10-11,Michele Ruggiero,Abituale,Toscana,1,51,Da 50 a 64
3831,Lecce,LE,73100,Uomo,1961-02-06,Carmelo Basile,Abituale,Puglia,2,64,Da 50 a 64
3832,L'Aquila,AQ,67100,Donna,1971-03-11,Federica Valentini,Abituale,Abruzzo,2,54,Da 50 a 64
3833,Modena,MO,41100,Uomo,1967-11-17,Antonio Marchetti,Occasionale,Emilia-Romagna,1,57,Da 50 a 64
3834,Modena,MO,41100,Uomo,1960-08-13,Bruno Amato,Occasionale,Emilia-Romagna,1,64,Da 50 a 64
3835,Caltanissetta,CL,93100,Donna,1978-05-03,Antonella Carbone,Occasionale,Sicilia,3,46,Da 40 a 49
3836,Padova,PD,35100,Uomo,1967-05-16,Dario De Angelis,Abituale,Veneto,1,57,Da 50 a 64
3837,Vercelli,VC,13100,Donna,1983-02-25,Margherita Giordano,Abituale,Piemonte,1,42,Da 40 a 49
3838,Arezzo,AR,52100,Donna,1954-05-15,Elisabetta Giordano,Abituale,Toscana,1,70,Oltre 64
3839,Milano,MI,20100,Uomo,1965-03-19,Leonardo Mazza,Abituale,Lombardia,1,60,Da 50 a 64
3840,Bologna,BO,40100,Uomo,1968-06-15,Mario Lombardo,Abituale,Emilia-Romagna,1,56,Da 50 a 64
3841,Cesena,FC,47521,Donna,1977-06-24,Angela Mariani,Occasionale,Emilia-Romagna,1,47,Da 40 a 49
3842,Como,CO,22100,Donna,1964-08-11,Elisa Caputo,Occasionale,Lombardia,1,60,Da 50 a 64
3843,Torre del Greco,NA,80059,Uomo,1961-08-30,Riccardo Ferrari,Abituale,Campania,2,63,Da 50 a 64
3844,Torino,TO,10100,Donna,1982-06-07,Giorgia Rossi,Abituale,Piemonte,1,42,Da 40 a 49
3845,Pescara,PE,65100,Uomo,1952-02-16,Massimo Martinelli,Abituale,Abruzzo,2,73,Oltre 64
3846,Padova,PD,35100,Uomo,1966-07-13,Angelo Marino,Occasionale,Veneto,1,58,Da 50 a 64
3847,Trapani,TP,91100,Donna,1969-08-27,Ilaria Neri,Occasionale,Sicilia,3,55,Da 50 a 64
3848,Sondrio,SO,23100,Uomo,1993-01-05,Fabio Romano,Occasionale,Lombardia,1,32,Da 30 a 39
3849,Cremona,CR,26100,Uomo,1963-05-30,Riccardo Ricci,Abituale,Lombardia,1,61,Da 50 a 64
3850,Torino,TO,10100,Uomo,1967-07-20,Leonardo Ferrara,Abituale,Piemonte,1,57,Da 50 a 64
3851,Pordenone,PN,33170,Donna,1961-03-21,Stefania Bernardi,Abituale,Friuli-Venezia Giulia,1,64,Da 50 a 64
3852,L'Aquila,AQ,67100,Donna,1974-08-24,Emanuela Farina,Abituale,Abruzzo,2,50,Da 50 a 64
3853,Novara,NO,28100,Uomo,1958-12-15,Davide Pagano,Abituale,Piemonte,1,66,Oltre 64
3854,Varese,VA,21100,Donna,1962-08-21,Elena Leone,Occasionale,Lombardia,1,62,Da 50 a 64
3855,Lecce,LE,73100,Donna,1955-09-26,Giorgia Grassi,Abituale,Puglia,2,69,Oltre 64
3856,Caltanissetta,CL,93100,Uomo,1987-05-26,Alberto Ferraro,Occasionale,Sicilia,3,37,Da 30 a 39
3857,Agrigento,AG,92100,Uomo,2000-12-20,Sergio D'Amico,Abituale,Sicilia,3,24,Da 18 a 29
3858,Vibo Valentia,VV,89900,Uomo,1968-07-12,Fabio Marino,Occasionale,Calabria,3,56,Da 50 a 64
3859,Sesto San Giovanni,MI,20099,Uomo,1978-01-06,Francesco Rizzi,Abituale,Lombardia,1,47,Da 40 a 49
3860,Andria,BT,76123,Uomo,1967-12-13,Claudio Amato,Occasionale,Puglia,2,57,Da 50 a 64
3861,Messina,ME,98100,Uomo,1954-09-02,Michele Ferri,Occasionale,Sicilia,3,70,Oltre 64
3862,Chieti,CH,66100,Uomo,1960-01-17,Riccardo Ferretti,Occasionale,Abruzzo,2,65,Oltre 64
3863,Rieti,RI,02100,Uomo,1996-04-28,Riccardo Benedetti,Occasionale,Lazio,1,28,Da 18 a 29
3864,Como,CO,22100,Uomo,1979-04-16,Sergio De Luca,Occasionale,Lombardia,1,46,Da 40 a 49
3865,Brindisi,BR,72100,Uomo,1979-04-21,Alessandro D'Agostino,Occasionale,Puglia,2,46,Da 40 a 49
3866,Grosseto,GR,58100,Uomo,1999-12-28,Federico Amato,Occasionale,Toscana,1,25,Da 18 a 29
3867,Roma,RM,00100,Uomo,1993-08-28,Domenico Russo,Abituale,Lazio,1,31,Da 30 a 39
3868,Biella,BI,13900,Uomo,1964-06-29,Franco Sala,Occasionale,Piemonte,1,60,Da 50 a 64
3869,Napoli,NA,80100,Uomo,1955-09-22,Pietro Ferri,Abituale,Campania,2,69,Oltre 64
3870,Busto Arsizio,VA,21052,Uomo,1980-06-20,Carlo Rossetti,Abituale,Lombardia,1,44,Da 40 a 49
3871,Chieti,CH,66100,Uomo,1983-04-28,Andrea Basile,Abituale,Abruzzo,2,41,Da 40 a 49
3872,Cesena,FC,47521,Uomo,1987-07-05,Andrea Neri,Abituale,Emilia-Romagna,1,37,Da 30 a 39
3873,Treviso,TV,31100,Uomo,1970-07-10,Alessandro Gentile,Abituale,Veneto,1,54,Da 50 a 64
3874,Bari,BA,70100,Donna,1972-08-13,Angela Longo,Occasionale,Puglia,2,52,Da 50 a 64
3875,Chieti,CH,66100,Uomo,1952-06-14,Mario Monti,Occasionale,Abruzzo,2,72,Oltre 64
3876,Modena,MO,41100,Donna,1965-01-17,Teresa Bianco,Occasionale,Emilia-Romagna,1,60,Da 50 a 64
3877,Reggio Emilia,RE,42100,Uomo,1986-05-09,Franco Basile,Abituale,Emilia-Romagna,1,38,Da 30 a 39
3878,Ravenna,RA,48100,Uomo,1992-03-05,Paolo Rossi,Abituale,Emilia-Romagna,1,33,Da 30 a 39
3879,Genova,GE,16100,Uomo,1958-01-18,Daniele Barone,Abituale,Liguria,1,67,Oltre 64
3880,Caltanissetta,CL,93100,Uomo,1996-11-16,Emanuele Rossetti,Abituale,Sicilia,3,28,Da 18 a 29
3881,Terni,TR,05100,Donna,1972-04-09,Elisa Testa,Abituale,Umbria,1,53,Da 50 a 64
3882,Udine,UD,33100,Donna,1976-05-19,Monica Farina,Occasionale,Friuli-Venezia Giulia,1,48,Da 40 a 49
3883,Lodi,LO,26900,Uomo,1976-08-20,Carlo Ferri,Occasionale,Lombardia,1,48,Da 40 a 49
3884,Lecce,LE,73100,Donna,1970-04-03,Chiara Lombardi,Occasionale,Puglia,2,55,Da 50 a 64
3885,Nuoro,NU,08100,Uomo,1967-06-03,Massimo Vitale,Abituale,Sardegna,3,57,Da 50 a 64
3886,Rovigo,RO,45100,Uomo,1990-04-02,Sergio Gatti,Abituale,Veneto,1,35,Da 30 a 39
3887,Bari,BA,70100,Donna,1983-08-31,Chiara Esposito,Abituale,Puglia,2,41,Da 40 a 49
3888,Siena,SI,53100,Donna,1994-12-15,Grazia Rossi,Abituale,Toscana,1,30,Da 30 a 39
3889,Reggio Calabria,RC,89100,Uomo,1983-04-07,Giorgio Vitale,Abituale,Calabria,3,42,Da 40 a 49
3890,Cagliari,CA,09100,Uomo,1995-04-22,Luca Gatti,Occasionale,Sardegna,3,30,Da 30 a 39
3891,L'Aquila,AQ,67100,Uomo,1952-01-28,Federico Gallo,Abituale,Abruzzo,2,73,Oltre 64
3892,Imperia,IM,18100,Uomo,1991-02-13,Giorgio Guerra,Abituale,Liguria,1,34,Da 30 a 39
3893,Novara,NO,28100,Uomo,1980-07-04,Pasquale De Angelis,Abituale,Piemonte,1,44,Da 40 a 49
3894,Chieti,CH,66100,Donna,1992-08-27,Alessandra Martinelli,Occasionale,Abruzzo,2,32,Da 30 a 39
3895,Cesena,FC,47521,Donna,1963-10-31,Lucia Messina,Occasionale,Emilia-Romagna,1,61,Da 50 a 64
3896,Andria,BT,76123,Donna,1961-09-02,Giovanna Barbieri,Abituale,Puglia,2,63,Da 50 a 64
3897,Venezia,VE,30100,Donna,1981-07-11,Giorgia Sala,Occasionale,Veneto,1,43,Da 40 a 49
3898,Alessandria,AL,15100,Uomo,1982-05-01,Angelo Esposito,Occasionale,Piemonte,1,42,Da 40 a 49
3899,Lecce,LE,73100,Donna,1974-11-19,Giuseppina Romano,Occasionale,Puglia,2,50,Da 50 a 64
3900,Perugia,PG,06100,Donna,1992-02-24,Teresa D'Amico,Abituale,Umbria,1,33,Da 30 a 39
3901,Isernia,IS,86170,Uomo,1998-05-07,Carlo Pellegrini,Abituale,Molise,2,26,Da 18 a 29
3902,Potenza,PZ,85100,Uomo,1960-08-11,Domenico Ferrero,Abituale,Basilicata,3,64,Da 50 a 64
3903,Campobasso,CB,86100,Donna,1996-03-24,Carmela Conti,Abituale,Molise,2,29,Da 18 a 29
3904,Catanzaro,CZ,88100,Uomo,1972-11-26,Francesco Rizzi,Abituale,Calabria,3,52,Da 50 a 64
3905,Aosta,AO,11100,Uomo,1995-08-26,Fabio Lombardo,Abituale,Valle d'Aosta,1,29,Da 18 a 29
3906,Siena,SI,53100,Donna,1971-10-23,Rita Neri,Abituale,Toscana,1,53,Da 50 a 64
3907,Livorno,LI,57100,Donna,1960-07-29,Carmela Barbieri,Occasionale,Toscana,1,64,Da 50 a 64
3908,Pisa,PI,56100,Donna,1979-10-06,Ilaria Grasso,Occasionale,Toscana,1,45,Da 40 a 49
3909,Varese,VA,21100,Donna,1992-02-02,Paola Testa,Occasionale,Lombardia,1,33,Da 30 a 39
3910,Cagliari,CA,09100,Donna,1953-07-27,Rosa Bernardi,Abituale,Sardegna,3,71,Oltre 64
3911,Catania,CT,95100,Uomo,1994-06-22,Salvatore Ferrari,Abituale,Sicilia,3,30,Da 30 a 39
3912,Belluno,BL,32100,Uomo,1992-06-29,Carmelo Piras,Abituale,Veneto,1,32,Da 30 a 39
3913,Salerno,SA,84100,Donna,1978-07-05,Alessandra Pellegrino,Occasionale,Campania,2,46,Da 40 a 49
3914,Catanzaro,CZ,88100,Donna,1997-04-08,Alessandra Greco,Abituale,Calabria,3,28,Da 18 a 29
3915,Piacenza,PC,29100,Donna,1996-04-22,Lucia Basile,Occasionale,Emilia-Romagna,1,29,Da 18 a 29
3916,Siena,SI,53100,Donna,1962-12-16,Margherita De Angelis,Abituale,Toscana,1,62,Da 50 a 64
3917,Avellino,AV,83100,Donna,1998-02-15,Grazia Ferrara,Abituale,Campania,2,27,Da 18 a 29
3918,Rovigo,RO,45100,Donna,1995-01-26,Francesca Messina,Abituale,Veneto,1,30,Da 30 a 39
3919,Mantova,MN,46100,Uomo,1972-06-25,Giovanni Greco,Abituale,Lombardia,1,52,Da 50 a 64
3920,Messina,ME,98100,Uomo,1972-09-29,Giorgio Esposito,Occasionale,Sicilia,3,52,Da 50 a 64
3921,Marsala,TP,91025,Donna,1981-10-30,Margherita Greco,Abituale,Sicilia,3,43,Da 40 a 49
3922,Caltanissetta,CL,93100,Donna,1980-09-07,Lucia Villa,Occasionale,Sicilia,3,44,Da 40 a 49
3923,Crotone,KR,88900,Donna,1961-12-15,Patrizia Galli,Occasionale,Calabria,3,63,Da 50 a 64
3924,Prato,PO,59100,Uomo,1986-06-25,Pasquale D'Agostino,Occasionale,Toscana,1,38,Da 30 a 39
3925,Campobasso,CB,86100,Uomo,1974-03-03,Pietro Pagano,Abituale,Molise,2,51,Da 50 a 64
3926,Cosenza,CS,87100,Uomo,1980-06-29,Pietro Grassi,Occasionale,Calabria,3,44,Da 40 a 49
3927,Gela,CL,93012,Donna,1951-12-30,Chiara Ferrari,Occasionale,Sicilia,3,73,Oltre 64
3928,Chieti,CH,66100,Uomo,1980-08-20,Carmelo Gentile,Abituale,Abruzzo,2,44,Da 40 a 49
3929,Cesena,FC,47521,Donna,1973-04-07,Laura Galli,Abituale,Emilia-Romagna,1,52,Da 50 a 64
3930,Potenza,PZ,85100,Donna,1969-12-04,Elisa Lombardi,Abituale,Basilicata,3,55,Da 50 a 64
3931,Forlì,FC,47121,Uomo,1952-01-07,Franco Rizzo,Abituale,Emilia-Romagna,1,73,Oltre 64
3932,Varese,VA,21100,Uomo,1959-11-25,Salvatore Amato,Occasionale,Lombardia,1,65,Oltre 64
3933,Padova,PD,35100,Uomo,1962-09-25,Carmelo Basile,Abituale,Veneto,1,62,Da 50 a 64
3934,Perugia,PG,06100,Uomo,1951-06-09,Angelo Longo,Abituale,Umbria,1,73,Oltre 64
3935,Cagliari,CA,09100,Uomo,1980-05-30,Daniele D'Agostino,Abituale,Sardegna,3,44,Da 40 a 49
3936,Pistoia,PT,51100,Uomo,1970-03-30,Francesco Sorrentino,Occasionale,Toscana,1,55,Da 50 a 64
3937,Forlì,FC,47121,Donna,1963-01-11,Giulia Sanna,Abituale,Emilia-Romagna,1,62,Da 50 a 64
3938,Trapani,TP,91100,Uomo,1963-06-20,Marco Conte,Abituale,Sicilia,3,61,Da 50 a 64
3939,Oristano,OR,09170,Donna,1963-10-04,Roberta Marino,Occasionale,Sardegna,3,61,Da 50 a 64
3940,Roma,RM,00100,Donna,1980-05-22,Anna Ferretti,Occasionale,Lazio,1,44,Da 40 a 49
3941,Parma,PR,43100,Donna,1992-01-20,Carmela Valentini,Occasionale,Emilia-Romagna,1,33,Da 30 a 39
3942,Perugia,PG,06100,Uomo,1964-08-12,Riccardo Benedetti,Abituale,Umbria,1,60,Da 50 a 64
3943,Viterbo,VT,01100,Uomo,1978-05-21,Claudio Marchetti,Abituale,Lazio,1,46,Da 40 a 49
3944,Cesena,FC,47521,Uomo,1953-04-10,Giovanni Rizzi,Occasionale,Emilia-Romagna,1,72,Oltre 64
3945,Barletta,BT,76121,Uomo,1969-09-22,Giuseppe Farina,Abituale,Puglia,2,55,Da 50 a 64
3946,Piacenza,PC,29100,Donna,1992-02-15,Silvia Morelli,Abituale,Emilia-Romagna,1,33,Da 30 a 39
3947,Monza,MB,20900,Donna,2000-02-15,Roberta Fabbri,Abituale,Lombardia,1,25,Da 18 a 29
3948,Latina,LT,04100,Donna,1978-05-15,Teresa Donati,Occasionale,Lazio,1,46,Da 40 a 49
3949,Verbania,VB,28921,Uomo,1983-10-27,Antonio Palumbo,Abituale,Piemonte,1,41,Da 40 a 49
3950,Chieti,CH,66100,Uomo,2000-10-17,Vincenzo De Santis,Abituale,Abruzzo,2,24,Da 18 a 29
3951,Prato,PO,59100,Donna,1957-06-01,Caterina Marchetti,Occasionale,Toscana,1,67,Oltre 64
3952,La Spezia,SP,19100,Uomo,1989-07-16,Daniele Leone,Abituale,Liguria,1,35,Da 30 a 39
3953,Viterbo,VT,01100,Uomo,1952-01-23,Giovanni Mazza,Abituale,Lazio,1,73,Oltre 64
3954,Caltanissetta,CL,93100,Donna,1979-11-26,Anna Grassi,Abituale,Sicilia,3,45,Da 40 a 49
3955,Parma,PR,43100,Donna,1960-06-14,Valeria D'Amico,Abituale,Emilia-Romagna,1,64,Da 50 a 64
3956,Caserta,CE,81100,Uomo,1966-10-03,Alberto Testa,Abituale,Campania,2,58,Da 50 a 64
3957,Isernia,IS,86170,Uomo,1954-01-21,Andrea Barbieri,Abituale,Molise,2,71,Oltre 64
3958,L'Aquila,AQ,67100,Donna,1970-05-16,Rita Gentile,Abituale,Abruzzo,2,54,Da 50 a 64
3959,Pavia,PV,27100,Donna,1973-02-23,Federica Sanna,Abituale,Lombardia,1,52,Da 50 a 64
3960,Crotone,KR,88900,Donna,1970-05-02,Sara Fabbri,Abituale,Calabria,3,54,Da 50 a 64
3961,Gela,CL,93012,Donna,1994-06-28,Federica Amato,Abituale,Sicilia,3,30,Da 30 a 39
3962,Marsala,TP,91025,Donna,1967-10-27,Giovanna Bernardi,Abituale,Sicilia,3,57,Da 50 a 64
3963,Rovigo,RO,45100,Donna,1951-05-04,Silvia Barone,Abituale,Veneto,1,73,Oltre 64
3964,Brescia,BS,25100,Uomo,2000-04-09,Maurizio De Angelis,Abituale,Lombardia,1,25,Da 18 a 29
3965,Pistoia,PT,51100,Uomo,1961-12-05,Giovanni D'Angelo,Abituale,Toscana,1,63,Da 50 a 64
3966,Vibo Valentia,VV,89900,Uomo,1950-04-03,Domenico Serra,Occasionale,Calabria,3,75,Oltre 64
3967,Como,CO,22100,Uomo,1996-03-07,Francesco Costa,Occasionale,Lombardia,1,29,Da 18 a 29
3968,Torino,TO,10100,Uomo,1964-06-26,Michele Morelli,Occasionale,Piemonte,1,60,Da 50 a 64
3969,Macerata,MC,62100,Donna,1988-06-19,Monica Esposito,Abituale,Marche,1,36,Da 30 a 39
3970,Parma,PR,43100,Uomo,1976-10-25,Luca Grasso,Abituale,Emilia-Romagna,1,48,Da 40 a 49
3971,Andria,BT,76123,Uomo,1992-05-31,Giuseppe Neri,Occasionale,Puglia,2,32,Da 30 a 39
3972,Busto Arsizio,VA,21052,Donna,1975-01-10,Rita Mariani,Abituale,Lombardia,1,50,Da 50 a 64
3973,Isernia,IS,86170,Uomo,1999-11-29,Federico Ferri,Abituale,Molise,2,25,Da 18 a 29
3974,Vercelli,VC,13100,Uomo,1984-06-29,Pasquale Grasso,Abituale,Piemonte,1,40,Da 40 a 49
3975,Pistoia,PT,51100,Uomo,1986-12-06,Davide Rizzo,Occasionale,Toscana,1,38,Da 30 a 39
3976,Sassari,SS,07100,Donna,1979-09-20,Claudia Rizzi,Abituale,Sardegna,3,45,Da 40 a 49
3977,Novara,NO,28100,Uomo,1985-07-17,Roberto Fontana,Abituale,Piemonte,1,39,Da 30 a 39
3978,Avellino,AV,83100,Donna,1969-01-10,Giuseppina De Angelis,Abituale,Campania,2,56,Da 50 a 64
3979,Isernia,IS,86170,Donna,1994-07-01,Federica Ferrara,Abituale,Molise,2,30,Da 30 a 39
3980,Ferrara,FE,44100,Uomo,1968-07-20,Bruno Leone,Abituale,Emilia-Romagna,1,56,Da 50 a 64
3981,Torino,TO,10100,Uomo,1989-10-20,Federico Monti,Abituale,Piemonte,1,35,Da 30 a 39
3982,Macerata,MC,62100,Donna,1954-12-20,Giovanna Ferretti,Occasionale,Marche,1,70,Oltre 64
3983,Avellino,AV,83100,Donna,1992-06-30,Laura Rossi,Abituale,Campania,2,32,Da 30 a 39
3984,Rimini,RN,47900,Donna,1978-01-28,Grazia Gatti,Abituale,Emilia-Romagna,1,47,Da 40 a 49
3985,Padova,PD,35100,Uomo,1960-09-01,Nicola Ferrero,Abituale,Veneto,1,64,Da 50 a 64
3986,Varese,VA,21100,Donna,1982-02-11,Cristina Grasso,Abituale,Lombardia,1,43,Da 40 a 49
3987,Lucca,LU,55100,Uomo,1973-08-20,Francesco Vitale,Abituale,Toscana,1,51,Da 50 a 64
3988,Imperia,IM,18100,Donna,1971-06-21,Claudia Fiore,Occasionale,Liguria,1,53,Da 50 a 64
3989,Arezzo,AR,52100,Donna,1989-06-26,Caterina Galli,Abituale,Toscana,1,35,Da 30 a 39
3990,Crotone,KR,88900,Uomo,1988-01-02,Antonio Conti,Abituale,Calabria,3,37,Da 30 a 39
3991,Trieste,TS,34100,Uomo,1990-02-21,Maurizio Rossi,Occasionale,Friuli-Venezia Giulia,1,35,Da 30 a 39
3992,Fermo,FM,63900,Uomo,1974-03-25,Antonio Longo,Abituale,Marche,1,51,Da 50 a 64
3993,Matera,MT,75100,Uomo,1996-06-26,Antonio Caruso,Occasionale,Basilicata,3,28,Da 18 a 29
3994,Catanzaro,CZ,88100,Uomo,1978-01-15,Claudio Carli,Abituale,Calabria,3,47,Da 40 a 49
3995,Arezzo,AR,52100,Donna,1983-10-08,Elisa Sanna,Occasionale,Toscana,1,41,Da 40 a 49
3996,Roma,RM,00100,Uomo,1985-05-30,Emanuele Grassi,Abituale,Lazio,1,39,Da 30 a 39
3997,Trapani,TP,91100,Uomo,1950-01-18,Andrea Ricci,Abituale,Sicilia,3,75,Oltre 64
3998,Frosinone,FR,03100,Donna,1965-12-17,Elena Franco,Abituale,Lazio,1,59,Da 50 a 64
3999,Fermo,FM,63900,Donna,1957-07-29,Grazia Bellini,Abituale,Marche,1,67,Oltre 64
4000,Rimini,RN,47900,Uomo,1972-12-31,Domenico Conte,Abituale,Emilia-Romagna,1,52,Da 50 a 64
4001,Livorno,LI,57100,Donna,1993-05-11,Grazia Benedetti,Occasionale,Toscana,1,31,Da 30 a 39
4002,Napoli,NA,80100,Uomo,1978-11-09,Roberto Valentini,Occasionale,Campania,2,46,Da 40 a 49
4003,Andria,BT,76123,Donna,1961-05-06,Cristina Marino,Abituale,Puglia,2,63,Da 50 a 64
4004,Caserta,CE,81100,Donna,1977-10-06,Giulia De Luca,Abituale,Campania,2,47,Da 40 a 49
4005,Piacenza,PC,29100,Donna,1963-12-16,Federica Cattaneo,Abituale,Emilia-Romagna,1,61,Da 50 a 64
4006,Alessandria,AL,15100,Donna,1961-01-26,Roberta Santoro,Abituale,Piemonte,1,64,Da 50 a 64
4007,Cesena,FC,47521,Donna,1989-04-16,Elisa Caputo,Occasionale,Emilia-Romagna,1,36,Da 30 a 39
4008,Trieste,TS,34100,Uomo,1958-03-08,Davide Gatti,Abituale,Friuli-Venezia Giulia,1,67,Oltre 64
4009,Siracusa,SR,96100,Donna,1973-08-23,Valeria Marino,Occasionale,Sicilia,3,51,Da 50 a 64
4010,Vercelli,VC,13100,Donna,1964-02-23,Anna Sala,Abituale,Piemonte,1,61,Da 50 a 64
4011,Frosinone,FR,03100,Donna,1965-04-29,Rita Pagano,Abituale,Lazio,1,59,Da 50 a 64
4012,Treviso,TV,31100,Donna,1979-02-23,Carmela Palumbo,Occasionale,Veneto,1,46,Da 40 a 49
4013,Asti,AT,14100,Donna,1988-06-17,Stefania Bernardi,Occasionale,Piemonte,1,36,Da 30 a 39
4014,Torre del Greco,NA,80059,Uomo,1976-04-05,Alberto Rinaldi,Occasionale,Campania,2,49,Da 40 a 49
4015,Cesena,FC,47521,Donna,1976-04-22,Anna Bernardi,Abituale,Emilia-Romagna,1,49,Da 40 a 49
4016,Belluno,BL,32100,Uomo,1995-06-02,Giorgio Fiore,Abituale,Veneto,1,29,Da 18 a 29
4017,Barletta,BT,76121,Donna,1966-07-13,Elisabetta Mariani,Occasionale,Puglia,2,58,Da 50 a 64
4018,Ferrara,FE,44100,Donna,1996-03-28,Giulia Pellegrini,Abituale,Emilia-Romagna,1,29,Da 18 a 29
4019,Foggia,FG,71100,Uomo,1960-07-10,Angelo Donati,Abituale,Puglia,2,64,Da 50 a 64
4020,Savona,SV,17100,Uomo,1963-03-23,Maurizio Romano,Abituale,Liguria,1,62,Da 50 a 64
4021,Gela,CL,93012,Donna,1986-01-23,Concetta Serra,Occasionale,Sicilia,3,39,Da 30 a 39
4022,Taranto,TA,74100,Donna,1973-06-05,Rita Leone,Abituale,Puglia,2,51,Da 50 a 64
4023,Cuneo,CN,12100,Uomo,1983-05-06,Stefano Greco,Abituale,Piemonte,1,41,Da 40 a 49
4024,Lecco,LC,23900,Uomo,1995-05-20,Luigi Rinaldi,Abituale,Lombardia,1,29,Da 18 a 29
4025,Perugia,PG,06100,Uomo,1997-12-17,Davide Ferri,Abituale,Umbria,1,27,Da 18 a 29
4026,Brindisi,BR,72100,Donna,1955-02-18,Elisa De Luca,Abituale,Puglia,2,70,Oltre 64
4027,Savona,SV,17100,Uomo,1972-04-22,Pietro Martini,Abituale,Liguria,1,53,Da 50 a 64
4028,Ravenna,RA,48100,Donna,1988-06-30,Rita Colombo,Occasionale,Emilia-Romagna,1,36,Da 30 a 39
4029,Monza,MB,20900,Donna,1954-10-21,Concetta Ferraro,Occasionale,Lombardia,1,70,Oltre 64
4030,Como,CO,22100,Donna,1986-12-13,Angela Rossi,Abituale,Lombardia,1,38,Da 30 a 39
4031,Enna,EN,94100,Donna,1962-09-04,Paola Esposito,Abituale,Sicilia,3,62,Da 50 a 64
4032,Frosinone,FR,03100,Uomo,1984-08-22,Paolo Bianchi,Abituale,Lazio,1,40,Da 40 a 49
4033,Ascoli Piceno,AP,63100,Donna,1999-04-12,Monica Villa,Abituale,Marche,1,26,Da 18 a 29
4034,Andria,BT,76123,Uomo,1967-06-03,Daniele Serra,Occasionale,Puglia,2,57,Da 50 a 64
4035,Nuoro,NU,08100,Donna,1972-05-13,Chiara Sorrentino,Abituale,Sardegna,3,52,Da 50 a 64
4036,Avellino,AV,83100,Uomo,1976-04-17,Angelo Rinaldi,Occasionale,Campania,2,49,Da 40 a 49
4037,Reggio Calabria,RC,89100,Uomo,1957-01-11,Domenico Sanna,Abituale,Calabria,3,68,Oltre 64
4038,Piacenza,PC,29100,Donna,1978-01-21,Carmela Marchetti,Abituale,Emilia-Romagna,1,47,Da 40 a 49
4039,Avellino,AV,83100,Donna,1975-06-07,Valeria Barone,Abituale,Campania,2,49,Da 40 a 49
4040,Bologna,BO,40100,Uomo,1985-05-27,Daniele Mancini,Abituale,Emilia-Romagna,1,39,Da 30 a 39
4041,Livorno,LI,57100,Donna,1974-10-22,Stefania Bruno,Abituale,Toscana,1,50,Da 50 a 64
4042,Udine,UD,33100,Donna,1973-03-01,Patrizia Ferrari,Abituale,Friuli-Venezia Giulia,1,52,Da 50 a 64
4043,Enna,EN,94100,Donna,1992-04-26,Paola Mancini,Abituale,Sicilia,3,33,Da 30 a 39
4044,Messina,ME,98100,Uomo,1955-12-14,Alessandro Gallo,Abituale,Sicilia,3,69,Oltre 64
4045,Siracusa,SR,96100,Uomo,1964-03-15,Massimo Marchetti,Occasionale,Sicilia,3,61,Da 50 a 64
4046,Alessandria,AL,15100,Donna,1954-08-03,Giuseppina Martinelli,Abituale,Piemonte,1,70,Oltre 64
4047,Isernia,IS,86170,Uomo,1958-04-05,Vincenzo Marini,Abituale,Molise,2,67,Oltre 64
4048,Trapani,TP,91100,Donna,1967-11-15,Chiara Pellegrino,Abituale,Sicilia,3,57,Da 50 a 64
4049,Agrigento,AG,92100,Donna,1961-06-02,Alessandra D'Agostino,Abituale,Sicilia,3,63,Da 50 a 64
4050,Lodi,LO,26900,Uomo,1986-02-08,Nicola Conti,Occasionale,Lombardia,1,39,Da 30 a 39
4051,Piacenza,PC,29100,Uomo,2000-09-10,Massimo Santoro,Abituale,Emilia-Romagna,1,24,Da 18 a 29
4052,Catania,CT,95100,Uomo,1963-01-02,Leonardo Colombo,Occasionale,Sicilia,3,62,Da 50 a 64
4053,Perugia,PG,06100,Uomo,1973-04-17,Vincenzo Grasso,Abituale,Umbria,1,52,Da 50 a 64
4054,Pisa,PI,56100,Donna,1965-08-18,Rosa D'Amico,Occasionale,Toscana,1,59,Da 50 a 64
4055,Cosenza,CS,87100,Donna,1997-05-23,Roberta Santoro,Occasionale,Calabria,3,27,Da 18 a 29
4056,Brescia,BS,25100,Donna,1956-06-23,Sara Gentile,Occasionale,Lombardia,1,68,Oltre 64
4057,Salerno,SA,84100,Donna,1965-08-20,Grazia Basile,Abituale,Campania,2,59,Da 50 a 64
4058,Pavia,PV,27100,Donna,1970-09-10,Francesca Santoro,Abituale,Lombardia,1,54,Da 50 a 64
4059,Parma,PR,43100,Uomo,1967-12-04,Daniele De Luca,Abituale,Emilia-Romagna,1,57,Da 50 a 64
4060,Pisa,PI,56100,Uomo,1979-06-01,Francesco Gatti,Occasionale,Toscana,1,45,Da 40 a 49
4061,Brindisi,BR,72100,Donna,1955-12-11,Valentina Ferrara,Abituale,Puglia,2,69,Oltre 64
4062,Barletta,BT,76121,Uomo,1961-03-07,Dario Gentile,Abituale,Puglia,2,64,Da 50 a 64
4063,Cosenza,CS,87100,Uomo,1976-10-31,Michele De Rosa,Abituale,Calabria,3,48,Da 40 a 49
4064,Cremona,CR,26100,Uomo,1953-02-12,Stefano Vitale,Occasionale,Lombardia,1,72,Oltre 64
4065,Pistoia,PT,51100,Donna,1994-09-04,Caterina Gallo,Abituale,Toscana,1,30,Da 30 a 39
4066,Terni,TR,05100,Uomo,1989-08-28,Paolo Ferrero,Occasionale,Umbria,1,35,Da 30 a 39
4067,Agrigento,AG,92100,Donna,1989-03-01,Monica Fabbri,Abituale,Sicilia,3,36,Da 30 a 39
4068,Alessandria,AL,15100,Uomo,1985-01-16,Dario Donati,Occasionale,Piemonte,1,40,Da 40 a 49
4069,La Spezia,SP,19100,Uomo,1975-05-29,Vincenzo Orlando,Occasionale,Liguria,1,49,Da 40 a 49
4070,Padova,PD,35100,Donna,1996-01-22,Claudia Rizzo,Occasionale,Veneto,1,29,Da 18 a 29
4071,Isernia,IS,86170,Uomo,1958-08-06,Federico Bellini,Abituale,Molise,2,66,Oltre 64
4072,Biella,BI,13900,Uomo,1982-04-30,Leonardo Giuliani,Abituale,Piemonte,1,42,Da 40 a 49
4073,Gela,CL,93012,Donna,1957-12-12,Giorgia Neri,Abituale,Sicilia,3,67,Oltre 64
4074,Udine,UD,33100,Uomo,1973-09-18,Luigi Ferretti,Abituale,Friuli-Venezia Giulia,1,51,Da 50 a 64
4075,Foggia,FG,71100,Uomo,1964-07-31,Nicola Ferrero,Abituale,Puglia,2,60,Da 50 a 64
4076,Novara,NO,28100,Uomo,1984-08-26,Fabio Fabbri,Abituale,Piemonte,1,40,Da 40 a 49
4077,Alessandria,AL,15100,Donna,1951-02-05,Laura Bellini,Occasionale,Piemonte,1,74,Oltre 64
4078,Brescia,BS,25100,Donna,1994-08-27,Elisa D'Amico,Occasionale,Lombardia,1,30,Da 30 a 39
4079,Biella,BI,13900,Donna,1961-05-17,Carmela D'Agostino,Abituale,Piemonte,1,63,Da 50 a 64
4080,Milano,MI,20100,Uomo,1959-12-08,Giorgio Palumbo,Abituale,Lombardia,1,65,Oltre 64
4081,Lecco,LC,23900,Donna,1985-06-24,Rosa Monti,Abituale,Lombardia,1,39,Da 30 a 39
4082,Treviso,TV,31100,Uomo,1955-12-13,Antonio Lombardo,Occasionale,Veneto,1,69,Oltre 64
4083,Macerata,MC,62100,Donna,1973-06-23,Caterina Ferrari,Occasionale,Marche,1,51,Da 50 a 64
4084,Siracusa,SR,96100,Uomo,1993-12-18,Federico Ferretti,Abituale,Sicilia,3,31,Da 30 a 39
4085,Pisa,PI,56100,Donna,1977-10-23,Angela Fabbri,Abituale,Toscana,1,47,Da 40 a 49
4086,Livorno,LI,57100,Uomo,1983-10-30,Luigi Barone,Abituale,Toscana,1,41,Da 40 a 49
4087,Varese,VA,21100,Donna,1985-03-30,Sara Moretti,Abituale,Lombardia,1,40,Da 40 a 49
4088,Barletta,BT,76121,Donna,1974-03-04,Alessandra Silvestri,Abituale,Puglia,2,51,Da 50 a 64
4089,Barletta,BT,76121,Uomo,1975-03-11,Luca Grassi,Occasionale,Puglia,2,50,Da 50 a 64
4090,Torre del Greco,NA,80059,Donna,2000-04-06,Elisabetta Lombardi,Occasionale,Campania,2,25,Da 18 a 29
4091,Sondrio,SO,23100,Donna,1993-09-09,Valeria Carbone,Occasionale,Lombardia,1,31,Da 30 a 39
4092,Biella,BI,13900,Uomo,1980-09-20,Michele Conte,Abituale,Piemonte,1,44,Da 40 a 49
4093,Nuoro,NU,08100,Uomo,1991-09-14,Salvatore Lombardo,Abituale,Sardegna,3,33,Da 30 a 39
4094,Terni,TR,05100,Donna,1988-09-09,Maria Morelli,Abituale,Umbria,1,36,Da 30 a 39
4095,Agrigento,AG,92100,Donna,2000-11-23,Caterina Mancini,Abituale,Sicilia,3,24,Da 18 a 29
4096,Ravenna,RA,48100,Donna,1957-02-24,Alessandra Gatti,Occasionale,Emilia-Romagna,1,68,Oltre 64
4097,Vibo Valentia,VV,89900,Uomo,1993-09-24,Giuseppe Grassi,Abituale,Calabria,3,31,Da 30 a 39
4098,Chieti,CH,66100,Donna,1976-11-18,Stefania Barone,Occasionale,Abruzzo,2,48,Da 40 a 49
4099,Cosenza,CS,87100,Donna,1980-11-19,Claudia Mazza,Occasionale,Calabria,3,44,Da 40 a 49
4100,Milano,MI,20100,Donna,1983-11-06,Laura Rossi,Abituale,Lombardia,1,41,Da 40 a 49
4101,Forlì,FC,47121,Donna,1996-09-03,Valentina Vitale,Abituale,Emilia-Romagna,1,28,Da 18 a 29
4102,Novara,NO,28100,Donna,1969-06-29,Rosa Arena,Occasionale,Piemonte,1,55,Da 50 a 64
4103,Pesaro,PU,61100,Uomo,1956-08-01,Carmelo Bianchi,Abituale,Marche,1,68,Oltre 64
4104,Latina,LT,04100,Donna,1950-12-24,Margherita Arena,Occasionale,Lazio,1,74,Oltre 64
4105,Frosinone,FR,03100,Uomo,1951-07-17,Bruno Rossi,Abituale,Lazio,1,73,Oltre 64
4106,Bari,BA,70100,Uomo,1964-11-20,Paolo Marchetti,Occasionale,Puglia,2,60,Da 50 a 64
4107,Latina,LT,04100,Uomo,1961-09-20,Paolo Romano,Occasionale,Lazio,1,63,Da 50 a 64
4108,Verbania,VB,28921,Uomo,1978-07-17,Carlo Arena,Abituale,Piemonte,1,46,Da 40 a 49
4109,Parma,PR,43100,Uomo,1979-05-07,Davide Sanna,Occasionale,Emilia-Romagna,1,45,Da 40 a 49
4110,Ravenna,RA,48100,Uomo,1975-03-21,Paolo Gatti,Occasionale,Emilia-Romagna,1,50,Da 50 a 64
4111,Torino,TO,10100,Donna,1960-04-14,Giulia Grassi,Abituale,Piemonte,1,65,Oltre 64
4112,Grosseto,GR,58100,Uomo,1995-07-16,Riccardo Ricci,Abituale,Toscana,1,29,Da 18 a 29
4113,Bergamo,BG,24100,Donna,1994-12-01,Silvia Gallo,Abituale,Lombardia,1,30,Da 30 a 39
4114,Potenza,PZ,85100,Donna,1965-05-21,Valeria Valentini,Occasionale,Basilicata,3,59,Da 50 a 64
4115,Lucca,LU,55100,Uomo,1996-08-17,Claudio Costa,Abituale,Toscana,1,28,Da 18 a 29
4116,Roma,RM,00100,Donna,1962-10-18,Stefania Rossetti,Occasionale,Lazio,1,62,Da 50 a 64
4117,Biella,BI,13900,Uomo,1971-05-27,Paolo Gentile,Abituale,Piemonte,1,53,Da 50 a 64
4118,Mantova,MN,46100,Uomo,1983-10-26,Giorgio Marini,Abituale,Lombardia,1,41,Da 40 a 49
4119,Biella,BI,13900,Donna,1991-09-03,Monica Serra,Abituale,Piemonte,1,33,Da 30 a 39
4120,Cosenza,CS,87100,Donna,1975-03-20,Silvia Messina,Abituale,Calabria,3,50,Da 50 a 64
4121,Gela,CL,93012,Donna,1977-09-07,Angela Greco,Abituale,Sicilia,3,47,Da 40 a 49
4122,Cosenza,CS,87100,Uomo,1980-09-11,Stefano Colombo,Occasionale,Calabria,3,44,Da 40 a 49
4123,Nuoro,NU,08100,Donna,1958-11-15,Sofia Vitale,Occasionale,Sardegna,3,66,Oltre 64
4124,Cagliari,CA,09100,Uomo,1994-12-02,Paolo Rossi,Abituale,Sardegna,3,30,Da 30 a 39
4125,Alessandria,AL,15100,Donna,1980-05-12,Alessandra Barbieri,Abituale,Piemonte,1,44,Da 40 a 49
4126,Imperia,IM,18100,Donna,1994-10-07,Anna Valentini,Abituale,Liguria,1,30,Da 30 a 39
4127,Taranto,TA,74100,Donna,1977-12-30,Francesca Cattaneo,Abituale,Puglia,2,47,Da 40 a 49
4128,Mantova,MN,46100,Uomo,1977-01-08,Francesco Ruggiero,Occasionale,Lombardia,1,48,Da 40 a 49
4129,Marsala,TP,91025,Donna,1950-07-02,Giovanna De Rosa,Abituale,Sicilia,3,74,Oltre 64
4130,Rimini,RN,47900,Donna,1990-06-27,Roberta Lombardi,Abituale,Emilia-Romagna,1,34,Da 30 a 39
4131,Livorno,LI,57100,Donna,1974-11-20,Anna Gallo,Abituale,Toscana,1,50,Da 50 a 64
4132,Savona,SV,17100,Donna,1987-09-30,Rita Franco,Abituale,Liguria,1,37,Da 30 a 39
4133,Foggia,FG,71100,Donna,1993-02-10,Emanuela Ricci,Abituale,Puglia,2,32,Da 30 a 39
4134,Cuneo,CN,12100,Donna,1995-07-12,Teresa Conti,Occasionale,Piemonte,1,29,Da 18 a 29
4135,Bergamo,BG,24100,Donna,1956-01-02,Giuseppina Fabbri,Occasionale,Lombardia,1,69,Oltre 64
4136,Modena,MO,41100,Donna,1977-07-11,Chiara D'Angelo,Abituale,Emilia-Romagna,1,47,Da 40 a 49
4137,Teramo,TE,64100,Uomo,1953-12-01,Enzo Conti,Abituale,Abruzzo,2,71,Oltre 64
4138,Messina,ME,98100,Uomo,1950-01-07,Riccardo Bruno,Occasionale,Sicilia,3,75,Oltre 64
4139,Gela,CL,93012,Donna,1975-01-07,Margherita Marini,Occasionale,Sicilia,3,50,Da 50 a 64
4140,Lucca,LU,55100,Donna,1961-08-27,Stefania Ferrero,Abituale,Toscana,1,63,Da 50 a 64
4141,Arezzo,AR,52100,Donna,1989-10-19,Rosa Sanna,Occasionale,Toscana,1,35,Da 30 a 39
4142,Novara,NO,28100,Uomo,1998-04-05,Salvatore Pellegrino,Occasionale,Piemonte,1,27,Da 18 a 29
4143,Prato,PO,59100,Donna,1961-10-28,Margherita De Santis,Abituale,Toscana,1,63,Da 50 a 64
4144,Barletta,BT,76121,Uomo,1955-01-24,Pasquale Fabbri,Abituale,Puglia,2,70,Oltre 64
4145,Marsala,TP,91025,Donna,1953-10-31,Alessandra Orlando,Abituale,Sicilia,3,71,Oltre 64
4146,Napoli,NA,80100,Donna,1990-07-03,Rita Mazza,Abituale,Campania,2,34,Da 30 a 39
4147,Asti,AT,14100,Donna,1959-09-19,Monica Donati,Abituale,Piemonte,1,65,Oltre 64
4148,Latina,LT,04100,Uomo,1960-05-09,Bruno Leone,Abituale,Lazio,1,64,Da 50 a 64
4149,L'Aquila,AQ,67100,Uomo,1990-09-26,Andrea Piras,Abituale,Abruzzo,2,34,Da 30 a 39
4150,Grosseto,GR,58100,Uomo,1970-01-28,Antonio Cattaneo,Abituale,Toscana,1,55,Da 50 a 64
4151,Marsala,TP,91025,Donna,1995-02-21,Cristina Mancini,Abituale,Sicilia,3,30,Da 30 a 39
4152,Asti,AT,14100,Donna,1967-08-07,Lucia Giordano,Abituale,Piemonte,1,57,Da 50 a 64
4153,Biella,BI,13900,Uomo,1994-12-11,Roberto Fiore,Abituale,Piemonte,1,30,Da 30 a 39
4154,Caltanissetta,CL,93100,Donna,1992-06-01,Rita Colombo,Abituale,Sicilia,3,32,Da 30 a 39
4155,Catanzaro,CZ,88100,Donna,1998-10-04,Patrizia Pellegrini,Abituale,Calabria,3,26,Da 18 a 29
4156,Rieti,RI,02100,Uomo,1984-11-27,Carlo Rizzo,Abituale,Lazio,1,40,Da 40 a 49
4157,Salerno,SA,84100,Uomo,1975-11-20,Riccardo Arena,Abituale,Campania,2,49,Da 40 a 49
4158,L'Aquila,AQ,67100,Uomo,1972-10-11,Pietro Mariani,Abituale,Abruzzo,2,52,Da 50 a 64
4159,Caltanissetta,CL,93100,Donna,1964-11-03,Simona Barone,Abituale,Sicilia,3,60,Da 50 a 64
4160,Bolzano,BZ,39100,Donna,1999-10-19,Monica Russo,Abituale,Trentino-Alto Adige,1,25,Da 18 a 29
4161,Piacenza,PC,29100,Uomo,1952-02-25,Domenico Carli,Occasionale,Emilia-Romagna,1,73,Oltre 64
4162,Rieti,RI,02100,Uomo,1970-06-10,Claudio De Luca,Occasionale,Lazio,1,54,Da 50 a 64
4163,Enna,EN,94100,Uomo,1957-07-30,Franco Leone,Occasionale,Sicilia,3,67,Oltre 64
4164,Lecco,LC,23900,Donna,1977-03-28,Sara Vitale,Abituale,Lombardia,1,48,Da 40 a 49
4165,Verbania,VB,28921,Uomo,1988-01-18,Federico Basile,Occasionale,Piemonte,1,37,Da 30 a 39
4166,Andria,BT,76123,Donna,1968-05-28,Giorgia Vitale,Abituale,Puglia,2,56,Da 50 a 64
4167,Novara,NO,28100,Donna,1951-08-11,Claudia Romano,Abituale,Piemonte,1,73,Oltre 64
4168,Pordenone,PN,33170,Uomo,1980-08-16,Enzo Russo,Occasionale,Friuli-Venezia Giulia,1,44,Da 40 a 49
4169,Torre del Greco,NA,80059,Donna,1997-01-24,Carmela Fabbri,Abituale,Campania,2,28,Da 18 a 29
4170,Novara,NO,28100,Donna,1993-09-16,Valentina Conti,Abituale,Piemonte,1,31,Da 30 a 39
4171,Treviso,TV,31100,Uomo,1997-06-22,Luca Neri,Occasionale,Veneto,1,27,Da 18 a 29
4172,Potenza,PZ,85100,Donna,1987-12-27,Rita Vitale,Abituale,Basilicata,3,37,Da 30 a 39
4173,Isernia,IS,86170,Donna,1972-09-19,Sara Rizzi,Abituale,Molise,2,52,Da 50 a 64
4174,Forlì,FC,47121,Donna,1989-01-29,Claudia Guerra,Occasionale,Emilia-Romagna,1,36,Da 30 a 39
4175,Vibo Valentia,VV,89900,Donna,1965-05-30,Ilaria Ferraro,Abituale,Calabria,3,59,Da 50 a 64
4176,Imperia,IM,18100,Donna,1961-12-23,Cristina Parisi,Abituale,Liguria,1,63,Da 50 a 64
4177,Viterbo,VT,01100,Donna,1979-03-07,Sofia Sorrentino,Abituale,Lazio,1,46,Da 40 a 49
4178,Taranto,TA,74100,Uomo,1950-06-20,Salvatore Ferretti,Abituale,Puglia,2,74,Oltre 64
4179,Arezzo,AR,52100,Uomo,1954-11-29,Emanuele Bruno,Abituale,Toscana,1,70,Oltre 64
4180,Taranto,TA,74100,Donna,1966-09-19,Roberta Ferri,Abituale,Puglia,2,58,Da 50 a 64
4181,Brescia,BS,25100,Donna,1997-04-29,Rita Bianchi,Occasionale,Lombardia,1,27,Da 18 a 29
4182,Sesto San Giovanni,MI,20099,Donna,1998-05-11,Angela Palumbo,Occasionale,Lombardia,1,26,Da 18 a 29
4183,Biella,BI,13900,Uomo,1959-07-30,Andrea Mancini,Abituale,Piemonte,1,65,Oltre 64
4184,Modena,MO,41100,Donna,1994-01-27,Giorgia Coppola,Occasionale,Emilia-Romagna,1,31,Da 30 a 39
4185,Catania,CT,95100,Uomo,1982-01-09,Daniele Ferrara,Abituale,Sicilia,3,43,Da 40 a 49
4186,Bergamo,BG,24100,Uomo,1975-04-14,Salvatore Martini,Abituale,Lombardia,1,50,Da 50 a 64
4187,Busto Arsizio,VA,21052,Donna,1994-02-10,Valeria Franco,Abituale,Lombardia,1,31,Da 30 a 39
4188,Imperia,IM,18100,Donna,2000-12-08,Sara Parisi,Abituale,Liguria,1,24,Da 18 a 29
4189,La Spezia,SP,19100,Donna,1972-09-18,Silvia Sala,Occasionale,Liguria,1,52,Da 50 a 64
4190,Lecce,LE,73100,Donna,1970-10-22,Roberta Russo,Abituale,Puglia,2,54,Da 50 a 64
4191,La Spezia,SP,19100,Uomo,1994-09-10,Andrea Sanna,Abituale,Liguria,1,30,Da 30 a 39
4192,Reggio Calabria,RC,89100,Uomo,1990-10-17,Enzo Rizzi,Abituale,Calabria,3,34,Da 30 a 39
4193,Viterbo,VT,01100,Uomo,1998-11-24,Carlo Lombardo,Occasionale,Lazio,1,26,Da 18 a 29
4194,Brindisi,BR,72100,Uomo,1965-04-26,Andrea Vitale,Occasionale,Puglia,2,60,Da 50 a 64
4195,Prato,PO,59100,Uomo,1968-08-05,Pietro Caputo,Abituale,Toscana,1,56,Da 50 a 64
4196,Avellino,AV,83100,Donna,1998-01-31,Giovanna Rinaldi,Abituale,Campania,2,27,Da 18 a 29
4197,Cremona,CR,26100,Donna,1974-06-16,Margherita Basile,Occasionale,Lombardia,1,50,Da 50 a 64
4198,Brescia,BS,25100,Donna,1968-07-10,Patrizia Grasso,Abituale,Lombardia,1,56,Da 50 a 64
4199,Pistoia,PT,51100,Donna,1974-10-13,Alessandra Marini,Abituale,Toscana,1,50,Da 50 a 64
4200,Vicenza,VI,36100,Uomo,1985-07-14,Dario Ferrara,Abituale,Veneto,1,39,Da 30 a 39
4201,Pesaro,PU,61100,Donna,1996-07-13,Federica Marino,Occasionale,Marche,1,28,Da 18 a 29
4202,Prato,PO,59100,Donna,1965-05-01,Simona Giuliani,Abituale,Toscana,1,59,Da 50 a 64
4203,Sassari,SS,07100,Uomo,1960-07-24,Pietro Bianchi,Abituale,Sardegna,3,64,Da 50 a 64
4204,Cesena,FC,47521,Uomo,1962-05-31,Maurizio Orlando,Abituale,Emilia-Romagna,1,62,Da 50 a 64
4205,Busto Arsizio,VA,21052,Uomo,1965-10-08,Francesco Benedetti,Occasionale,Lombardia,1,59,Da 50 a 64
4206,Genova,GE,16100,Donna,1958-05-13,Patrizia Romano,Abituale,Liguria,1,66,Oltre 64
4207,Andria,BT,76123,Uomo,1982-08-06,Massimo Barbieri,Abituale,Puglia,2,42,Da 40 a 49
4208,Pistoia,PT,51100,Donna,1986-04-21,Rosa Caruso,Abituale,Toscana,1,39,Da 30 a 39
4209,Catanzaro,CZ,88100,Donna,1996-07-10,Elisabetta Rinaldi,Abituale,Calabria,3,28,Da 18 a 29
4210,Pesaro,PU,61100,Uomo,1991-02-02,Carmelo Arena,Occasionale,Marche,1,34,Da 30 a 39
4211,Cremona,CR,26100,Uomo,1991-11-10,Carlo Valentini,Abituale,Lombardia,1,33,Da 30 a 39
4212,Barletta,BT,76121,Donna,1995-08-24,Stefania D'Amico,Abituale,Puglia,2,29,Da 18 a 29
4213,Avellino,AV,83100,Donna,1993-06-16,Stefania Arena,Occasionale,Campania,2,31,Da 30 a 39
4214,Mantova,MN,46100,Uomo,1951-08-26,Franco Costa,Abituale,Lombardia,1,73,Oltre 64
4215,Trapani,TP,91100,Uomo,1953-05-21,Enzo Sorrentino,Abituale,Sicilia,3,71,Oltre 64
4216,Terni,TR,05100,Donna,1983-11-19,Elisabetta Giuliani,Abituale,Umbria,1,41,Da 40 a 49
4217,La Spezia,SP,19100,Uomo,1988-09-03,Alessandro Ferrara,Abituale,Liguria,1,36,Da 30 a 39
4218,Pisa,PI,56100,Uomo,1965-06-11,Pasquale Mazza,Abituale,Toscana,1,59,Da 50 a 64
4219,Trieste,TS,34100,Donna,1967-05-06,Margherita Lombardi,Abituale,Friuli-Venezia Giulia,1,57,Da 50 a 64
4220,Piacenza,PC,29100,Donna,1995-07-28,Sofia Conte,Abituale,Emilia-Romagna,1,29,Da 18 a 29
4221,Isernia,IS,86170,Donna,1950-12-17,Claudia Bianco,Occasionale,Molise,2,74,Oltre 64
4222,Pesaro,PU,61100,Donna,1961-09-10,Silvia Bianco,Abituale,Marche,1,63,Da 50 a 64
4223,Chieti,CH,66100,Uomo,1961-12-01,Leonardo Ricci,Abituale,Abruzzo,2,63,Da 50 a 64
4224,Mantova,MN,46100,Uomo,1965-07-23,Alberto Pellegrini,Abituale,Lombardia,1,59,Da 50 a 64
4225,Teramo,TE,64100,Uomo,1983-08-22,Massimo Marchetti,Abituale,Abruzzo,2,41,Da 40 a 49
4226,Bologna,BO,40100,Uomo,1989-10-09,Andrea Ruggiero,Abituale,Emilia-Romagna,1,35,Da 30 a 39
4227,L'Aquila,AQ,67100,Donna,1953-01-11,Giovanna Ferrari,Abituale,Abruzzo,2,72,Oltre 64
4228,Siena,SI,53100,Uomo,1995-12-16,Sergio Ricci,Occasionale,Toscana,1,29,Da 18 a 29
4229,Bologna,BO,40100,Uomo,1950-06-19,Giorgio Pagano,Abituale,Emilia-Romagna,1,74,Oltre 64
4230,Milano,MI,20100,Uomo,1954-07-22,Giorgio Donati,Occasionale,Lombardia,1,70,Oltre 64
4231,Siena,SI,53100,Donna,1992-05-10,Monica D'Amico,Abituale,Toscana,1,32,Da 30 a 39
4232,Imperia,IM,18100,Donna,1998-05-29,Caterina Rizzo,Occasionale,Liguria,1,26,Da 18 a 29
4233,La Spezia,SP,19100,Uomo,1966-03-19,Massimo Vitale,Abituale,Liguria,1,59,Da 50 a 64
4234,Caltanissetta,CL,93100,Donna,1985-01-08,Claudia Giordano,Occasionale,Sicilia,3,40,Da 40 a 49
4235,Rovigo,RO,45100,Donna,1964-06-10,Patrizia Valentini,Occasionale,Veneto,1,60,Da 50 a 64
4236,Catanzaro,CZ,88100,Donna,1959-06-24,Chiara Parisi,Occasionale,Calabria,3,65,Oltre 64
4237,Agrigento,AG,92100,Uomo,1988-04-26,Giorgio Fontana,Occasionale,Sicilia,3,37,Da 30 a 39
4238,Foggia,FG,71100,Uomo,1989-07-02,Pietro Bianchi,Occasionale,Puglia,2,35,Da 30 a 39
4239,Grosseto,GR,58100,Uomo,1979-05-16,Giorgio Grasso,Abituale,Toscana,1,45,Da 40 a 49
4240,Pavia,PV,27100,Donna,1963-10-07,Grazia Neri,Abituale,Lombardia,1,61,Da 50 a 64
4241,Siracusa,SR,96100,Donna,1992-10-04,Teresa Villa,Abituale,Sicilia,3,32,Da 30 a 39
4242,Trieste,TS,34100,Donna,1992-02-26,Caterina Monti,Abituale,Friuli-Venezia Giulia,1,33,Da 30 a 39
4243,Campobasso,CB,86100,Uomo,1967-09-08,Pietro Mancini,Occasionale,Molise,2,57,Da 50 a 64
4244,Marsala,TP,91025,Uomo,1961-01-15,Mario Neri,Abituale,Sicilia,3,64,Da 50 a 64
4245,Padova,PD,35100,Donna,1975-10-07,Ilaria Gallo,Abituale,Veneto,1,49,Da 40 a 49
4246,Verbania,VB,28921,Donna,1993-12-27,Patrizia Amato,Abituale,Piemonte,1,31,Da 30 a 39
4247,Marsala,TP,91025,Uomo,1995-07-27,Salvatore Romano,Occasionale,Sicilia,3,29,Da 18 a 29
4248,Fermo,FM,63900,Donna,1966-03-06,Silvia Amato,Abituale,Marche,1,59,Da 50 a 64
4249,Monza,MB,20900,Donna,1971-02-26,Angela Benedetti,Abituale,Lombardia,1,54,Da 50 a 64
4250,Macerata,MC,62100,Uomo,1982-11-03,Enzo Carbone,Occasionale,Marche,1,42,Da 40 a 49
4251,Nuoro,NU,08100,Donna,1982-02-03,Francesca Arena,Occasionale,Sardegna,3,43,Da 40 a 49
4252,Vicenza,VI,36100,Uomo,1951-07-19,Daniele Rizzi,Abituale,Veneto,1,73,Oltre 64
4253,Verona,VR,37100,Donna,1999-01-08,Giovanna Mariani,Occasionale,Veneto,1,26,Da 18 a 29
4254,Teramo,TE,64100,Uomo,1950-12-16,Maurizio Bianchi,Abituale,Abruzzo,2,74,Oltre 64
4255,Barletta,BT,76121,Uomo,1953-12-17,Nicola Pellegrini,Abituale,Puglia,2,71,Oltre 64
4256,Taranto,TA,74100,Uomo,1972-01-04,Giuseppe Basile,Abituale,Puglia,2,53,Da 50 a 64
4257,Caserta,CE,81100,Donna,1954-03-05,Ilaria Testa,Occasionale,Campania,2,71,Oltre 64
4258,Arezzo,AR,52100,Uomo,1996-09-25,Giovanni Grasso,Occasionale,Toscana,1,28,Da 18 a 29
4259,Messina,ME,98100,Uomo,1982-01-29,Davide Carli,Abituale,Sicilia,3,43,Da 40 a 49
4260,Viterbo,VT,01100,Uomo,1960-04-09,Franco Giordano,Abituale,Lazio,1,65,Oltre 64
4261,Viterbo,VT,01100,Uomo,1983-03-31,Salvatore Colombo,Abituale,Lazio,1,42,Da 40 a 49
4262,Parma,PR,43100,Donna,1963-08-16,Giovanna Benedetti,Occasionale,Emilia-Romagna,1,61,Da 50 a 64
4263,Genova,GE,16100,Donna,1966-04-09,Laura Sanna,Abituale,Liguria,1,59,Da 50 a 64
4264,Mantova,MN,46100,Uomo,1951-05-26,Domenico Sorrentino,Abituale,Lombardia,1,73,Oltre 64
4265,Fermo,FM,63900,Uomo,2000-11-20,Massimo Serra,Abituale,Marche,1,24,Da 18 a 29
4266,Gela,CL,93012,Donna,1956-12-14,Carmela De Luca,Abituale,Sicilia,3,68,Oltre 64
4267,Torino,TO,10100,Uomo,1982-06-18,Fabio Colombo,Abituale,Piemonte,1,42,Da 40 a 49
4268,Lodi,LO,26900,Uomo,1971-06-29,Carmelo Bruno,Abituale,Lombardia,1,53,Da 50 a 64
4269,Perugia,PG,06100,Donna,1997-08-22,Concetta Serra,Occasionale,Umbria,1,27,Da 18 a 29
4270,Roma,RM,00100,Uomo,1982-06-01,Luca Colombo,Occasionale,Lazio,1,42,Da 40 a 49
4271,Massa,MS,54100,Donna,1997-08-12,Angela Messina,Occasionale,Toscana,1,27,Da 18 a 29
4272,Torre del Greco,NA,80059,Donna,1964-10-17,Elena Gentile,Abituale,Campania,2,60,Da 50 a 64
4273,Biella,BI,13900,Uomo,1962-11-25,Mario Serra,Abituale,Piemonte,1,62,Da 50 a 64
4274,L'Aquila,AQ,67100,Uomo,1970-06-08,Fabio D'Angelo,Occasionale,Abruzzo,2,54,Da 50 a 64
4275,L'Aquila,AQ,67100,Uomo,1962-05-31,Massimo Rizzi,Occasionale,Abruzzo,2,62,Da 50 a 64
4276,Siena,SI,53100,Uomo,1970-12-21,Sergio Palumbo,Abituale,Toscana,1,54,Da 50 a 64
4277,Massa,MS,54100,Donna,1954-12-09,Giorgia Fabbri,Abituale,Toscana,1,70,Oltre 64
4278,Genova,GE,16100,Donna,1966-02-25,Lucia Ricci,Abituale,Liguria,1,59,Da 50 a 64
4279,Avellino,AV,83100,Uomo,1976-10-04,Domenico Monti,Abituale,Campania,2,48,Da 40 a 49
4280,Genova,GE,16100,Uomo,1986-01-12,Maurizio Mancini,Abituale,Liguria,1,39,Da 30 a 39
4281,Busto Arsizio,VA,21052,Donna,1989-10-12,Giuseppina Piras,Abituale,Lombardia,1,35,Da 30 a 39
4282,Alessandria,AL,15100,Uomo,1950-12-24,Claudio Costa,Abituale,Piemonte,1,74,Oltre 64
4283,Ancona,AN,60100,Uomo,1956-05-22,Franco Ferri,Abituale,Marche,1,68,Oltre 64
4284,Latina,LT,04100,Uomo,1950-08-22,Stefano Rossetti,Abituale,Lazio,1,74,Oltre 64
4285,Firenze,FI,50100,Donna,1971-01-24,Stefania Colombo,Abituale,Toscana,1,54,Da 50 a 64
4286,Modena,MO,41100,Uomo,1998-10-09,Daniele Carli,Abituale,Emilia-Romagna,1,26,Da 18 a 29
4287,Trento,TN,38100,Uomo,1977-02-21,Pietro Santoro,Occasionale,Trentino-Alto Adige,1,48,Da 40 a 49
4288,Verbania,VB,28921,Donna,1980-07-09,Silvia Sorrentino,Occasionale,Piemonte,1,44,Da 40 a 49
4289,Savona,SV,17100,Uomo,1983-04-12,Marco Romeo,Occasionale,Liguria,1,42,Da 40 a 49
4290,Pesaro,PU,61100,Uomo,1981-12-08,Angelo Bianco,Abituale,Marche,1,43,Da 40 a 49
4291,Asti,AT,14100,Uomo,1957-01-28,Michele Rizzo,Occasionale,Piemonte,1,68,Oltre 64
4292,Messina,ME,98100,Donna,1971-07-20,Paola Lombardo,Abituale,Sicilia,3,53,Da 50 a 64
4293,Parma,PR,43100,Donna,1977-04-20,Carmela Conte,Abituale,Emilia-Romagna,1,48,Da 40 a 49
4294,Pavia,PV,27100,Donna,1976-11-13,Silvia Vitale,Abituale,Lombardia,1,48,Da 40 a 49
4295,Viterbo,VT,01100,Donna,1956-03-18,Giovanna Villa,Occasionale,Lazio,1,69,Oltre 64
4296,Latina,LT,04100,Uomo,1954-09-05,Mario Mariani,Abituale,Lazio,1,70,Oltre 64
4297,Avellino,AV,83100,Uomo,1962-01-17,Angelo Conte,Occasionale,Campania,2,63,Da 50 a 64
4298,Ancona,AN,60100,Uomo,1952-10-06,Maurizio Lombardo,Abituale,Marche,1,72,Oltre 64
4299,L'Aquila,AQ,67100,Donna,1999-11-02,Teresa Gallo,Abituale,Abruzzo,2,25,Da 18 a 29
4300,Monza,MB,20900,Donna,1955-09-04,Patrizia Neri,Abituale,Lombardia,1,69,Oltre 64
4301,Treviso,TV,31100,Uomo,1973-05-07,Emanuele Palumbo,Abituale,Veneto,1,51,Da 50 a 64
4302,Viterbo,VT,01100,Uomo,1953-11-02,Daniele Gatti,Abituale,Lazio,1,71,Oltre 64
4303,Bologna,BO,40100,Uomo,1952-04-09,Paolo Piras,Occasionale,Emilia-Romagna,1,73,Oltre 64
4304,Busto Arsizio,VA,21052,Uomo,1997-04-10,Bruno Neri,Abituale,Lombardia,1,28,Da 18 a 29
4305,Agrigento,AG,92100,Donna,1953-03-02,Simona Ferraro,Occasionale,Sicilia,3,72,Oltre 64
4306,Aosta,AO,11100,Uomo,1956-10-12,Giovanni Grasso,Abituale,Valle d'Aosta,1,68,Oltre 64
4307,Genova,GE,16100,Donna,1963-12-17,Angela Ruggiero,Occasionale,Liguria,1,61,Da 50 a 64
4308,Nuoro,NU,08100,Uomo,1994-11-01,Giorgio Fontana,Abituale,Sardegna,3,30,Da 30 a 39
4309,Terni,TR,05100,Donna,1980-11-18,Rosa Ricci,Abituale,Umbria,1,44,Da 40 a 49
4310,Messina,ME,98100,Donna,1964-09-07,Anna Valentini,Occasionale,Sicilia,3,60,Da 50 a 64
4311,Alessandria,AL,15100,Uomo,1966-08-24,Leonardo D'Angelo,Occasionale,Piemonte,1,58,Da 50 a 64
4312,Taranto,TA,74100,Uomo,1984-06-04,Francesco De Santis,Abituale,Puglia,2,40,Da 40 a 49
4313,Chieti,CH,66100,Donna,1972-06-04,Cristina Ferrari,Abituale,Abruzzo,2,52,Da 50 a 64
4314,Pavia,PV,27100,Uomo,1969-06-02,Giorgio D'Amico,Abituale,Lombardia,1,55,Da 50 a 64
4315,Lodi,LO,26900,Donna,1997-11-16,Stefania Morelli,Abituale,Lombardia,1,27,Da 18 a 29
4316,Rieti,RI,02100,Uomo,1982-08-01,Michele Lombardo,Occasionale,Lazio,1,42,Da 40 a 49
4317,Pesaro,PU,61100,Uomo,1985-09-20,Federico D'Agostino,Occasionale,Marche,1,39,Da 30 a 39
4318,Marsala,TP,91025,Donna,1992-10-21,Rita D'Agostino,Occasionale,Sicilia,3,32,Da 30 a 39
4319,Salerno,SA,84100,Uomo,1957-03-05,Marco Giuliani,Abituale,Campania,2,68,Oltre 64
4320,Bari,BA,70100,Uomo,1964-12-23,Sergio Rizzi,Occasionale,Puglia,2,60,Da 50 a 64
4321,Torino,TO,10100,Uomo,1986-09-11,Nicola Galli,Occasionale,Piemonte,1,38,Da 30 a 39
4322,Enna,EN,94100,Donna,1994-01-03,Elisabetta Pagano,Occasionale,Sicilia,3,31,Da 30 a 39
4323,Nuoro,NU,08100,Donna,1968-09-19,Valentina Palumbo,Abituale,Sardegna,3,56,Da 50 a 64
4324,Messina,ME,98100,Donna,1980-06-18,Concetta Ferri,Abituale,Sicilia,3,44,Da 40 a 49
4325,Catanzaro,CZ,88100,Uomo,1979-07-18,Pietro Sanna,Occasionale,Calabria,3,45,Da 40 a 49
4326,Forlì,FC,47121,Donna,1954-04-14,Federica Fontana,Abituale,Emilia-Romagna,1,71,Oltre 64
4327,Imperia,IM,18100,Donna,1985-07-23,Teresa Ferrara,Occasionale,Liguria,1,39,Da 30 a 39
4328,Pesaro,PU,61100,Uomo,1953-03-13,Davide Villa,Abituale,Marche,1,72,Oltre 64
4329,Avellino,AV,83100,Uomo,1950-10-05,Andrea Parisi,Abituale,Campania,2,74,Oltre 64
4330,Verona,VR,37100,Donna,1969-06-04,Rosa Pellegrini,Abituale,Veneto,1,55,Da 50 a 64
4331,Napoli,NA,80100,Uomo,1973-09-24,Vincenzo Palumbo,Abituale,Campania,2,51,Da 50 a 64
4332,Salerno,SA,84100,Uomo,1954-08-20,Fabio Ricci,Abituale,Campania,2,70,Oltre 64
4333,Teramo,TE,64100,Donna,1957-12-22,Stefania Marchetti,Occasionale,Abruzzo,2,67,Oltre 64
4334,Brescia,BS,25100,Uomo,1969-10-23,Dario Moretti,Occasionale,Lombardia,1,55,Da 50 a 64
4335,Marsala,TP,91025,Donna,1967-07-19,Sara Benedetti,Abituale,Sicilia,3,57,Da 50 a 64
4336,Avellino,AV,83100,Donna,1967-04-11,Angela Villa,Abituale,Campania,2,58,Da 50 a 64
4337,Forlì,FC,47121,Donna,1957-07-02,Francesca Giordano,Abituale,Emilia-Romagna,1,67,Oltre 64
4338,Ravenna,RA,48100,Donna,1976-05-24,Silvia Ferretti,Occasionale,Emilia-Romagna,1,48,Da 40 a 49
4339,Taranto,TA,74100,Donna,1993-04-26,Angela Morelli,Abituale,Puglia,2,32,Da 30 a 39
4340,Agrigento,AG,92100,Uomo,1983-07-29,Stefano Carli,Occasionale,Sicilia,3,41,Da 40 a 49
4341,Modena,MO,41100,Uomo,1963-12-15,Daniele Serra,Abituale,Emilia-Romagna,1,61,Da 50 a 64
4342,Palermo,PA,90100,Donna,1985-02-09,Chiara Moretti,Occasionale,Sicilia,3,40,Da 40 a 49
4343,Milano,MI,20100,Uomo,1967-12-07,Claudio Leone,Abituale,Lombardia,1,57,Da 50 a 64
4344,Ferrara,FE,44100,Uomo,1969-06-27,Pasquale Caputo,Occasionale,Emilia-Romagna,1,55,Da 50 a 64
4345,Oristano,OR,09170,Donna,1984-06-27,Rita Coppola,Abituale,Sardegna,3,40,Da 40 a 49
4346,Taranto,TA,74100,Uomo,1960-09-02,Luigi Marino,Abituale,Puglia,2,64,Da 50 a 64
4347,Pescara,PE,65100,Uomo,1997-08-25,Carlo Romano,Abituale,Abruzzo,2,27,Da 18 a 29
4348,Ragusa,RG,97100,Uomo,1962-01-09,Riccardo Parisi,Abituale,Sicilia,3,63,Da 50 a 64
4349,Parma,PR,43100,Donna,1951-10-16,Patrizia Grassi,Abituale,Emilia-Romagna,1,73,Oltre 64
4350,Brescia,BS,25100,Donna,1972-05-31,Elisabetta Gatti,Occasionale,Lombardia,1,52,Da 50 a 64
4351,Oristano,OR,09170,Uomo,1997-01-19,Pietro Carbone,Occasionale,Sardegna,3,28,Da 18 a 29
4352,Avellino,AV,83100,Donna,1974-05-31,Grazia Neri,Abituale,Campania,2,50,Da 50 a 64
4353,Lecco,LC,23900,Uomo,1950-01-29,Leonardo Moretti,Occasionale,Lombardia,1,75,Oltre 64
4354,Asti,AT,14100,Uomo,1965-06-20,Marco Barone,Abituale,Piemonte,1,59,Da 50 a 64
4355,Brescia,BS,25100,Uomo,1996-10-30,Pasquale Monti,Occasionale,Lombardia,1,28,Da 18 a 29
4356,Crotone,KR,88900,Uomo,1987-11-26,Salvatore Greco,Abituale,Calabria,3,37,Da 30 a 39
4357,Pavia,PV,27100,Uomo,1978-03-28,Giuseppe Silvestri,Abituale,Lombardia,1,47,Da 40 a 49
4358,Oristano,OR,09170,Uomo,1958-10-15,Alessandro Rossetti,Abituale,Sardegna,3,66,Oltre 64
4359,Rimini,RN,47900,Donna,1954-01-27,Rosa Bianchi,Abituale,Emilia-Romagna,1,71,Oltre 64
4360,Caserta,CE,81100,Uomo,1977-09-25,Domenico Messina,Abituale,Campania,2,47,Da 40 a 49
4361,Massa,MS,54100,Donna,1969-10-11,Elena Pellegrini,Abituale,Toscana,1,55,Da 50 a 64
4362,Rieti,RI,02100,Uomo,1967-01-10,Massimo Bernardi,Occasionale,Lazio,1,58,Da 50 a 64
4363,Savona,SV,17100,Donna,1983-09-13,Laura Carbone,Occasionale,Liguria,1,41,Da 40 a 49
4364,Caltanissetta,CL,93100,Donna,1965-07-30,Giuseppina Conte,Abituale,Sicilia,3,59,Da 50 a 64
4365,Siracusa,SR,96100,Donna,1957-10-14,Rita Parisi,Occasionale,Sicilia,3,67,Oltre 64
4366,Pesaro,PU,61100,Uomo,1975-06-14,Francesco Messina,Abituale,Marche,1,49,Da 40 a 49
4367,Cosenza,CS,87100,Uomo,1970-09-01,Bruno Sala,Abituale,Calabria,3,54,Da 50 a 64
4368,Torre del Greco,NA,80059,Uomo,1984-08-17,Davide Esposito,Occasionale,Campania,2,40,Da 40 a 49
4369,Palermo,PA,90100,Uomo,1976-10-10,Giovanni Ferretti,Abituale,Sicilia,3,48,Da 40 a 49
4370,Siena,SI,53100,Uomo,1962-08-16,Daniele Ricci,Abituale,Toscana,1,62,Da 50 a 64
4371,Potenza,PZ,85100,Donna,1971-11-08,Margherita Caputo,Abituale,Basilicata,3,53,Da 50 a 64
4372,Arezzo,AR,52100,Donna,1966-07-11,Maria Pagano,Abituale,Toscana,1,58,Da 50 a 64
4373,Potenza,PZ,85100,Donna,1965-06-22,Antonella Fiore,Abituale,Basilicata,3,59,Da 50 a 64
4374,Lucca,LU,55100,Donna,1970-02-02,Rita Rossi,Occasionale,Toscana,1,55,Da 50 a 64
4375,Vibo Valentia,VV,89900,Donna,1998-06-20,Emanuela Mancini,Abituale,Calabria,3,26,Da 18 a 29
4376,Chieti,CH,66100,Donna,1957-10-19,Monica Romano,Occasionale,Abruzzo,2,67,Oltre 64
4377,Como,CO,22100,Donna,1992-06-30,Maria Gentile,Occasionale,Lombardia,1,32,Da 30 a 39
4378,La Spezia,SP,19100,Uomo,1986-08-15,Luigi Monti,Occasionale,Liguria,1,38,Da 30 a 39
4379,Siena,SI,53100,Donna,1987-04-18,Paola Benedetti,Abituale,Toscana,1,38,Da 30 a 39
4380,Isernia,IS,86170,Donna,1958-08-15,Valeria Barone,Abituale,Molise,2,66,Oltre 64
4381,Pesaro,PU,61100,Donna,1968-05-09,Valeria Cattaneo,Occasionale,Marche,1,56,Da 50 a 64
4382,Vibo Valentia,VV,89900,Uomo,1970-04-18,Dario Morelli,Occasionale,Calabria,3,55,Da 50 a 64
4383,Caltanissetta,CL,93100,Uomo,1983-11-19,Pietro Bellini,Abituale,Sicilia,3,41,Da 40 a 49
4384,Cremona,CR,26100,Uomo,1981-10-26,Paolo Basile,Occasionale,Lombardia,1,43,Da 40 a 49
4385,Matera,MT,75100,Uomo,1954-08-16,Angelo Rizzo,Abituale,Basilicata,3,70,Oltre 64
4386,Imperia,IM,18100,Donna,1990-04-06,Carmela Conte,Abituale,Liguria,1,35,Da 30 a 39
4387,Novara,NO,28100,Donna,1974-09-09,Stefania Mazza,Abituale,Piemonte,1,50,Da 50 a 64
4388,Andria,BT,76123,Uomo,1976-03-17,Salvatore Rizzi,Abituale,Puglia,2,49,Da 40 a 49
4389,Pesaro,PU,61100,Donna,1972-04-24,Antonella Fabbri,Occasionale,Marche,1,53,Da 50 a 64
4390,Sassari,SS,07100,Uomo,1964-09-23,Carlo Benedetti,Abituale,Sardegna,3,60,Da 50 a 64
4391,Verona,VR,37100,Donna,1986-11-24,Angela Gallo,Abituale,Veneto,1,38,Da 30 a 39
4392,Vercelli,VC,13100,Uomo,1974-09-25,Roberto Conti,Abituale,Piemonte,1,50,Da 50 a 64
4393,Monza,MB,20900,Donna,1979-06-17,Valeria Giordano,Abituale,Lombardia,1,45,Da 40 a 49
4394,Bolzano,BZ,39100,Uomo,1973-04-14,Antonio Lombardi,Abituale,Trentino-Alto Adige,1,52,Da 50 a 64
4395,Terni,TR,05100,Donna,1951-02-04,Simona Galli,Occasionale,Umbria,1,74,Oltre 64
4396,Lodi,LO,26900,Donna,1995-11-23,Francesca Bianco,Abituale,Lombardia,1,29,Da 18 a 29
4397,Modena,MO,41100,Uomo,1975-10-23,Fabio Costa,Occasionale,Emilia-Romagna,1,49,Da 40 a 49
4398,Siena,SI,53100,Uomo,1960-01-16,Vincenzo Rizzo,Abituale,Toscana,1,65,Oltre 64
4399,La Spezia,SP,19100,Donna,1987-01-02,Alessandra Guerra,Abituale,Liguria,1,38,Da 30 a 39
4400,Grosseto,GR,58100,Donna,1973-04-22,Angela Ferretti,Occasionale,Toscana,1,52,Da 50 a 64
4401,Caserta,CE,81100,Uomo,1974-05-10,Claudio Gatti,Occasionale,Campania,2,50,Da 50 a 64
4402,Foggia,FG,71100,Uomo,1980-04-15,Enzo Ricci,Abituale,Puglia,2,45,Da 40 a 49
4403,Reggio Emilia,RE,42100,Uomo,1976-01-08,Daniele Caruso,Abituale,Emilia-Romagna,1,49,Da 40 a 49
4404,Pesaro,PU,61100,Uomo,1972-07-31,Domenico Benedetti,Occasionale,Marche,1,52,Da 50 a 64
4405,Rieti,RI,02100,Donna,1990-09-01,Giuseppina Pellegrini,Abituale,Lazio,1,34,Da 30 a 39
4406,Caltanissetta,CL,93100,Uomo,1957-10-29,Angelo Ferrara,Abituale,Sicilia,3,67,Oltre 64
4407,Venezia,VE,30100,Uomo,1993-01-07,Nicola Martini,Abituale,Veneto,1,32,Da 30 a 39
4408,Crotone,KR,88900,Donna,1991-04-16,Claudia D'Agostino,Abituale,Calabria,3,34,Da 30 a 39
4409,Palermo,PA,90100,Uomo,1961-10-08,Salvatore Grassi,Occasionale,Sicilia,3,63,Da 50 a 64
4410,Varese,VA,21100,Uomo,1960-12-12,Enzo De Santis,Abituale,Lombardia,1,64,Da 50 a 64
4411,Macerata,MC,62100,Donna,1993-08-26,Elisabetta Bianchi,Occasionale,Marche,1,31,Da 30 a 39
4412,Napoli,NA,80100,Donna,1960-10-15,Patrizia Arena,Occasionale,Campania,2,64,Da 50 a 64
4413,Gorizia,GO,34170,Donna,1995-12-30,Chiara Moretti,Occasionale,Friuli-Venezia Giulia,1,29,Da 18 a 29
4414,Rovigo,RO,45100,Uomo,1978-04-22,Sergio D'Angelo,Abituale,Veneto,1,47,Da 40 a 49
4415,Modena,MO,41100,Uomo,1979-03-09,Giorgio Giuliani,Abituale,Emilia-Romagna,1,46,Da 40 a 49
4416,Napoli,NA,80100,Donna,1960-04-20,Monica Bruno,Abituale,Campania,2,65,Oltre 64
4417,Piacenza,PC,29100,Donna,1981-10-26,Maria Mazza,Occasionale,Emilia-Romagna,1,43,Da 40 a 49
4418,Sesto San Giovanni,MI,20099,Donna,1961-03-29,Sara Parisi,Abituale,Lombardia,1,64,Da 50 a 64
4419,Bari,BA,70100,Donna,1987-02-04,Sara Esposito,Abituale,Puglia,2,38,Da 30 a 39
4420,Frosinone,FR,03100,Uomo,1970-07-16,Vincenzo Villa,Occasionale,Lazio,1,54,Da 50 a 64
4421,Pavia,PV,27100,Uomo,1963-10-26,Franco Bellini,Abituale,Lombardia,1,61,Da 50 a 64
4422,Cosenza,CS,87100,Donna,1980-12-21,Chiara Colombo,Abituale,Calabria,3,44,Da 40 a 49
4423,Latina,LT,04100,Uomo,1971-10-04,Federico Cattaneo,Occasionale,Lazio,1,53,Da 50 a 64
4424,Vicenza,VI,36100,Uomo,1985-10-26,Pietro Ferretti,Abituale,Veneto,1,39,Da 30 a 39
4425,Perugia,PG,06100,Donna,1998-07-30,Lucia Giordano,Abituale,Umbria,1,26,Da 18 a 29
4426,Monza,MB,20900,Uomo,1964-09-08,Alessandro Gatti,Occasionale,Lombardia,1,60,Da 50 a 64
4427,Pavia,PV,27100,Uomo,1968-07-28,Claudio Coppola,Abituale,Lombardia,1,56,Da 50 a 64
4428,Lucca,LU,55100,Donna,1954-12-10,Valeria Lombardo,Abituale,Toscana,1,70,Oltre 64
4429,Siracusa,SR,96100,Donna,1987-01-30,Cristina Parisi,Occasionale,Sicilia,3,38,Da 30 a 39
4430,Terni,TR,05100,Uomo,1974-05-25,Luigi Ricci,Abituale,Umbria,1,50,Da 50 a 64
4431,Reggio Emilia,RE,42100,Uomo,1961-10-29,Domenico Lombardo,Occasionale,Emilia-Romagna,1,63,Da 50 a 64
4432,Varese,VA,21100,Donna,1963-08-04,Roberta Martinelli,Abituale,Lombardia,1,61,Da 50 a 64
4433,Ferrara,FE,44100,Uomo,1969-07-04,Franco Gallo,Abituale,Emilia-Romagna,1,55,Da 50 a 64
4434,Brescia,BS,25100,Donna,1982-12-21,Concetta Greco,Abituale,Lombardia,1,42,Da 40 a 49
4435,Salerno,SA,84100,Donna,1950-06-02,Caterina Monti,Occasionale,Campania,2,74,Oltre 64
4436,Asti,AT,14100,Donna,1950-03-22,Claudia Martini,Abituale,Piemonte,1,75,Oltre 64
4437,Biella,BI,13900,Donna,1964-12-04,Lucia Fabbri,Abituale,Piemonte,1,60,Da 50 a 64
4438,Bologna,BO,40100,Uomo,1974-05-05,Antonio Marino,Abituale,Emilia-Romagna,1,50,Da 50 a 64
4439,Catanzaro,CZ,88100,Uomo,1950-04-28,Carmelo Carli,Occasionale,Calabria,3,74,Oltre 64
4440,Imperia,IM,18100,Uomo,1992-12-13,Emanuele Ferrara,Abituale,Liguria,1,32,Da 30 a 39
4441,Grosseto,GR,58100,Uomo,1965-09-16,Marco Fiore,Abituale,Toscana,1,59,Da 50 a 64
4442,Sesto San Giovanni,MI,20099,Uomo,1964-01-02,Giovanni Russo,Abituale,Lombardia,1,61,Da 50 a 64
4443,Matera,MT,75100,Donna,1974-05-27,Ilaria Rossetti,Occasionale,Basilicata,3,50,Da 50 a 64
4444,Gorizia,GO,34170,Uomo,1978-07-06,Angelo Donati,Abituale,Friuli-Venezia Giulia,1,46,Da 40 a 49
4445,Udine,UD,33100,Donna,1979-02-09,Margherita De Rosa,Abituale,Friuli-Venezia Giulia,1,46,Da 40 a 49
4446,Venezia,VE,30100,Uomo,1978-12-03,Paolo Bruno,Occasionale,Veneto,1,46,Da 40 a 49
4447,Siena,SI,53100,Donna,1974-11-15,Emanuela Conte,Abituale,Toscana,1,50,Da 50 a 64
4448,Varese,VA,21100,Donna,1958-02-11,Francesca Marchetti,Abituale,Lombardia,1,67,Oltre 64
4449,Savona,SV,17100,Uomo,1967-06-24,Salvatore Benedetti,Occasionale,Liguria,1,57,Da 50 a 64
4450,Novara,NO,28100,Donna,1954-11-30,Margherita Orlando,Abituale,Piemonte,1,70,Oltre 64
4451,Mantova,MN,46100,Donna,1963-04-22,Giuseppina Conti,Occasionale,Lombardia,1,62,Da 50 a 64
4452,Matera,MT,75100,Uomo,1998-03-01,Mario Rossi,Occasionale,Basilicata,3,27,Da 18 a 29
4453,Arezzo,AR,52100,Uomo,1990-09-10,Francesco Pellegrino,Occasionale,Toscana,1,34,Da 30 a 39
4454,Massa,MS,54100,Uomo,1999-09-19,Claudio De Angelis,Occasionale,Toscana,1,25,Da 18 a 29
4455,Campobasso,CB,86100,Uomo,1959-02-19,Alberto Donati,Occasionale,Molise,2,66,Oltre 64
4456,Frosinone,FR,03100,Donna,1992-11-23,Rita Orlando,Occasionale,Lazio,1,32,Da 30 a 39
4457,Firenze,FI,50100,Uomo,1954-01-31,Stefano Farina,Occasionale,Toscana,1,71,Oltre 64
4458,Pescara,PE,65100,Uomo,1975-10-23,Riccardo Silvestri,Occasionale,Abruzzo,2,49,Da 40 a 49
4459,Frosinone,FR,03100,Donna,1984-03-15,Sara Testa,Occasionale,Lazio,1,41,Da 40 a 49
4460,L'Aquila,AQ,67100,Uomo,1997-03-05,Fabio Conte,Occasionale,Abruzzo,2,28,Da 18 a 29
4461,Frosinone,FR,03100,Donna,1960-05-10,Lucia Gallo,Abituale,Lazio,1,64,Da 50 a 64
4462,Siena,SI,53100,Uomo,1958-08-11,Luca Marchetti,Occasionale,Toscana,1,66,Oltre 64
4463,Modena,MO,41100,Uomo,1971-11-27,Massimo Benedetti,Abituale,Emilia-Romagna,1,53,Da 50 a 64
4464,Taranto,TA,74100,Donna,1994-05-26,Caterina Villa,Occasionale,Puglia,2,30,Da 30 a 39
4465,Marsala,TP,91025,Donna,1967-05-06,Emanuela Conti,Occasionale,Sicilia,3,57,Da 50 a 64
4466,Salerno,SA,84100,Uomo,2000-05-02,Salvatore Romeo,Abituale,Campania,2,24,Da 18 a 29
4467,Novara,NO,28100,Donna,1995-10-14,Alessandra Piras,Occasionale,Piemonte,1,29,Da 18 a 29
4468,Savona,SV,17100,Donna,1983-01-11,Alessandra Bellini,Abituale,Liguria,1,42,Da 40 a 49
4469,Isernia,IS,86170,Donna,1960-03-22,Elena D'Agostino,Abituale,Molise,2,65,Oltre 64
4470,Cosenza,CS,87100,Uomo,1953-09-16,Antonio Ferrari,Abituale,Calabria,3,71,Oltre 64
4471,Fermo,FM,63900,Uomo,1993-02-26,Federico Ferrero,Abituale,Marche,1,32,Da 30 a 39
4472,Biella,BI,13900,Donna,1972-03-05,Emanuela Basile,Occasionale,Piemonte,1,53,Da 50 a 64
4473,Napoli,NA,80100,Donna,1970-07-09,Federica Piras,Abituale,Campania,2,54,Da 50 a 64
4474,Genova,GE,16100,Uomo,1958-11-11,Fabio Neri,Occasionale,Liguria,1,66,Oltre 64
4475,Rimini,RN,47900,Donna,1988-10-25,Alessandra Russo,Occasionale,Emilia-Romagna,1,36,Da 30 a 39
4476,Trieste,TS,34100,Uomo,1961-08-23,Luigi Romano,Occasionale,Friuli-Venezia Giulia,1,63,Da 50 a 64
4477,Pistoia,PT,51100,Uomo,1989-10-26,Claudio Pellegrino,Abituale,Toscana,1,35,Da 30 a 39
4478,Crotone,KR,88900,Uomo,1992-01-19,Federico Conte,Abituale,Calabria,3,33,Da 30 a 39
4479,Reggio Calabria,RC,89100,Donna,1956-03-25,Rita Gatti,Abituale,Calabria,3,69,Oltre 64
4480,Torre del Greco,NA,80059,Donna,1979-04-15,Grazia Arena,Abituale,Campania,2,46,Da 40 a 49
4481,Sesto San Giovanni,MI,20099,Donna,1970-05-08,Angela Franco,Abituale,Lombardia,1,54,Da 50 a 64
4482,Giugliano in Campania,NA,80014,Donna,1994-02-11,Valentina Santoro,Abituale,Campania,2,31,Da 30 a 39
4483,Brescia,BS,25100,Donna,1958-09-20,Stefania Mazza,Occasionale,Lombardia,1,66,Oltre 64
4484,Foggia,FG,71100,Donna,1966-03-02,Laura Mariani,Abituale,Puglia,2,59,Da 50 a 64
4485,Lodi,LO,26900,Uomo,1997-06-27,Marco Greco,Abituale,Lombardia,1,27,Da 18 a 29
4486,Vicenza,VI,36100,Donna,1958-09-07,Alessandra Pellegrini,Abituale,Veneto,1,66,Oltre 64
4487,Busto Arsizio,VA,21052,Uomo,1984-06-22,Nicola Guerra,Abituale,Lombardia,1,40,Da 40 a 49
4488,Vercelli,VC,13100,Donna,1950-07-25,Grazia Esposito,Abituale,Piemonte,1,74,Oltre 64
4489,Siracusa,SR,96100,Donna,1977-06-19,Lucia Conte,Occasionale,Sicilia,3,47,Da 40 a 49
4490,Busto Arsizio,VA,21052,Uomo,1987-10-20,Massimo Testa,Occasionale,Lombardia,1,37,Da 30 a 39
4491,Trieste,TS,34100,Uomo,1962-03-18,Michele Palumbo,Abituale,Friuli-Venezia Giulia,1,63,Da 50 a 64
4492,Treviso,TV,31100,Uomo,1950-10-04,Carmelo Conti,Abituale,Veneto,1,74,Oltre 64
4493,Cremona,CR,26100,Uomo,1961-05-28,Carmelo Valentini,Abituale,Lombardia,1,63,Da 50 a 64
4494,Prato,PO,59100,Uomo,1986-06-17,Claudio Mancini,Occasionale,Toscana,1,38,Da 30 a 39
4495,Vibo Valentia,VV,89900,Uomo,1952-04-08,Carlo Sala,Abituale,Calabria,3,73,Oltre 64
4496,Biella,BI,13900,Uomo,1979-12-19,Massimo Colombo,Abituale,Piemonte,1,45,Da 40 a 49
4497,Busto Arsizio,VA,21052,Donna,1961-05-31,Antonella Lombardo,Abituale,Lombardia,1,63,Da 50 a 64
4498,Asti,AT,14100,Donna,1996-12-08,Lucia Guerra,Occasionale,Piemonte,1,28,Da 18 a 29
4499,Barletta,BT,76121,Uomo,1977-01-06,Mario Esposito,Abituale,Puglia,2,48,Da 40 a 49
4500,Potenza,PZ,85100,Uomo,1982-02-22,Giovanni D'Angelo,Abituale,Basilicata,3,43,Da 40 a 49
4501,Torre del Greco,NA,80059,Uomo,1964-11-20,Pasquale Rossetti,Occasionale,Campania,2,60,Da 50 a 64
4502,Sassari,SS,07100,Uomo,1983-09-07,Dario Galli,Abituale,Sardegna,3,41,Da 40 a 49
4503,Vercelli,VC,13100,Uomo,1958-05-04,Andrea Pellegrini,Abituale,Piemonte,1,66,Oltre 64
4504,Lecce,LE,73100,Donna,1970-09-15,Elisa Rossi,Occasionale,Puglia,2,54,Da 50 a 64
4505,Viterbo,VT,01100,Donna,1993-12-08,Monica Lombardi,Occasionale,Lazio,1,31,Da 30 a 39
4506,Viterbo,VT,01100,Uomo,1966-02-20,Emanuele Benedetti,Abituale,Lazio,1,59,Da 50 a 64
4507,Livorno,LI,57100,Donna,1978-03-13,Laura Rossi,Abituale,Toscana,1,47,Da 40 a 49
4508,Lodi,LO,26900,Uomo,1996-06-08,Carlo Palumbo,Occasionale,Lombardia,1,28,Da 18 a 29
4509,Modena,MO,41100,Uomo,1950-05-17,Claudio Ruggiero,Abituale,Emilia-Romagna,1,74,Oltre 64
4510,Prato,PO,59100,Uomo,1957-09-30,Paolo Ruggiero,Abituale,Toscana,1,67,Oltre 64
4511,Aosta,AO,11100,Uomo,1957-09-12,Bruno Moretti,Occasionale,Valle d'Aosta,1,67,Oltre 64
4512,L'Aquila,AQ,67100,Uomo,1997-08-02,Giuseppe Monti,Occasionale,Abruzzo,2,27,Da 18 a 29
4513,Cosenza,CS,87100,Donna,2000-02-05,Margherita Carbone,Abituale,Calabria,3,25,Da 18 a 29
4514,Savona,SV,17100,Donna,1998-06-28,Carmela Fontana,Occasionale,Liguria,1,26,Da 18 a 29
4515,Venezia,VE,30100,Uomo,1992-07-07,Roberto Morelli,Abituale,Veneto,1,32,Da 30 a 39
4516,Marsala,TP,91025,Donna,1969-02-26,Cristina Fiore,Abituale,Sicilia,3,56,Da 50 a 64
4517,Lucca,LU,55100,Uomo,1959-02-19,Dario Mazza,Occasionale,Toscana,1,66,Oltre 64
4518,Lucca,LU,55100,Donna,1955-12-17,Margherita Neri,Abituale,Toscana,1,69,Oltre 64
4519,Cesena,FC,47521,Uomo,1984-06-22,Federico Santoro,Abituale,Emilia-Romagna,1,40,Da 40 a 49
4520,Pisa,PI,56100,Donna,1965-04-29,Elisabetta Ferretti,Abituale,Toscana,1,59,Da 50 a 64
4521,Verbania,VB,28921,Donna,1978-12-26,Giuseppina Ferretti,Abituale,Piemonte,1,46,Da 40 a 49
4522,Nuoro,NU,08100,Donna,1990-12-20,Emanuela Caputo,Abituale,Sardegna,3,34,Da 30 a 39
4523,Vibo Valentia,VV,89900,Donna,1996-04-24,Rosa Giordano,Occasionale,Calabria,3,29,Da 18 a 29
4524,Sesto San Giovanni,MI,20099,Uomo,1955-10-23,Alberto Russo,Occasionale,Lombardia,1,69,Oltre 64
4525,Viterbo,VT,01100,Uomo,1988-04-27,Roberto Orlando,Occasionale,Lazio,1,37,Da 30 a 39
4526,Bergamo,BG,24100,Uomo,1986-07-07,Davide Russo,Abituale,Lombardia,1,38,Da 30 a 39
4527,Siracusa,SR,96100,Uomo,1960-02-24,Giorgio Santoro,Abituale,Sicilia,3,65,Oltre 64
4528,Ferrara,FE,44100,Donna,1978-04-20,Roberta Bellini,Abituale,Emilia-Romagna,1,47,Da 40 a 49
4529,Torre del Greco,NA,80059,Uomo,1991-06-12,Franco Morelli,Abituale,Campania,2,33,Da 30 a 39
4530,Venezia,VE,30100,Uomo,1969-12-23,Pietro Palumbo,Abituale,Veneto,1,55,Da 50 a 64
4531,Lecco,LC,23900,Donna,1991-12-09,Lucia Giordano,Abituale,Lombardia,1,33,Da 30 a 39
4532,Trapani,TP,91100,Donna,1987-06-30,Antonella Gatti,Occasionale,Sicilia,3,37,Da 30 a 39
4533,Cremona,CR,26100,Donna,1980-12-04,Maria Santoro,Abituale,Lombardia,1,44,Da 40 a 49
4534,Aosta,AO,11100,Uomo,1950-05-21,Riccardo Martinelli,Abituale,Valle d'Aosta,1,74,Oltre 64
4535,Perugia,PG,06100,Uomo,1994-05-23,Bruno Ferraro,Occasionale,Umbria,1,30,Da 30 a 39
4536,Macerata,MC,62100,Uomo,1960-02-09,Massimo Pellegrino,Occasionale,Marche,1,65,Oltre 64
4537,Lecco,LC,23900,Donna,1984-04-12,Carmela Morelli,Abituale,Lombardia,1,41,Da 40 a 49
4538,Alessandria,AL,15100,Donna,1959-10-09,Paola Leone,Abituale,Piemonte,1,65,Oltre 64
4539,Roma,RM,00100,Uomo,1962-10-17,Antonio Rizzo,Occasionale,Lazio,1,62,Da 50 a 64
4540,Aosta,AO,11100,Donna,1981-04-24,Giuseppina Mariani,Abituale,Valle d'Aosta,1,44,Da 40 a 49
4541,Potenza,PZ,85100,Uomo,1993-05-05,Antonio D'Angelo,Occasionale,Basilicata,3,31,Da 30 a 39
4542,Cremona,CR,26100,Donna,1973-05-05,Chiara Mazza,Occasionale,Lombardia,1,51,Da 50 a 64
4543,Siena,SI,53100,Donna,1976-03-10,Chiara Fabbri,Abituale,Toscana,1,49,Da 40 a 49
4544,Frosinone,FR,03100,Uomo,1975-11-02,Alessandro Testa,Abituale,Lazio,1,49,Da 40 a 49
4545,Macerata,MC,62100,Donna,1992-04-16,Angela Gentile,Abituale,Marche,1,33,Da 30 a 39
4546,Padova,PD,35100,Uomo,1967-02-01,Dario Costa,Abituale,Veneto,1,58,Da 50 a 64
4547,Milano,MI,20100,Uomo,1987-07-16,Nicola Fiore,Abituale,Lombardia,1,37,Da 30 a 39
4548,Parma,PR,43100,Uomo,1964-03-06,Pietro Sala,Occasionale,Emilia-Romagna,1,61,Da 50 a 64
4549,Siracusa,SR,96100,Uomo,1953-01-11,Luigi Ferretti,Abituale,Sicilia,3,72,Oltre 64
4550,Imperia,IM,18100,Uomo,1986-08-23,Daniele Gatti,Occasionale,Liguria,1,38,Da 30 a 39
4551,Oristano,OR,09170,Donna,1997-06-09,Grazia Palumbo,Occasionale,Sardegna,3,27,Da 18 a 29
4552,Milano,MI,20100,Uomo,1978-02-11,Leonardo Galli,Abituale,Lombardia,1,47,Da 40 a 49
4553,Siracusa,SR,96100,Uomo,1987-06-28,Carlo Grassi,Abituale,Sicilia,3,37,Da 30 a 39
4554,Lodi,LO,26900,Uomo,1958-12-23,Enzo Arena,Abituale,Lombardia,1,66,Oltre 64
4555,Trieste,TS,34100,Donna,1989-07-03,Laura Gatti,Abituale,Friuli-Venezia Giulia,1,35,Da 30 a 39
4556,Trapani,TP,91100,Donna,1970-05-24,Valentina Sorrentino,Abituale,Sicilia,3,54,Da 50 a 64
4557,Pisa,PI,56100,Donna,1956-05-13,Angela Villa,Abituale,Toscana,1,68,Oltre 64
4558,Vibo Valentia,VV,89900,Uomo,1986-01-28,Leonardo Fabbri,Occasionale,Calabria,3,39,Da 30 a 39
4559,Cuneo,CN,12100,Uomo,1971-05-28,Federico Orlando,Abituale,Piemonte,1,53,Da 50 a 64
4560,Novara,NO,28100,Uomo,1972-10-11,Giuseppe Sorrentino,Abituale,Piemonte,1,52,Da 50 a 64
4561,Terni,TR,05100,Uomo,1953-03-19,Daniele Rizzi,Abituale,Umbria,1,72,Oltre 64
4562,Oristano,OR,09170,Uomo,1975-11-02,Carlo Morelli,Occasionale,Sardegna,3,49,Da 40 a 49
4563,Taranto,TA,74100,Donna,1983-06-02,Grazia Barbieri,Occasionale,Puglia,2,41,Da 40 a 49
4564,Cosenza,CS,87100,Uomo,1973-05-07,Enzo Palumbo,Occasionale,Calabria,3,51,Da 50 a 64
4565,Teramo,TE,64100,Uomo,1970-05-28,Alberto D'Amico,Occasionale,Abruzzo,2,54,Da 50 a 64
4566,Napoli,NA,80100,Donna,1956-08-13,Alessandra Rossetti,Abituale,Campania,2,68,Oltre 64
4567,Pavia,PV,27100,Uomo,1956-07-24,Maurizio Guerra,Abituale,Lombardia,1,68,Oltre 64
4568,Avellino,AV,83100,Donna,1961-11-21,Carmela De Santis,Abituale,Campania,2,63,Da 50 a 64
4569,Padova,PD,35100,Donna,1968-10-18,Antonella Lombardi,Abituale,Veneto,1,56,Da 50 a 64
4570,Nuoro,NU,08100,Uomo,1972-09-04,Claudio Silvestri,Abituale,Sardegna,3,52,Da 50 a 64
4571,Gela,CL,93012,Uomo,1987-09-07,Federico Ferrari,Abituale,Sicilia,3,37,Da 30 a 39
4572,Pavia,PV,27100,Uomo,1983-09-29,Luigi Palumbo,Abituale,Lombardia,1,41,Da 40 a 49
4573,Viterbo,VT,01100,Donna,1990-12-05,Valeria Grasso,Occasionale,Lazio,1,34,Da 30 a 39
4574,Avellino,AV,83100,Donna,1978-01-01,Concetta Farina,Abituale,Campania,2,47,Da 40 a 49
4575,Palermo,PA,90100,Donna,1991-10-07,Giuseppina Serra,Abituale,Sicilia,3,33,Da 30 a 39
4576,Sesto San Giovanni,MI,20099,Donna,1991-07-20,Francesca De Santis,Abituale,Lombardia,1,33,Da 30 a 39
4577,Ascoli Piceno,AP,63100,Uomo,1968-03-22,Francesco D'Amico,Occasionale,Marche,1,57,Da 50 a 64
4578,L'Aquila,AQ,67100,Uomo,1980-01-06,Luca De Rosa,Abituale,Abruzzo,2,45,Da 40 a 49
4579,Ancona,AN,60100,Uomo,1959-09-12,Carlo Ruggiero,Occasionale,Marche,1,65,Oltre 64
4580,Milano,MI,20100,Uomo,1993-02-05,Vincenzo Parisi,Occasionale,Lombardia,1,32,Da 30 a 39
4581,Siena,SI,53100,Uomo,1958-11-20,Fabio Testa,Abituale,Toscana,1,66,Oltre 64
4582,Isernia,IS,86170,Uomo,1983-05-21,Luca Basile,Occasionale,Molise,2,41,Da 40 a 49
4583,Belluno,BL,32100,Uomo,1996-11-17,Alessandro Monti,Abituale,Veneto,1,28,Da 18 a 29
4584,Milano,MI,20100,Uomo,1983-07-28,Giuseppe Fontana,Abituale,Lombardia,1,41,Da 40 a 49
4585,Brindisi,BR,72100,Donna,1990-10-08,Patrizia Donati,Abituale,Puglia,2,34,Da 30 a 39
4586,Siracusa,SR,96100,Donna,1959-03-07,Margherita Sanna,Abituale,Sicilia,3,66,Oltre 64
4587,Mantova,MN,46100,Donna,1973-10-07,Francesca Grassi,Occasionale,Lombardia,1,51,Da 50 a 64
4588,Lecco,LC,23900,Uomo,1952-12-14,Luca Gatti,Abituale,Lombardia,1,72,Oltre 64
4589,Belluno,BL,32100,Uomo,1977-09-16,Francesco Fontana,Occasionale,Veneto,1,47,Da 40 a 49
4590,Como,CO,22100,Uomo,1983-05-03,Michele Guerra,Occasionale,Lombardia,1,41,Da 40 a 49
4591,Macerata,MC,62100,Donna,1997-03-05,Simona Morelli,Abituale,Marche,1,28,Da 18 a 29
4592,Latina,LT,04100,Uomo,1980-09-06,Michele Giuliani,Occasionale,Lazio,1,44,Da 40 a 49
4593,Macerata,MC,62100,Donna,1951-06-16,Stefania Gatti,Abituale,Marche,1,73,Oltre 64
4594,Napoli,NA,80100,Donna,1972-09-01,Laura Lombardo,Abituale,Campania,2,52,Da 50 a 64
4595,Firenze,FI,50100,Donna,1991-11-07,Chiara Orlando,Abituale,Toscana,1,33,Da 30 a 39
4596,Cosenza,CS,87100,Uomo,1987-03-17,Carmelo Marchetti,Occasionale,Calabria,3,38,Da 30 a 39
4597,Lecce,LE,73100,Donna,1988-11-03,Chiara Rizzo,Occasionale,Puglia,2,36,Da 30 a 39
4598,Gela,CL,93012,Donna,1964-01-23,Silvia Galli,Abituale,Sicilia,3,61,Da 50 a 64
4599,Massa,MS,54100,Donna,1972-12-17,Sofia Carli,Abituale,Toscana,1,52,Da 50 a 64
4600,Giugliano in Campania,NA,80014,Uomo,1999-07-15,Alessandro De Santis,Occasionale,Campania,2,25,Da 18 a 29
4601,Rovigo,RO,45100,Donna,1978-02-11,Elisabetta Fiore,Abituale,Veneto,1,47,Da 40 a 49
4602,Pistoia,PT,51100,Uomo,1974-01-25,Alessandro Caputo,Occasionale,Toscana,1,51,Da 50 a 64
4603,Cosenza,CS,87100,Uomo,1955-02-13,Giovanni Rossetti,Occasionale,Calabria,3,70,Oltre 64
4604,Belluno,BL,32100,Donna,1959-06-15,Elisabetta Ruggiero,Occasionale,Veneto,1,65,Oltre 64
4605,Asti,AT,14100,Donna,1992-04-21,Patrizia Giordano,Abituale,Piemonte,1,33,Da 30 a 39
4606,Trapani,TP,91100,Uomo,1951-11-21,Angelo Ruggiero,Occasionale,Sicilia,3,73,Oltre 64
4607,L'Aquila,AQ,67100,Donna,1998-06-11,Roberta D'Angelo,Abituale,Abruzzo,2,26,Da 18 a 29
4608,Oristano,OR,09170,Uomo,1980-09-12,Michele Martini,Occasionale,Sardegna,3,44,Da 40 a 49
4609,Ancona,AN,60100,Uomo,1999-06-24,Paolo Gallo,Abituale,Marche,1,25,Da 18 a 29
4610,Rovigo,RO,45100,Uomo,1964-09-03,Alessandro Romeo,Abituale,Veneto,1,60,Da 50 a 64
4611,Salerno,SA,84100,Uomo,1983-02-04,Paolo Benedetti,Occasionale,Campania,2,42,Da 40 a 49
4612,Viterbo,VT,01100,Uomo,1974-03-19,Pietro Ferri,Abituale,Lazio,1,51,Da 50 a 64
4613,Mantova,MN,46100,Donna,1985-12-08,Laura Piras,Abituale,Lombardia,1,39,Da 30 a 39
4614,Milano,MI,20100,Donna,1963-11-27,Stefania Carli,Abituale,Lombardia,1,61,Da 50 a 64
4615,Lecce,LE,73100,Donna,1997-07-08,Alessandra Moretti,Occasionale,Puglia,2,27,Da 18 a 29
4616,L'Aquila,AQ,67100,Donna,1956-02-22,Chiara Silvestri,Abituale,Abruzzo,2,69,Oltre 64
4617,Livorno,LI,57100,Uomo,1975-05-24,Giovanni Amato,Occasionale,Toscana,1,49,Da 40 a 49
4618,Andria,BT,76123,Donna,1969-10-23,Lucia Villa,Abituale,Puglia,2,55,Da 50 a 64
4619,Frosinone,FR,03100,Donna,1976-10-31,Laura Carbone,Occasionale,Lazio,1,48,Da 40 a 49
4620,Fermo,FM,63900,Uomo,1972-09-23,Maurizio Ferrero,Occasionale,Marche,1,52,Da 50 a 64
4621,Enna,EN,94100,Donna,1984-08-26,Federica Giuliani,Abituale,Sicilia,3,40,Da 40 a 49
4622,Novara,NO,28100,Uomo,1995-03-19,Vincenzo Carli,Occasionale,Piemonte,1,30,Da 30 a 39
4623,Aosta,AO,11100,Donna,1965-07-06,Laura Moretti,Abituale,Valle d'Aosta,1,59,Da 50 a 64
4624,Latina,LT,04100,Uomo,1962-08-06,Alberto Conti,Occasionale,Lazio,1,62,Da 50 a 64
4625,Asti,AT,14100,Uomo,1979-03-21,Alberto D'Angelo,Abituale,Piemonte,1,46,Da 40 a 49
4626,Massa,MS,54100,Uomo,1962-03-18,Carlo Ferretti,Abituale,Toscana,1,63,Da 50 a 64
4627,Teramo,TE,64100,Donna,1991-11-22,Grazia Barone,Abituale,Abruzzo,2,33,Da 30 a 39
4628,Palermo,PA,90100,Uomo,1960-09-06,Maurizio De Rosa,Occasionale,Sicilia,3,64,Da 50 a 64
4629,Cuneo,CN,12100,Uomo,1950-12-20,Alberto Sorrentino,Abituale,Piemonte,1,74,Oltre 64
4630,Bologna,BO,40100,Uomo,1965-03-16,Giovanni Conte,Abituale,Emilia-Romagna,1,60,Da 50 a 64
4631,Venezia,VE,30100,Donna,1957-11-10,Paola Fiore,Occasionale,Veneto,1,67,Oltre 64
4632,Salerno,SA,84100,Donna,1966-05-29,Federica Giuliani,Abituale,Campania,2,58,Da 50 a 64
4633,Imperia,IM,18100,Uomo,1969-04-12,Davide Bruno,Abituale,Liguria,1,56,Da 50 a 64
4634,Sassari,SS,07100,Uomo,1980-06-30,Michele Valentini,Occasionale,Sardegna,3,44,Da 40 a 49
4635,Cagliari,CA,09100,Uomo,1969-06-10,Carmelo Giordano,Abituale,Sardegna,3,55,Da 50 a 64
4636,Arezzo,AR,52100,Donna,1987-05-28,Patrizia Sala,Abituale,Toscana,1,37,Da 30 a 39
4637,Salerno,SA,84100,Donna,1997-03-05,Chiara Silvestri,Abituale,Campania,2,28,Da 18 a 29
4638,Verona,VR,37100,Uomo,1965-10-19,Federico Mariani,Occasionale,Veneto,1,59,Da 50 a 64
4639,Arezzo,AR,52100,Uomo,1969-02-17,Enzo Bernardi,Abituale,Toscana,1,56,Da 50 a 64
4640,Como,CO,22100,Uomo,1960-03-21,Federico Pellegrini,Occasionale,Lombardia,1,65,Oltre 64
4641,Pavia,PV,27100,Uomo,1976-04-04,Franco Bianco,Occasionale,Lombardia,1,49,Da 40 a 49
4642,Reggio Emilia,RE,42100,Uomo,1970-08-21,Giovanni Mancini,Abituale,Emilia-Romagna,1,54,Da 50 a 64
4643,Barletta,BT,76121,Uomo,1988-01-20,Carlo Benedetti,Abituale,Puglia,2,37,Da 30 a 39
4644,Verbania,VB,28921,Donna,1967-08-26,Cristina Orlando,Abituale,Piemonte,1,57,Da 50 a 64
4645,Reggio Calabria,RC,89100,Uomo,1953-01-19,Andrea Caputo,Occasionale,Calabria,3,72,Oltre 64
4646,Taranto,TA,74100,Uomo,1974-06-28,Carlo Benedetti,Abituale,Puglia,2,50,Da 50 a 64
4647,Agrigento,AG,92100,Donna,1977-05-31,Emanuela Romeo,Abituale,Sicilia,3,47,Da 40 a 49
4648,Macerata,MC,62100,Donna,1996-02-20,Valentina Basile,Occasionale,Marche,1,29,Da 18 a 29
4649,Biella,BI,13900,Uomo,1980-01-29,Alessandro Lombardo,Abituale,Piemonte,1,45,Da 40 a 49
4650,Roma,RM,00100,Uomo,1977-09-27,Maurizio Guerra,Abituale,Lazio,1,47,Da 40 a 49
4651,Siena,SI,53100,Donna,1971-01-21,Margherita Fiore,Abituale,Toscana,1,54,Da 50 a 64
4652,Bologna,BO,40100,Uomo,1976-04-20,Sergio Martinelli,Abituale,Emilia-Romagna,1,49,Da 40 a 49
4653,Rimini,RN,47900,Donna,1998-03-10,Elena Fontana,Occasionale,Emilia-Romagna,1,27,Da 18 a 29
4654,Reggio Calabria,RC,89100,Uomo,1967-10-22,Carlo Rossi,Abituale,Calabria,3,57,Da 50 a 64
4655,Firenze,FI,50100,Uomo,1982-02-04,Riccardo Pellegrini,Abituale,Toscana,1,43,Da 40 a 49
4656,Reggio Emilia,RE,42100,Uomo,1956-06-10,Roberto Orlando,Abituale,Emilia-Romagna,1,68,Oltre 64
4657,Catanzaro,CZ,88100,Uomo,1993-06-11,Luigi Farina,Occasionale,Calabria,3,31,Da 30 a 39
4658,Campobasso,CB,86100,Donna,1982-09-22,Monica Morelli,Abituale,Molise,2,42,Da 40 a 49
4659,Novara,NO,28100,Donna,1991-03-02,Concetta Mariani,Abituale,Piemonte,1,34,Da 30 a 39
4660,Reggio Emilia,RE,42100,Donna,1966-01-29,Patrizia Russo,Abituale,Emilia-Romagna,1,59,Da 50 a 64
4661,Viterbo,VT,01100,Uomo,1967-10-17,Luigi Monti,Occasionale,Lazio,1,57,Da 50 a 64
4662,Livorno,LI,57100,Donna,1951-05-01,Rosa Orlando,Occasionale,Toscana,1,73,Oltre 64
4663,Prato,PO,59100,Uomo,1996-01-16,Leonardo De Angelis,Abituale,Toscana,1,29,Da 18 a 29
4664,Belluno,BL,32100,Donna,1958-06-06,Caterina Monti,Occasionale,Veneto,1,66,Oltre 64
4665,Agrigento,AG,92100,Uomo,1993-07-22,Angelo Rossi,Abituale,Sicilia,3,31,Da 30 a 39
4666,Firenze,FI,50100,Uomo,1959-11-14,Fabio Arena,Abituale,Toscana,1,65,Oltre 64
4667,Udine,UD,33100,Donna,1960-11-17,Giulia Fabbri,Abituale,Friuli-Venezia Giulia,1,64,Da 50 a 64
4668,Messina,ME,98100,Uomo,1993-08-29,Marco Costa,Abituale,Sicilia,3,31,Da 30 a 39
4669,Reggio Calabria,RC,89100,Donna,1965-02-08,Federica Gentile,Abituale,Calabria,3,60,Da 50 a 64
4670,Busto Arsizio,VA,21052,Donna,1957-08-17,Anna Pellegrini,Abituale,Lombardia,1,67,Oltre 64
4671,Reggio Calabria,RC,89100,Donna,1967-02-16,Carmela Sorrentino,Occasionale,Calabria,3,58,Da 50 a 64
4672,Forlì,FC,47121,Donna,1998-02-13,Giuseppina Fabbri,Abituale,Emilia-Romagna,1,27,Da 18 a 29
4673,Andria,BT,76123,Donna,1965-09-09,Monica Benedetti,Abituale,Puglia,2,59,Da 50 a 64
4674,Perugia,PG,06100,Donna,1982-01-02,Antonella Grasso,Abituale,Umbria,1,43,Da 40 a 49
4675,Verbania,VB,28921,Uomo,1962-02-14,Daniele Lombardo,Abituale,Piemonte,1,63,Da 50 a 64
4676,Siena,SI,53100,Uomo,1975-09-29,Bruno Ricci,Abituale,Toscana,1,49,Da 40 a 49
4677,Piacenza,PC,29100,Uomo,1952-02-27,Roberto Esposito,Abituale,Emilia-Romagna,1,73,Oltre 64
4678,Bolzano,BZ,39100,Uomo,1988-04-10,Alberto Ferrari,Abituale,Trentino-Alto Adige,1,37,Da 30 a 39
4679,Pistoia,PT,51100,Donna,1994-07-03,Valeria Fiore,Occasionale,Toscana,1,30,Da 30 a 39
4680,Caserta,CE,81100,Uomo,1987-07-28,Giuseppe Vitale,Abituale,Campania,2,37,Da 30 a 39
4681,Caserta,CE,81100,Donna,1976-07-15,Caterina Esposito,Abituale,Campania,2,48,Da 40 a 49
4682,Campobasso,CB,86100,Uomo,1960-02-08,Dario Barbieri,Abituale,Molise,2,65,Oltre 64
4683,Pavia,PV,27100,Uomo,1961-12-08,Luca Pagano,Abituale,Lombardia,1,63,Da 50 a 64
4684,Messina,ME,98100,Uomo,1996-12-02,Enzo Piras,Occasionale,Sicilia,3,28,Da 18 a 29
4685,Parma,PR,43100,Uomo,1988-03-11,Giorgio Monti,Occasionale,Emilia-Romagna,1,37,Da 30 a 39
4686,Foggia,FG,71100,Donna,1961-08-05,Giovanna Basile,Abituale,Puglia,2,63,Da 50 a 64
4687,Roma,RM,00100,Uomo,1953-12-22,Emanuele Martinelli,Abituale,Lazio,1,71,Oltre 64
4688,Viterbo,VT,01100,Uomo,1993-10-21,Giovanni Guerra,Occasionale,Lazio,1,31,Da 30 a 39
4689,Pavia,PV,27100,Donna,1980-03-25,Giulia Farina,Abituale,Lombardia,1,45,Da 40 a 49
4690,Avellino,AV,83100,Donna,1958-08-01,Valentina Amato,Occasionale,Campania,2,66,Oltre 64
4691,Lecce,LE,73100,Donna,1976-01-31,Maria Pellegrino,Occasionale,Puglia,2,49,Da 40 a 49
4692,Nuoro,NU,08100,Uomo,1999-11-12,Stefano Leone,Abituale,Sardegna,3,25,Da 18 a 29
4693,Messina,ME,98100,Donna,1968-09-02,Silvia Rizzi,Abituale,Sicilia,3,56,Da 50 a 64
4694,Ravenna,RA,48100,Donna,1952-02-07,Sofia Villa,Abituale,Emilia-Romagna,1,73,Oltre 64
4695,Parma,PR,43100,Uomo,1997-12-30,Giovanni Ferrara,Abituale,Emilia-Romagna,1,27,Da 18 a 29
4696,Pordenone,PN,33170,Donna,1996-12-15,Giorgia Bruno,Occasionale,Friuli-Venezia Giulia,1,28,Da 18 a 29
4697,Campobasso,CB,86100,Donna,1987-11-02,Francesca Vitale,Occasionale,Molise,2,37,Da 30 a 39
4698,Savona,SV,17100,Uomo,1951-03-12,Carmelo Gentile,Occasionale,Liguria,1,74,Oltre 64
4699,Brescia,BS,25100,Uomo,1991-08-05,Giovanni Grassi,Abituale,Lombardia,1,33,Da 30 a 39
4700,Lucca,LU,55100,Uomo,1951-03-18,Giovanni Ruggiero,Occasionale,Toscana,1,74,Oltre 64
4701,Vibo Valentia,VV,89900,Uomo,1997-08-23,Marco Rizzo,Occasionale,Calabria,3,27,Da 18 a 29
4702,Avellino,AV,83100,Donna,1999-07-03,Elena Galli,Abituale,Campania,2,25,Da 18 a 29
4703,Cesena,FC,47521,Uomo,1987-03-27,Marco Bruno,Abituale,Emilia-Romagna,1,38,Da 30 a 39
4704,La Spezia,SP,19100,Donna,1973-01-19,Margherita Carli,Occasionale,Liguria,1,52,Da 50 a 64
4705,Campobasso,CB,86100,Donna,1957-05-29,Antonella Mariani,Occasionale,Molise,2,67,Oltre 64
4706,Campobasso,CB,86100,Uomo,1963-10-05,Giorgio Bianchi,Abituale,Molise,2,61,Da 50 a 64
4707,Massa,MS,54100,Donna,1992-06-20,Chiara Sanna,Occasionale,Toscana,1,32,Da 30 a 39
4708,Matera,MT,75100,Uomo,1964-05-29,Giorgio Lombardo,Occasionale,Basilicata,3,60,Da 50 a 64
4709,Brindisi,BR,72100,Uomo,1957-02-10,Andrea Grasso,Abituale,Puglia,2,68,Oltre 64
4710,Barletta,BT,76121,Donna,1984-03-10,Francesca Neri,Occasionale,Puglia,2,41,Da 40 a 49
4711,Roma,RM,00100,Donna,1972-09-10,Rita Ferrero,Abituale,Lazio,1,52,Da 50 a 64
4712,Enna,EN,94100,Donna,1975-04-10,Grazia Basile,Abituale,Sicilia,3,50,Da 50 a 64
4713,Nuoro,NU,08100,Uomo,1954-02-16,Carmelo Marchetti,Abituale,Sardegna,3,71,Oltre 64
4714,Viterbo,VT,01100,Donna,2000-11-26,Lucia Carli,Abituale,Lazio,1,24,Da 18 a 29
4715,Caltanissetta,CL,93100,Uomo,1985-04-25,Davide Martinelli,Occasionale,Sicilia,3,40,Da 40 a 49
4716,Bergamo,BG,24100,Uomo,1965-02-12,Pietro Rossi,Abituale,Lombardia,1,60,Da 50 a 64
4717,Salerno,SA,84100,Donna,1960-02-01,Emanuela Gatti,Occasionale,Campania,2,65,Oltre 64
4718,Pavia,PV,27100,Donna,1996-07-01,Margherita Silvestri,Abituale,Lombardia,1,28,Da 18 a 29
4719,Monza,MB,20900,Uomo,1980-05-22,Luigi Marchetti,Abituale,Lombardia,1,44,Da 40 a 49
4720,Salerno,SA,84100,Uomo,1989-03-05,Nicola Neri,Occasionale,Campania,2,36,Da 30 a 39
4721,Pistoia,PT,51100,Donna,1986-04-17,Simona Coppola,Abituale,Toscana,1,39,Da 30 a 39
4722,Palermo,PA,90100,Donna,2000-05-11,Elisabetta Bruno,Abituale,Sicilia,3,24,Da 18 a 29
4723,Terni,TR,05100,Uomo,1975-07-07,Enzo Rossi,Occasionale,Umbria,1,49,Da 40 a 49
4724,Arezzo,AR,52100,Uomo,1959-01-27,Pietro Amato,Occasionale,Toscana,1,66,Oltre 64
4725,Caltanissetta,CL,93100,Donna,1959-04-18,Ilaria Conti,Abituale,Sicilia,3,66,Oltre 64
4726,Torino,TO,10100,Donna,1985-08-18,Angela Rizzo,Occasionale,Piemonte,1,39,Da 30 a 39
4727,Como,CO,22100,Uomo,1987-01-26,Emanuele Parisi,Abituale,Lombardia,1,38,Da 30 a 39
4728,Messina,ME,98100,Uomo,1994-03-14,Antonio Moretti,Abituale,Sicilia,3,31,Da 30 a 39
4729,Bolzano,BZ,39100,Donna,1953-12-06,Caterina Pagano,Occasionale,Trentino-Alto Adige,1,71,Oltre 64
4730,Livorno,LI,57100,Donna,1983-12-30,Giovanna Morelli,Abituale,Toscana,1,41,Da 40 a 49
4731,Alessandria,AL,15100,Uomo,1970-03-03,Francesco Bellini,Abituale,Piemonte,1,55,Da 50 a 64
4732,Campobasso,CB,86100,Donna,1992-07-06,Giuseppina Conti,Abituale,Molise,2,32,Da 30 a 39
4733,Agrigento,AG,92100,Uomo,1981-06-15,Angelo Parisi,Occasionale,Sicilia,3,43,Da 40 a 49
4734,Avellino,AV,83100,Uomo,1972-10-20,Salvatore Galli,Abituale,Campania,2,52,Da 50 a 64
4735,Isernia,IS,86170,Donna,1955-12-10,Stefania Basile,Abituale,Molise,2,69,Oltre 64
4736,Lucca,LU,55100,Donna,1961-03-20,Silvia Leone,Occasionale,Toscana,1,64,Da 50 a 64
4737,Andria,BT,76123,Uomo,1965-11-21,Paolo Lombardo,Occasionale,Puglia,2,59,Da 50 a 64
4738,Como,CO,22100,Donna,1957-03-09,Cristina Bianchi,Abituale,Lombardia,1,68,Oltre 64
4739,Pistoia,PT,51100,Donna,1987-12-12,Carmela D'Amico,Occasionale,Toscana,1,37,Da 30 a 39
4740,Asti,AT,14100,Donna,1989-05-21,Rosa Caruso,Abituale,Piemonte,1,35,Da 30 a 39
4741,Bari,BA,70100,Uomo,1965-09-19,Paolo Leone,Occasionale,Puglia,2,59,Da 50 a 64
4742,Sondrio,SO,23100,Uomo,1986-08-17,Emanuele Cattaneo,Abituale,Lombardia,1,38,Da 30 a 39
4743,Rovigo,RO,45100,Uomo,1955-11-10,Marco Ferrero,Occasionale,Veneto,1,69,Oltre 64
4744,Trento,TN,38100,Donna,1976-09-13,Roberta Bianchi,Occasionale,Trentino-Alto Adige,1,48,Da 40 a 49
4745,Mantova,MN,46100,Uomo,1999-09-13,Antonio Benedetti,Abituale,Lombardia,1,25,Da 18 a 29
4746,Perugia,PG,06100,Uomo,1957-05-31,Sergio De Luca,Abituale,Umbria,1,67,Oltre 64
4747,Reggio Emilia,RE,42100,Uomo,1992-07-30,Federico Lombardi,Occasionale,Emilia-Romagna,1,32,Da 30 a 39
4748,Novara,NO,28100,Donna,1984-04-22,Anna Villa,Abituale,Piemonte,1,41,Da 40 a 49
4749,Lodi,LO,26900,Donna,1973-10-04,Emanuela Bernardi,Abituale,Lombardia,1,51,Da 50 a 64
4750,Pordenone,PN,33170,Donna,1963-05-12,Concetta Caputo,Abituale,Friuli-Venezia Giulia,1,61,Da 50 a 64
4751,Verbania,VB,28921,Uomo,1963-01-12,Francesco Caruso,Occasionale,Piemonte,1,62,Da 50 a 64
4752,Reggio Emilia,RE,42100,Donna,1997-11-01,Valentina Carli,Abituale,Emilia-Romagna,1,27,Da 18 a 29
4753,Taranto,TA,74100,Uomo,1957-11-17,Enzo Ferrara,Occasionale,Puglia,2,67,Oltre 64
4754,Pistoia,PT,51100,Donna,1982-05-02,Cristina Benedetti,Abituale,Toscana,1,42,Da 40 a 49
4755,Nuoro,NU,08100,Donna,1981-06-30,Angela Sanna,Occasionale,Sardegna,3,43,Da 40 a 49
4756,Cuneo,CN,12100,Uomo,1977-01-08,Carlo Basile,Occasionale,Piemonte,1,48,Da 40 a 49
4757,Chieti,CH,66100,Uomo,1986-12-09,Antonio Gatti,Abituale,Abruzzo,2,38,Da 30 a 39
4758,Milano,MI,20100,Donna,1955-07-08,Rita De Rosa,Occasionale,Lombardia,1,69,Oltre 64
4759,Chieti,CH,66100,Uomo,1976-05-16,Emanuele Sala,Abituale,Abruzzo,2,48,Da 40 a 49
4760,Lodi,LO,26900,Uomo,1953-12-13,Andrea Russo,Abituale,Lombardia,1,71,Oltre 64
4761,Rieti,RI,02100,Donna,1955-08-24,Angela Rizzo,Abituale,Lazio,1,69,Oltre 64
4762,Rimini,RN,47900,Uomo,1966-03-26,Franco Russo,Abituale,Emilia-Romagna,1,59,Da 50 a 64
4763,Cagliari,CA,09100,Uomo,1957-05-11,Franco Longo,Occasionale,Sardegna,3,67,Oltre 64
4764,Vercelli,VC,13100,Donna,1962-03-29,Margherita Giuliani,Abituale,Piemonte,1,63,Da 50 a 64
4765,Catania,CT,95100,Uomo,1962-05-21,Mario De Rosa,Abituale,Sicilia,3,62,Da 50 a 64
4766,Chieti,CH,66100,Uomo,1993-04-12,Vincenzo Rizzi,Abituale,Abruzzo,2,32,Da 30 a 39
4767,Monza,MB,20900,Donna,1992-09-09,Elisabetta D'Amico,Abituale,Lombardia,1,32,Da 30 a 39
4768,Matera,MT,75100,Donna,1971-03-17,Monica Gatti,Abituale,Basilicata,3,54,Da 50 a 64
4769,Napoli,NA,80100,Donna,1981-03-09,Federica Sala,Abituale,Campania,2,44,Da 40 a 49
4770,Asti,AT,14100,Donna,1978-02-12,Alessandra Messina,Abituale,Piemonte,1,47,Da 40 a 49
4771,Padova,PD,35100,Donna,1993-12-05,Rita Fiore,Abituale,Veneto,1,31,Da 30 a 39
4772,La Spezia,SP,19100,Uomo,1957-05-17,Luca D'Angelo,Abituale,Liguria,1,67,Oltre 64
4773,Lodi,LO,26900,Uomo,1986-06-22,Claudio Carli,Abituale,Lombardia,1,38,Da 30 a 39
4774,Sondrio,SO,23100,Uomo,1953-11-24,Carlo D'Amico,Abituale,Lombardia,1,71,Oltre 64
4775,Ravenna,RA,48100,Donna,1977-10-29,Laura Piras,Abituale,Emilia-Romagna,1,47,Da 40 a 49
4776,Isernia,IS,86170,Donna,1999-05-04,Simona Conte,Abituale,Molise,2,25,Da 18 a 29
4777,Genova,GE,16100,Uomo,1952-08-10,Mario Pagano,Abituale,Liguria,1,72,Oltre 64
4778,Milano,MI,20100,Uomo,1990-10-04,Carlo Gatti,Occasionale,Lombardia,1,34,Da 30 a 39
4779,Livorno,LI,57100,Donna,1951-10-04,Ilaria Rossi,Abituale,Toscana,1,73,Oltre 64
4780,Vicenza,VI,36100,Donna,1963-04-25,Sofia Grassi,Occasionale,Veneto,1,62,Da 50 a 64
4781,Grosseto,GR,58100,Donna,1964-05-15,Valentina Giuliani,Abituale,Toscana,1,60,Da 50 a 64
4782,Lucca,LU,55100,Donna,1987-06-08,Rosa Farina,Occasionale,Toscana,1,37,Da 30 a 39
4783,Sondrio,SO,23100,Donna,1978-03-07,Roberta Rossetti,Occasionale,Lombardia,1,47,Da 40 a 49
4784,Lucca,LU,55100,Uomo,1972-06-10,Leonardo Rossi,Abituale,Toscana,1,52,Da 50 a 64
4785,Catanzaro,CZ,88100,Donna,1976-11-30,Claudia Villa,Abituale,Calabria,3,48,Da 40 a 49
4786,Agrigento,AG,92100,Donna,1981-07-16,Elena De Luca,Abituale,Sicilia,3,43,Da 40 a 49
4787,Gorizia,GO,34170,Uomo,1995-08-12,Vincenzo Longo,Occasionale,Friuli-Venezia Giulia,1,29,Da 18 a 29
4788,Fermo,FM,63900,Donna,1974-07-29,Alessandra Carbone,Abituale,Marche,1,50,Da 50 a 64
4789,Ascoli Piceno,AP,63100,Donna,1979-05-11,Rita Villa,Abituale,Marche,1,45,Da 40 a 49
4790,Sesto San Giovanni,MI,20099,Donna,1986-05-24,Caterina Ruggiero,Occasionale,Lombardia,1,38,Da 30 a 39
4791,Belluno,BL,32100,Donna,1994-07-06,Valeria Barone,Abituale,Veneto,1,30,Da 30 a 39
4792,Latina,LT,04100,Donna,1979-06-20,Giulia Ferri,Abituale,Lazio,1,45,Da 40 a 49
4793,Vicenza,VI,36100,Donna,1965-11-29,Federica Cattaneo,Abituale,Veneto,1,59,Da 50 a 64
4794,Verbania,VB,28921,Donna,1989-10-18,Paola Barone,Abituale,Piemonte,1,35,Da 30 a 39
4795,Pavia,PV,27100,Donna,2000-05-23,Sofia Basile,Abituale,Lombardia,1,24,Da 18 a 29
4796,Isernia,IS,86170,Uomo,1961-09-22,Emanuele Giordano,Abituale,Molise,2,63,Da 50 a 64
4797,Agrigento,AG,92100,Uomo,1951-02-09,Angelo Neri,Abituale,Sicilia,3,74,Oltre 64
4798,Biella,BI,13900,Donna,1966-11-15,Giuseppina Ferraro,Occasionale,Piemonte,1,58,Da 50 a 64
4799,Isernia,IS,86170,Donna,1962-09-23,Rita Martinelli,Abituale,Molise,2,62,Da 50 a 64
4800,Pavia,PV,27100,Uomo,1950-02-02,Marco Testa,Occasionale,Lombardia,1,75,Oltre 64
4801,Lecco,LC,23900,Donna,1978-12-07,Anna Benedetti,Abituale,Lombardia,1,46,Da 40 a 49
4802,Como,CO,22100,Uomo,2000-09-10,Andrea Guerra,Abituale,Lombardia,1,24,Da 18 a 29
4803,Biella,BI,13900,Uomo,1952-03-21,Marco Pagano,Occasionale,Piemonte,1,73,Oltre 64
4804,La Spezia,SP,19100,Donna,1954-05-14,Giorgia Colombo,Abituale,Liguria,1,70,Oltre 64
4805,Barletta,BT,76121,Donna,1997-06-13,Francesca De Rosa,Occasionale,Puglia,2,27,Da 18 a 29
4806,Pistoia,PT,51100,Uomo,1954-03-01,Roberto Rossi,Abituale,Toscana,1,71,Oltre 64
4807,Brescia,BS,25100,Uomo,1977-05-08,Pietro Piras,Abituale,Lombardia,1,47,Da 40 a 49
4808,Udine,UD,33100,Uomo,1952-05-06,Carlo Gentile,Occasionale,Friuli-Venezia Giulia,1,72,Oltre 64
4809,Udine,UD,33100,Donna,1953-03-17,Valentina Barone,Abituale,Friuli-Venezia Giulia,1,72,Oltre 64
4810,Caserta,CE,81100,Uomo,1986-12-25,Francesco Palumbo,Abituale,Campania,2,38,Da 30 a 39
4811,Crotone,KR,88900,Uomo,1979-05-18,Claudio Neri,Abituale,Calabria,3,45,Da 40 a 49
4812,Gorizia,GO,34170,Donna,1988-09-12,Grazia Marino,Abituale,Friuli-Venezia Giulia,1,36,Da 30 a 39
4813,Marsala,TP,91025,Uomo,1957-06-21,Fabio Ferretti,Abituale,Sicilia,3,67,Oltre 64
4814,Cesena,FC,47521,Uomo,1998-03-26,Carlo Gatti,Occasionale,Emilia-Romagna,1,27,Da 18 a 29
4815,Lodi,LO,26900,Uomo,1958-10-27,Federico Sala,Abituale,Lombardia,1,66,Oltre 64
4816,Pescara,PE,65100,Donna,1988-03-26,Caterina Serra,Abituale,Abruzzo,2,37,Da 30 a 39
4817,Cremona,CR,26100,Donna,1965-08-14,Federica Marino,Abituale,Lombardia,1,59,Da 50 a 64
4818,Asti,AT,14100,Uomo,1983-03-20,Giovanni Sanna,Occasionale,Piemonte,1,42,Da 40 a 49
4819,Sesto San Giovanni,MI,20099,Uomo,1963-03-13,Roberto Villa,Abituale,Lombardia,1,62,Da 50 a 64
4820,Sesto San Giovanni,MI,20099,Donna,1982-04-25,Anna Galli,Occasionale,Lombardia,1,43,Da 40 a 49
4821,Ferrara,FE,44100,Donna,1977-03-09,Sara Ferretti,Occasionale,Emilia-Romagna,1,48,Da 40 a 49
4822,Avellino,AV,83100,Uomo,1994-01-28,Marco Parisi,Occasionale,Campania,2,31,Da 30 a 39
4823,Modena,MO,41100,Donna,1971-03-19,Francesca Messina,Abituale,Emilia-Romagna,1,54,Da 50 a 64
4824,Perugia,PG,06100,Uomo,1963-11-05,Pasquale Grassi,Abituale,Umbria,1,61,Da 50 a 64
4825,Pistoia,PT,51100,Uomo,1983-09-05,Dario Santoro,Occasionale,Toscana,1,41,Da 40 a 49
4826,Verbania,VB,28921,Donna,1987-02-20,Grazia Guerra,Occasionale,Piemonte,1,38,Da 30 a 39
4827,Lucca,LU,55100,Donna,1973-06-25,Alessandra D'Angelo,Occasionale,Toscana,1,51,Da 50 a 64
4828,Campobasso,CB,86100,Donna,1999-07-16,Elisa Conte,Abituale,Molise,2,25,Da 18 a 29
4829,Grosseto,GR,58100,Donna,1989-12-25,Maria Mancini,Occasionale,Toscana,1,35,Da 30 a 39
4830,Savona,SV,17100,Uomo,1971-09-12,Marco Rizzi,Occasionale,Liguria,1,53,Da 50 a 64
4831,Torre del Greco,NA,80059,Donna,1958-10-12,Laura Ferraro,Abituale,Campania,2,66,Oltre 64
4832,Rovigo,RO,45100,Uomo,1980-04-11,Bruno Ruggiero,Abituale,Veneto,1,45,Da 40 a 49
4833,Grosseto,GR,58100,Uomo,1986-08-21,Francesco Pellegrino,Abituale,Toscana,1,38,Da 30 a 39
4834,Andria,BT,76123,Donna,1994-03-25,Federica Villa,Occasionale,Puglia,2,31,Da 30 a 39
4835,Imperia,IM,18100,Donna,1973-12-17,Elisa Orlando,Abituale,Liguria,1,51,Da 50 a 64
4836,Asti,AT,14100,Uomo,1984-06-05,Giuseppe Martinelli,Occasionale,Piemonte,1,40,Da 40 a 49
4837,Nuoro,NU,08100,Uomo,1976-08-21,Maurizio Marino,Abituale,Sardegna,3,48,Da 40 a 49
4838,Brescia,BS,25100,Donna,1956-09-18,Alessandra Lombardo,Abituale,Lombardia,1,68,Oltre 64
4839,Oristano,OR,09170,Donna,1962-09-16,Lucia Silvestri,Occasionale,Sardegna,3,62,Da 50 a 64
4840,Lucca,LU,55100,Donna,1985-09-15,Anna Romeo,Abituale,Toscana,1,39,Da 30 a 39
4841,Genova,GE,16100,Uomo,1953-04-01,Michele Longo,Abituale,Liguria,1,72,Oltre 64
4842,Sassari,SS,07100,Uomo,1999-01-19,Dario Bernardi,Abituale,Sardegna,3,26,Da 18 a 29
4843,Torre del Greco,NA,80059,Uomo,1999-01-13,Luigi Serra,Abituale,Campania,2,26,Da 18 a 29
4844,Lucca,LU,55100,Uomo,1990-06-10,Roberto Ferrari,Abituale,Toscana,1,34,Da 30 a 39
4845,Busto Arsizio,VA,21052,Donna,1959-08-09,Carmela Ricci,Abituale,Lombardia,1,65,Oltre 64
4846,Trento,TN,38100,Donna,1979-08-26,Roberta Caputo,Abituale,Trentino-Alto Adige,1,45,Da 40 a 49
4847,Caserta,CE,81100,Donna,1990-03-06,Margherita Mazza,Abituale,Campania,2,35,Da 30 a 39
4848,Ravenna,RA,48100,Uomo,1960-11-26,Michele Ferrari,Occasionale,Emilia-Romagna,1,64,Da 50 a 64
4849,Mantova,MN,46100,Uomo,1970-11-15,Federico Barone,Occasionale,Lombardia,1,54,Da 50 a 64
4850,Treviso,TV,31100,Uomo,1950-01-24,Carmelo Bernardi,Abituale,Veneto,1,75,Oltre 64
4851,Gela,CL,93012,Uomo,1992-08-09,Alessandro Galli,Abituale,Sicilia,3,32,Da 30 a 39
4852,Napoli,NA,80100,Uomo,1974-05-31,Leonardo Carli,Abituale,Campania,2,50,Da 50 a 64
4853,Caltanissetta,CL,93100,Donna,1995-04-05,Monica De Luca,Abituale,Sicilia,3,30,Da 30 a 39
4854,Lodi,LO,26900,Uomo,1980-05-21,Carlo Caputo,Abituale,Lombardia,1,44,Da 40 a 49
4855,Isernia,IS,86170,Uomo,1962-03-13,Emanuele Sala,Abituale,Molise,2,63,Da 50 a 64
4856,Busto Arsizio,VA,21052,Donna,1961-11-11,Rosa Leone,Abituale,Lombardia,1,63,Da 50 a 64
4857,Milano,MI,20100,Donna,1957-06-13,Stefania Sala,Occasionale,Lombardia,1,67,Oltre 64
4858,Arezzo,AR,52100,Donna,1972-01-27,Teresa Benedetti,Abituale,Toscana,1,53,Da 50 a 64
4859,Bari,BA,70100,Donna,1961-07-21,Roberta Ferraro,Abituale,Puglia,2,63,Da 50 a 64
4860,Treviso,TV,31100,Uomo,1971-11-12,Mario Franco,Abituale,Veneto,1,53,Da 50 a 64
4861,Livorno,LI,57100,Uomo,1988-03-18,Sergio Giuliani,Abituale,Toscana,1,37,Da 30 a 39
4862,Venezia,VE,30100,Donna,1974-05-14,Elisa Bianco,Abituale,Veneto,1,50,Da 50 a 64
4863,Terni,TR,05100,Uomo,1985-10-12,Davide Bernardi,Abituale,Umbria,1,39,Da 30 a 39
4864,Cosenza,CS,87100,Uomo,1983-05-16,Roberto Ferri,Abituale,Calabria,3,41,Da 40 a 49
4865,Siracusa,SR,96100,Donna,1950-05-16,Stefania Galli,Abituale,Sicilia,3,74,Oltre 64
4866,Teramo,TE,64100,Uomo,1957-08-15,Stefano Piras,Abituale,Abruzzo,2,67,Oltre 64
4867,Firenze,FI,50100,Donna,1984-03-23,Patrizia Bianco,Abituale,Toscana,1,41,Da 40 a 49
4868,Biella,BI,13900,Uomo,1960-02-04,Marco Coppola,Occasionale,Piemonte,1,65,Oltre 64
4869,Novara,NO,28100,Donna,1983-06-01,Caterina Caruso,Abituale,Piemonte,1,41,Da 40 a 49
4870,Vibo Valentia,VV,89900,Uomo,1994-12-21,Franco Longo,Occasionale,Calabria,3,30,Da 30 a 39
4871,Macerata,MC,62100,Uomo,1991-12-07,Paolo Ferretti,Abituale,Marche,1,33,Da 30 a 39
4872,Torre del Greco,NA,80059,Uomo,1982-03-06,Carmelo Rizzo,Abituale,Campania,2,43,Da 40 a 49
4873,Savona,SV,17100,Uomo,1962-02-26,Claudio Guerra,Occasionale,Liguria,1,63,Da 50 a 64
4874,Bergamo,BG,24100,Uomo,1997-07-15,Giuseppe Martini,Abituale,Lombardia,1,27,Da 18 a 29
4875,Reggio Calabria,RC,89100,Donna,1984-04-13,Grazia Gallo,Occasionale,Calabria,3,41,Da 40 a 49
4876,Teramo,TE,64100,Donna,1997-11-16,Laura Ferri,Abituale,Abruzzo,2,27,Da 18 a 29
4877,Taranto,TA,74100,Donna,1981-11-14,Elisa Vitale,Occasionale,Puglia,2,43,Da 40 a 49
4878,Pordenone,PN,33170,Donna,1968-06-29,Patrizia Gentile,Abituale,Friuli-Venezia Giulia,1,56,Da 50 a 64
4879,Potenza,PZ,85100,Uomo,1993-10-08,Angelo De Luca,Occasionale,Basilicata,3,31,Da 30 a 39
4880,Como,CO,22100,Donna,1993-08-05,Anna Morelli,Abituale,Lombardia,1,31,Da 30 a 39
4881,Matera,MT,75100,Donna,1974-10-27,Giulia Caruso,Abituale,Basilicata,3,50,Da 50 a 64
4882,Forlì,FC,47121,Donna,1963-02-07,Antonella Marino,Abituale,Emilia-Romagna,1,62,Da 50 a 64
4883,Cagliari,CA,09100,Uomo,1954-11-01,Giorgio Ferretti,Abituale,Sardegna,3,70,Oltre 64
4884,Bergamo,BG,24100,Donna,1962-06-20,Valeria Rossi,Abituale,Lombardia,1,62,Da 50 a 64
4885,Giugliano in Campania,NA,80014,Donna,1961-04-12,Maria Ferretti,Occasionale,Campania,2,64,Da 50 a 64
4886,Prato,PO,59100,Donna,1991-07-17,Antonella Palumbo,Occasionale,Toscana,1,33,Da 30 a 39
4887,Nuoro,NU,08100,Donna,1986-06-13,Elisabetta Barone,Occasionale,Sardegna,3,38,Da 30 a 39
4888,Piacenza,PC,29100,Donna,1955-09-27,Angela Monti,Abituale,Emilia-Romagna,1,69,Oltre 64
4889,Terni,TR,05100,Uomo,1995-04-08,Marco Benedetti,Abituale,Umbria,1,30,Da 30 a 39
4890,Reggio Emilia,RE,42100,Donna,1970-12-23,Rita De Angelis,Abituale,Emilia-Romagna,1,54,Da 50 a 64
4891,Bolzano,BZ,39100,Uomo,1980-09-26,Franco Caruso,Abituale,Trentino-Alto Adige,1,44,Da 40 a 49
4892,Torre del Greco,NA,80059,Donna,1965-01-23,Margherita Messina,Abituale,Campania,2,60,Da 50 a 64
4893,Gorizia,GO,34170,Donna,1972-12-10,Carmela De Santis,Occasionale,Friuli-Venezia Giulia,1,52,Da 50 a 64
4894,Caltanissetta,CL,93100,Donna,1958-08-11,Sara Ferretti,Abituale,Sicilia,3,66,Oltre 64
4895,Ragusa,RG,97100,Donna,1976-05-11,Margherita Ferrari,Abituale,Sicilia,3,48,Da 40 a 49
4896,Salerno,SA,84100,Uomo,1952-05-14,Sergio Testa,Abituale,Campania,2,72,Oltre 64
4897,La Spezia,SP,19100,Donna,1998-01-03,Carmela Marini,Abituale,Liguria,1,27,Da 18 a 29
4898,Sesto San Giovanni,MI,20099,Donna,1957-06-15,Angela Ferretti,Abituale,Lombardia,1,67,Oltre 64
4899,Como,CO,22100,Uomo,1983-09-30,Riccardo Romano,Abituale,Lombardia,1,41,Da 40 a 49
4900,Verona,VR,37100,Uomo,1966-11-18,Luca Rizzo,Abituale,Veneto,1,58,Da 50 a 64
4901,Trapani,TP,91100,Uomo,1984-12-13,Roberto Colombo,Abituale,Sicilia,3,40,Da 40 a 49
4902,Lucca,LU,55100,Donna,1971-11-16,Claudia Pellegrini,Abituale,Toscana,1,53,Da 50 a 64
4903,Teramo,TE,64100,Donna,1957-05-27,Simona Esposito,Abituale,Abruzzo,2,67,Oltre 64
4904,Alessandria,AL,15100,Uomo,1992-10-11,Roberto Neri,Abituale,Piemonte,1,32,Da 30 a 39
4905,Pavia,PV,27100,Donna,1975-02-16,Lucia Villa,Abituale,Lombardia,1,50,Da 50 a 64
4906,Bologna,BO,40100,Uomo,1968-09-22,Dario De Angelis,Abituale,Emilia-Romagna,1,56,Da 50 a 64
4907,Lucca,LU,55100,Donna,1978-12-29,Antonella Ferri,Abituale,Toscana,1,46,Da 40 a 49
4908,Firenze,FI,50100,Donna,1957-09-14,Rita Rinaldi,Occasionale,Toscana,1,67,Oltre 64
4909,Lodi,LO,26900,Uomo,1961-09-01,Francesco Ricci,Abituale,Lombardia,1,63,Da 50 a 64
4910,Agrigento,AG,92100,Uomo,1955-05-31,Alessandro Romeo,Abituale,Sicilia,3,69,Oltre 64
4911,Asti,AT,14100,Donna,1959-11-05,Sofia Russo,Abituale,Piemonte,1,65,Oltre 64
4912,Prato,PO,59100,Donna,1971-08-05,Laura Lombardi,Occasionale,Toscana,1,53,Da 50 a 64
4913,Sondrio,SO,23100,Uomo,1995-01-10,Francesco Messina,Occasionale,Lombardia,1,30,Da 30 a 39
4914,Biella,BI,13900,Donna,1950-07-19,Claudia Gallo,Abituale,Piemonte,1,74,Oltre 64
4915,Messina,ME,98100,Uomo,1955-01-03,Carmelo Villa,Abituale,Sicilia,3,70,Oltre 64
4916,Enna,EN,94100,Donna,1987-02-23,Anna Donati,Abituale,Sicilia,3,38,Da 30 a 39
4917,Monza,MB,20900,Donna,1990-05-05,Elena Gatti,Abituale,Lombardia,1,34,Da 30 a 39
4918,Vibo Valentia,VV,89900,Donna,1976-01-27,Giorgia Martini,Abituale,Calabria,3,49,Da 40 a 49
4919,Oristano,OR,09170,Donna,1992-12-21,Giorgia Ferri,Occasionale,Sardegna,3,32,Da 30 a 39
4920,Lodi,LO,26900,Donna,1993-02-18,Paola Palumbo,Abituale,Lombardia,1,32,Da 30 a 39
4921,Modena,MO,41100,Uomo,1969-11-24,Maurizio Neri,Abituale,Emilia-Romagna,1,55,Da 50 a 64
4922,Rimini,RN,47900,Uomo,1989-06-05,Andrea Galli,Occasionale,Emilia-Romagna,1,35,Da 30 a 39
4923,Brindisi,BR,72100,Uomo,1993-09-26,Maurizio Piras,Abituale,Puglia,2,31,Da 30 a 39
4924,Sassari,SS,07100,Uomo,1953-11-17,Angelo Fiore,Abituale,Sardegna,3,71,Oltre 64
4925,Torre del Greco,NA,80059,Donna,1993-03-18,Silvia Marchetti,Occasionale,Campania,2,32,Da 30 a 39
4926,Gorizia,GO,34170,Uomo,1959-04-26,Giovanni Arena,Occasionale,Friuli-Venezia Giulia,1,66,Oltre 64
4927,Torino,TO,10100,Donna,1983-10-08,Giorgia Giuliani,Abituale,Piemonte,1,41,Da 40 a 49
4928,Varese,VA,21100,Donna,1998-07-24,Sara Rossi,Abituale,Lombardia,1,26,Da 18 a 29
4929,Milano,MI,20100,Donna,1974-03-10,Lucia Grasso,Occasionale,Lombardia,1,51,Da 50 a 64
4930,Latina,LT,04100,Donna,1997-05-26,Teresa Fiore,Occasionale,Lazio,1,27,Da 18 a 29
4931,Pisa,PI,56100,Donna,1955-06-25,Giovanna Monti,Abituale,Toscana,1,69,Oltre 64
4932,Arezzo,AR,52100,Donna,1966-12-19,Elena Russo,Abituale,Toscana,1,58,Da 50 a 64
4933,Teramo,TE,64100,Uomo,1954-09-29,Alberto Barone,Occasionale,Abruzzo,2,70,Oltre 64
4934,Pisa,PI,56100,Uomo,1974-04-25,Enzo Messina,Abituale,Toscana,1,51,Da 50 a 64
4935,Potenza,PZ,85100,Donna,1979-01-28,Caterina Monti,Abituale,Basilicata,3,46,Da 40 a 49
4936,Roma,RM,00100,Uomo,1971-04-22,Andrea Gatti,Abituale,Lazio,1,54,Da 50 a 64
4937,Pistoia,PT,51100,Donna,1984-04-23,Emanuela Amato,Occasionale,Toscana,1,41,Da 40 a 49
4938,Oristano,OR,09170,Uomo,1963-03-18,Mario Bellini,Abituale,Sardegna,3,62,Da 50 a 64
4939,Lucca,LU,55100,Uomo,1957-05-03,Enzo Martinelli,Abituale,Toscana,1,67,Oltre 64
4940,Lodi,LO,26900,Donna,1952-01-13,Chiara Ferri,Abituale,Lombardia,1,73,Oltre 64
4941,Gorizia,GO,34170,Uomo,1972-01-06,Vincenzo De Rosa,Occasionale,Friuli-Venezia Giulia,1,53,Da 50 a 64
4942,Catania,CT,95100,Donna,1954-08-12,Carmela Conte,Abituale,Sicilia,3,70,Oltre 64
4943,Genova,GE,16100,Uomo,1983-06-14,Domenico Mazza,Occasionale,Liguria,1,41,Da 40 a 49
4944,Terni,TR,05100,Donna,1987-07-19,Laura Mariani,Abituale,Umbria,1,37,Da 30 a 39
4945,Perugia,PG,06100,Donna,1980-10-03,Valeria Bianchi,Abituale,Umbria,1,44,Da 40 a 49
4946,Gela,CL,93012,Donna,2000-04-24,Monica Caputo,Abituale,Sicilia,3,25,Da 18 a 29
4947,Chieti,CH,66100,Donna,1977-06-01,Silvia Bianchi,Abituale,Abruzzo,2,47,Da 40 a 49
4948,Belluno,BL,32100,Donna,1981-12-09,Emanuela Basile,Abituale,Veneto,1,43,Da 40 a 49
4949,Siracusa,SR,96100,Uomo,1991-03-02,Stefano Franco,Abituale,Sicilia,3,34,Da 30 a 39
4950,Verbania,VB,28921,Uomo,1969-07-15,Michele Gatti,Abituale,Piemonte,1,55,Da 50 a 64
4951,Vercelli,VC,13100,Donna,1953-04-20,Sara Mazza,Occasionale,Piemonte,1,72,Oltre 64
4952,Potenza,PZ,85100,Uomo,1983-09-05,Davide Barone,Abituale,Basilicata,3,41,Da 40 a 49
4953,Trieste,TS,34100,Donna,1981-10-20,Monica Vitale,Abituale,Friuli-Venezia Giulia,1,43,Da 40 a 49
4954,Vicenza,VI,36100,Uomo,1973-08-11,Mario Villa,Abituale,Veneto,1,51,Da 50 a 64
4955,Pescara,PE,65100,Donna,1965-01-19,Alessandra Ferrara,Abituale,Abruzzo,2,60,Da 50 a 64
4956,Monza,MB,20900,Donna,1951-01-13,Roberta Fiore,Abituale,Lombardia,1,74,Oltre 64
4957,Bari,BA,70100,Donna,1989-10-05,Sofia Conti,Occasionale,Puglia,2,35,Da 30 a 39
4958,Bolzano,BZ,39100,Uomo,1995-10-10,Michele Russo,Abituale,Trentino-Alto Adige,1,29,Da 18 a 29
4959,Trento,TN,38100,Donna,1985-12-27,Valeria Ferri,Abituale,Trentino-Alto Adige,1,39,Da 30 a 39
4960,Venezia,VE,30100,Uomo,1961-04-21,Luca Valentini,Occasionale,Veneto,1,64,Da 50 a 64
4961,Bologna,BO,40100,Donna,1977-02-22,Lucia Leone,Abituale,Emilia-Romagna,1,48,Da 40 a 49
4962,Trento,TN,38100,Donna,1963-04-24,Anna Galli,Abituale,Trentino-Alto Adige,1,62,Da 50 a 64
4963,Roma,RM,00100,Uomo,1954-05-17,Giovanni De Rosa,Abituale,Lazio,1,70,Oltre 64
4964,Ancona,AN,60100,Uomo,1987-11-30,Mario Sala,Abituale,Marche,1,37,Da 30 a 39
4965,Terni,TR,05100,Donna,1973-08-30,Valentina Basile,Occasionale,Umbria,1,51,Da 50 a 64
4966,Ascoli Piceno,AP,63100,Donna,1999-01-22,Carmela Gatti,Occasionale,Marche,1,26,Da 18 a 29
4967,L'Aquila,AQ,67100,Uomo,1985-11-18,Leonardo Pellegrini,Abituale,Abruzzo,2,39,Da 30 a 39
4968,Imperia,IM,18100,Donna,1973-02-20,Stefania Monti,Abituale,Liguria,1,52,Da 50 a 64
4969,Terni,TR,05100,Donna,1960-01-19,Rosa De Luca,Abituale,Umbria,1,65,Oltre 64
4970,Savona,SV,17100,Donna,1959-04-19,Chiara Conti,Abituale,Liguria,1,66,Oltre 64
4971,Forlì,FC,47121,Donna,1971-06-13,Federica Ferrero,Abituale,Emilia-Romagna,1,53,Da 50 a 64
4972,Torino,TO,10100,Donna,1986-07-29,Francesca Rizzo,Occasionale,Piemonte,1,38,Da 30 a 39
4973,Avellino,AV,83100,Uomo,1968-11-22,Enzo Palumbo,Abituale,Campania,2,56,Da 50 a 64
4974,Salerno,SA,84100,Donna,1954-03-17,Francesca Barbieri,Abituale,Campania,2,71,Oltre 64
4975,Lecce,LE,73100,Donna,1967-09-03,Laura Bianchi,Occasionale,Puglia,2,57,Da 50 a 64
4976,Novara,NO,28100,Uomo,2000-07-28,Dario Grasso,Abituale,Piemonte,1,24,Da 18 a 29
4977,Vercelli,VC,13100,Donna,1999-07-22,Elisabetta Carli,Abituale,Piemonte,1,25,Da 18 a 29
4978,Lucca,LU,55100,Uomo,1951-10-19,Stefano Russo,Abituale,Toscana,1,73,Oltre 64
4979,Sondrio,SO,23100,Uomo,2000-07-12,Pasquale Sala,Abituale,Lombardia,1,24,Da 18 a 29
4980,Gorizia,GO,34170,Uomo,1995-03-03,Marco Santoro,Occasionale,Friuli-Venezia Giulia,1,30,Da 30 a 39
4981,Torre del Greco,NA,80059,Uomo,1954-03-10,Nicola Donati,Abituale,Campania,2,71,Oltre 64
4982,Cagliari,CA,09100,Uomo,1998-08-31,Leonardo Carbone,Abituale,Sardegna,3,26,Da 18 a 29
4983,Gorizia,GO,34170,Uomo,1984-10-13,Giorgio Guerra,Abituale,Friuli-Venezia Giulia,1,40,Da 40 a 49
4984,Rieti,RI,02100,Donna,1973-02-19,Patrizia Fontana,Occasionale,Lazio,1,52,Da 50 a 64
4985,Sassari,SS,07100,Uomo,1954-02-28,Michele Sanna,Abituale,Sardegna,3,71,Oltre 64
4986,Rovigo,RO,45100,Donna,1952-01-27,Giorgia Silvestri,Abituale,Veneto,1,73,Oltre 64
4987,Viterbo,VT,01100,Uomo,1958-12-03,Riccardo Piras,Abituale,Lazio,1,66,Oltre 64
4988,Treviso,TV,31100,Uomo,1987-12-30,Enzo Mariani,Abituale,Veneto,1,37,Da 30 a 39
4989,Treviso,TV,31100,Donna,1988-08-28,Grazia De Santis,Abituale,Veneto,1,36,Da 30 a 39
4990,Pisa,PI,56100,Uomo,1965-10-06,Giovanni Giuliani,Abituale,Toscana,1,59,Da 50 a 64
4991,Mantova,MN,46100,Uomo,1981-10-24,Francesco D'Agostino,Abituale,Lombardia,1,43,Da 40 a 49
4992,Novara,NO,28100,Donna,1977-04-07,Francesca D'Angelo,Occasionale,Piemonte,1,48,Da 40 a 49
4993,Foggia,FG,71100,Uomo,1966-07-12,Nicola De Santis,Occasionale,Puglia,2,58,Da 50 a 64
4994,Reggio Emilia,RE,42100,Donna,1985-02-10,Margherita Longo,Abituale,Emilia-Romagna,1,40,Da 40 a 49
4995,Macerata,MC,62100,Uomo,1953-02-24,Alberto Lombardo,Occasionale,Marche,1,72,Oltre 64
4996,Ragusa,RG,97100,Donna,1951-06-11,Caterina Coppola,Occasionale,Sicilia,3,73,Oltre 64
4997,Massa,MS,54100,Donna,1974-03-09,Cristina Bernardi,Abituale,Toscana,1,51,Da 50 a 64
4998,Rimini,RN,47900,Donna,1997-08-05,Grazia Bianco,Abituale,Emilia-Romagna,1,27,Da 18 a 29
4999,Verona,VR,37100,Donna,1966-01-25,Simona Ricci,Abituale,Veneto,1,59,Da 50 a 64
5000,Salerno,SA,84100,Donna,1962-04-06,Grazia Sala,Abituale,Campania,2,63,Da 50 a 64
5001,Alessandria,AL,15100,Uomo,1963-08-29,Leonardo Bruno,Abituale,Piemonte,1,61,Da 50 a 64
5002,Catanzaro,CZ,88100,Uomo,1973-08-15,Vincenzo Pellegrino,Occasionale,Calabria,3,51,Da 50 a 64
5003,Alessandria,AL,15100,Donna,1958-08-25,Valeria Pellegrini,Abituale,Piemonte,1,66,Oltre 64
5004,Siracusa,SR,96100,Uomo,1987-07-05,Enzo Ruggiero,Abituale,Sicilia,3,37,Da 30 a 39
5005,Oristano,OR,09170,Uomo,1952-09-23,Emanuele Rizzo,Abituale,Sardegna,3,72,Oltre 64
5006,Bergamo,BG,24100,Donna,1953-01-07,Elena Basile,Abituale,Lombardia,1,72,Oltre 64
5007,Cuneo,CN,12100,Donna,1977-05-31,Maria Orlando,Abituale,Piemonte,1,47,Da 40 a 49
5008,Potenza,PZ,85100,Uomo,1963-12-06,Roberto Mazza,Abituale,Basilicata,3,61,Da 50 a 64
5009,Roma,RM,00100,Uomo,1998-08-17,Paolo Vitale,Abituale,Lazio,1,26,Da 18 a 29
5010,Udine,UD,33100,Donna,1979-09-22,Elena Barone,Abituale,Friuli-Venezia Giulia,1,45,Da 40 a 49
5011,Foggia,FG,71100,Donna,1950-12-18,Giuseppina Russo,Abituale,Puglia,2,74,Oltre 64
5012,Parma,PR,43100,Donna,1975-07-18,Federica Franco,Abituale,Emilia-Romagna,1,49,Da 40 a 49
5013,Vibo Valentia,VV,89900,Uomo,1958-01-13,Alberto Leone,Abituale,Calabria,3,67,Oltre 64
5014,Sesto San Giovanni,MI,20099,Uomo,1997-08-19,Alessandro D'Agostino,Abituale,Lombardia,1,27,Da 18 a 29
5015,Rovigo,RO,45100,Uomo,1956-05-23,Leonardo Marchetti,Abituale,Veneto,1,68,Oltre 64
5016,Andria,BT,76123,Uomo,1986-01-02,Marco Caruso,Abituale,Puglia,2,39,Da 30 a 39
